timestamp,transformer_id,voltage_kV,current_A,load_percentage,oil_temperature_c,winding_temperature_c,ambient_temperature_c,vibration_mm_s,dissolved_hydrogen_ppm,dissolved_methane_ppm,dissolved_acetylene_ppm,power_factor,cooling_status,weather_condition,stress_index,anomaly_flag,temp_diff_winding_oil,temp_diff_oil_ambient,apparent_power_mva,active_power_mw,c2h2_to_h2_ratio,ch4_to_h2_ratio,hour,hour_sin,hour_cos,is_peak_hours,weather_Clear,weather_Heatwave,weather_Overcast,weather_Rainy
2026-06-01 00:00:00,TX-ALPHA-01,132.42,660.31,81.28,41.56,56.68,12.01,2.478,21.16,14.79,0.48,0.903,1,Clear,21.11,0,15.12,29.55,151.45,136.76,0.0227,0.699,0,0.0,1.0,0,1,0,0,0
2026-06-01 01:00:00,TX-ALPHA-01,134.2,579.15,72.68,40.61,54.18,19.25,2.53,24.03,10.24,0.25,0.922,1,Heatwave,16.41,0,13.57,21.36,134.62,124.12,0.0104,0.4261,1,0.2588,0.9659,0,0,1,0,0
2026-06-01 02:00:00,TX-ALPHA-01,132.44,613.96,77.54,39.71,53.73,11.28,2.595,46.01,11.59,1.07,0.889,1,Clear,19.63,0,14.02,28.43,140.84,125.21,0.0233,0.2519,2,0.5,0.866,0,1,0,0,0
2026-06-01 03:00:00,TX-ALPHA-01,133.11,548.01,68.29,34.83,45.22,10.75,2.285,36.47,13.29,0.46,0.917,1,Clear,12.38,0,10.39,24.08,126.35,115.86,0.0126,0.3644,3,0.7071,0.7071,0,1,0,0,0
2026-06-01 04:00:00,TX-ALPHA-01,133.34,525.96,64.8,36.08,45.49,14.04,2.586,10.99,12.47,0.51,0.914,1,Overcast,12.15,0,9.41,22.04,121.47,111.02,0.0464,1.1347,4,0.866,0.5,0,0,0,1,0
2026-06-01 05:00:00,TX-ALPHA-01,132.54,479.06,60.69,38.29,48.08,14.84,2.605,21.1,14.69,0.22,0.931,1,Clear,9.87,0,9.79,23.45,109.98,102.39,0.0104,0.6962,5,0.9659,0.2588,0,1,0,0,0
2026-06-01 06:00:00,TX-ALPHA-01,133.36,473.55,59.17,39.51,48.16,15.3,2.414,11.2,12.11,0.34,0.904,0,Rainy,7.83,0,8.65,24.21,109.38,98.88,0.0304,1.0812,6,1.0,0.0,0,0,0,0,1
2026-06-01 07:00:00,TX-ALPHA-01,131.21,469.05,57.99,47.89,56.33,20.51,2.178,13.88,14.68,1.56,0.923,0,Clear,5.73,0,8.44,27.38,106.6,98.39,0.1124,1.0576,7,0.9659,-0.2588,0,1,0,0,0
2026-06-01 08:00:00,TX-ALPHA-01,131.41,498.17,62.63,40.57,51.12,18.81,1.923,28.21,13.42,3.05,0.934,1,Clear,7.37,0,10.55,21.76,113.39,105.91,0.1081,0.4757,8,0.866,-0.5,0,1,0,0,0
2026-06-01 09:00:00,TX-ALPHA-01,132.09,563.78,67.39,46.87,58.46,22.29,2.179,73.66,11.33,1.09,0.914,1,Clear,11.22,0,11.59,24.58,128.99,117.9,0.0148,0.1538,9,0.7071,-0.7071,1,1,0,0,0
2026-06-01 10:00:00,TX-ALPHA-01,134.11,648.21,79.29,55.6,70.19,26.04,2.812,13.1,8.5,0.92,0.894,1,Clear,30.45,0,14.59,29.56,150.57,134.61,0.0702,0.6489,10,0.5,-0.866,1,1,0,0,0
2026-06-01 11:00:00,TX-ALPHA-01,130.41,633.53,78.6,58.68,72.77,27.21,2.55,48.79,33.18,0.44,0.892,1,Rainy,30.62,0,14.09,31.47,143.1,127.65,0.009,0.6801,11,0.2588,-0.9659,1,0,0,0,1
2026-06-01 12:00:00,TX-ALPHA-01,131.51,719.19,90.16,62.4,82.21,32.3,2.649,44.11,34.17,1.41,0.877,2,Clear,45.83,0,19.81,30.1,163.82,143.67,0.032,0.7747,12,0.0,-1.0,1,1,0,0,0
2026-06-01 13:00:00,TX-ALPHA-01,134.8,608.48,75.47,60.74,73.7,32.01,2.716,15.9,24.47,1.04,0.884,1,Overcast,30.57,0,12.96,28.73,142.07,125.59,0.0654,1.539,13,-0.2588,-0.9659,0,0,0,1,0
2026-06-01 14:00:00,TX-ALPHA-01,129.95,586.95,74.33,57.84,72.65,30.96,2.646,20.48,18.32,0.74,0.946,1,Overcast,28.61,0,14.81,26.88,132.11,124.98,0.0361,0.8945,14,-0.5,-0.866,0,0,0,1,0
2026-06-01 15:00:00,TX-ALPHA-01,131.66,562.58,69.43,55.31,66.66,30.37,2.147,38.57,12.57,0.35,0.934,1,Rainy,17.76,0,11.35,24.94,128.29,119.82,0.0091,0.3259,15,-0.7071,-0.7071,0,0,0,0,1
2026-06-01 16:00:00,TX-ALPHA-01,132.35,538.32,68.3,56.03,68.78,31.42,2.643,28.18,13.35,0.48,0.952,1,Rainy,21.85,0,12.75,24.61,123.4,117.48,0.017,0.4737,16,-0.866,-0.5,0,0,0,0,1
2026-06-01 17:00:00,TX-ALPHA-01,132.86,588.04,72.09,78.9,99.53,29.69,2.649,17.06,9.18,0.89,0.949,0,Clear,59.72,1,20.63,49.21,135.32,128.42,0.0522,0.5381,17,-0.9659,-0.2588,0,1,0,0,0
2026-06-01 18:00:00,TX-ALPHA-01,129.01,463.32,57.38,53.33,62.27,26.5,2.337,37.68,10.59,0.62,0.904,0,Clear,8.22,0,8.94,26.83,103.53,93.59,0.0165,0.2811,18,-1.0,-0.0,1,1,0,0,0
2026-06-01 19:00:00,TX-ALPHA-01,130.71,398.1,48.71,43.78,49.15,23.02,2.008,11.48,10.42,2.38,0.973,0,Clear,0.05,0,5.37,20.76,90.13,87.7,0.2073,0.9077,19,-0.9659,0.2588,1,1,0,0,0
2026-06-01 20:00:00,TX-ALPHA-01,130.22,553.85,68.94,44.66,57.42,21.05,2.561,356.9,100.94,31.02,0.91,1,Overcast,39.42,1,12.76,23.61,124.92,113.68,0.0869,0.2828,20,-0.866,0.5,1,0,0,1,0
2026-06-01 21:00:00,TX-ALPHA-01,130.53,544.95,67.54,44.11,55.84,20.81,2.339,52.26,18.28,0.59,0.926,1,Clear,12.26,0,11.73,23.3,123.2,114.08,0.0113,0.3498,21,-0.7071,0.7071,1,1,0,0,0
2026-06-01 22:00:00,TX-ALPHA-01,132.66,591.19,74.03,45.24,59.64,17.82,2.44,10.35,28.21,0.46,0.905,1,Overcast,16.66,0,14.4,27.42,135.84,122.94,0.0444,2.7256,22,-0.5,0.866,0,0,0,1,0
2026-06-01 23:00:00,TX-ALPHA-01,133.22,642.73,79.55,44.74,60.65,16.01,2.754,79.86,14.38,0.57,0.895,1,Clear,22.3,0,15.91,28.73,148.31,132.74,0.0071,0.1801,23,-0.2588,0.9659,0,1,0,0,0
2026-06-02 00:00:00,TX-ALPHA-01,131.39,628.55,78.24,45.58,59.82,15.2,2.798,43.88,13.92,0.21,0.92,1,Clear,21.26,0,14.24,30.38,143.04,131.6,0.0048,0.3172,0,0.0,1.0,0,1,0,0,0
2026-06-02 01:00:00,TX-ALPHA-01,132.15,628.39,77.8,44.66,58.28,12.73,2.358,26.74,24.75,1.45,0.895,1,Clear,18.37,0,13.62,31.93,143.83,128.73,0.0542,0.9256,1,0.2588,0.9659,0,1,0,0,0
2026-06-02 02:00:00,TX-ALPHA-01,128.86,607.42,73.71,39.33,53.36,11.16,2.798,11.6,9.05,1.17,0.911,1,Rainy,18.62,0,14.03,28.17,135.57,123.5,0.1009,0.7802,2,0.5,0.866,0,0,0,0,1
2026-06-02 03:00:00,TX-ALPHA-01,129.83,533.35,68.43,36.05,48.28,11.78,2.727,18.28,36.42,0.29,0.898,1,Clear,15.11,0,12.23,24.27,119.94,107.71,0.0159,1.9923,3,0.7071,0.7071,0,1,0,0,0
2026-06-02 04:00:00,TX-ALPHA-01,133.91,1008.96,126.12,33.96,70.44,12.52,2.13,40.44,11.04,2.84,0.935,1,Clear,47.23,1,36.48,21.44,234.02,218.81,0.0702,0.273,4,0.866,0.5,0,1,0,0,0
2026-06-02 05:00:00,TX-ALPHA-01,131.29,464.7,57.82,39.74,47.94,14.73,2.546,30.04,37.62,2.75,0.906,0,Clear,7.83,0,8.2,25.01,105.67,95.74,0.0915,1.2523,5,0.9659,0.2588,0,1,0,0,0
2026-06-02 06:00:00,TX-ALPHA-01,132.69,405.99,52.05,39.07,45.96,16.63,1.869,14.52,15.24,0.23,0.879,0,Clear,1.2,0,6.89,22.44,93.31,82.02,0.0158,1.0496,6,1.0,0.0,0,1,0,0,0
2026-06-02 07:00:00,TX-ALPHA-01,131.82,481.64,59.39,44.38,52.64,17.59,2.307,17.95,26.04,0.72,0.943,0,Clear,7.32,0,8.26,26.79,109.97,103.7,0.0401,1.4507,7,0.9659,-0.2588,0,1,0,0,0
2026-06-02 08:00:00,TX-ALPHA-01,132.39,548.28,66.99,44.49,57.65,21.26,2.451,46.66,18.56,1.24,0.927,1,Clear,12.62,0,13.16,23.23,125.72,116.54,0.0266,0.3978,8,0.866,-0.5,0,1,0,0,0
2026-06-02 09:00:00,TX-ALPHA-01,130.73,509.86,64.9,46.33,53.8,23.7,2.315,36.7,12.41,1.56,0.93,1,Clear,10.58,0,7.47,22.63,115.45,107.37,0.0425,0.3381,9,0.7071,-0.7071,1,1,0,0,0
2026-06-02 10:00:00,TX-ALPHA-01,128.09,626.4,79.12,58.69,73.92,27.5,2.634,24.05,20.15,0.85,0.938,1,Overcast,32.39,0,15.23,31.19,138.97,130.35,0.0353,0.8378,10,0.5,-0.866,1,0,0,1,0
2026-06-02 11:00:00,TX-ALPHA-01,131.61,694.71,86.17,53.51,70.54,26.64,3.035,335.47,145.03,40.59,0.977,2,Clear,61.09,1,17.03,26.87,158.36,154.72,0.121,0.4323,11,0.2588,-0.9659,1,1,0,0,0
2026-06-02 12:00:00,TX-ALPHA-01,131.23,599.33,76.24,60.62,73.8,31.1,2.673,13.2,8.5,0.35,0.918,1,Clear,30.85,0,13.18,29.52,136.23,125.06,0.0265,0.6439,12,0.0,-1.0,1,1,0,0,0
2026-06-02 13:00:00,TX-ALPHA-01,132.09,597.65,77.56,58.68,73.75,29.94,2.837,11.28,32.82,2.23,0.917,1,Clear,32.56,0,15.07,28.74,136.73,125.38,0.1977,2.9096,13,-0.2588,-0.9659,0,1,0,0,0
2026-06-02 14:00:00,TX-ALPHA-01,131.2,608.48,76.78,57.62,70.42,32.74,2.855,19.31,24.51,0.23,0.912,1,Overcast,29.44,0,12.8,24.88,138.27,126.1,0.0119,1.2693,14,-0.5,-0.866,0,0,0,1,0
2026-06-02 15:00:00,TX-ALPHA-01,130.54,571.79,71.37,53.92,65.86,31.69,2.304,17.1,8.24,0.51,0.966,1,Clear,19.17,0,11.94,22.23,129.28,124.88,0.0298,0.4819,15,-0.7071,-0.7071,0,1,0,0,0
2026-06-02 16:00:00,TX-ALPHA-01,131.99,533.01,64.78,54.36,66.79,32.68,2.474,18.48,9.64,0.47,0.922,1,Overcast,17.12,0,12.43,21.68,121.85,112.35,0.0254,0.5216,16,-0.866,-0.5,0,0,0,1,0
2026-06-02 17:00:00,TX-ALPHA-01,132.04,484.79,60.44,47.44,56.75,26.77,2.163,12.63,10.48,0.47,0.909,1,Rainy,7.07,0,9.31,20.67,110.87,100.78,0.0372,0.8298,17,-0.9659,-0.2588,0,0,0,0,1
2026-06-02 18:00:00,TX-ALPHA-01,132.41,412.91,51.68,48.8,55.83,27.06,2.281,12.81,21.25,2.32,0.913,0,Overcast,2.67,0,7.03,21.74,94.7,86.46,0.1811,1.6589,18,-1.0,-0.0,1,0,0,1,0
2026-06-02 19:00:00,TX-ALPHA-01,131.15,419.0,53.63,45.58,53.18,25.71,2.104,24.15,12.09,0.9,0.928,0,Clear,2.74,0,7.6,19.87,95.18,88.33,0.0373,0.5006,19,-0.9659,0.2588,1,1,0,0,0
2026-06-02 20:00:00,TX-ALPHA-01,130.71,487.67,61.44,41.82,52.69,21.22,2.08,31.42,18.87,0.71,0.95,1,Clear,7.15,0,10.87,20.6,110.41,104.89,0.0226,0.6006,20,-0.866,0.5,1,1,0,0,0
2026-06-02 21:00:00,TX-ALPHA-01,132.73,558.66,67.86,44.13,55.29,19.62,2.539,12.68,10.15,1.55,0.916,1,Clear,13.65,0,11.16,24.51,128.43,117.64,0.1222,0.8005,21,-0.7071,0.7071,1,1,0,0,0
2026-06-02 22:00:00,TX-ALPHA-01,133.8,575.49,72.45,42.93,54.11,18.05,2.434,30.65,16.38,0.41,0.859,1,Clear,15.7,0,11.18,24.88,133.37,114.56,0.0134,0.5344,22,-0.5,0.866,0,1,0,0,0
2026-06-02 23:00:00,TX-ALPHA-01,130.67,632.53,78.71,46.05,60.07,16.0,2.537,33.7,19.61,0.81,0.925,1,Overcast,20.03,0,14.02,30.05,143.16,132.42,0.024,0.5819,23,-0.2588,0.9659,0,0,0,1,0
2026-06-03 00:00:00,TX-ALPHA-01,133.25,604.24,76.6,40.32,55.07,12.79,2.646,16.28,28.66,0.29,0.922,1,Clear,19.39,0,14.75,27.53,139.46,128.58,0.0178,1.7604,0,0.0,1.0,0,1,0,0,0
2026-06-03 01:00:00,TX-ALPHA-01,131.36,606.85,76.55,43.57,59.21,13.89,2.78,21.74,11.48,0.54,0.949,1,Rainy,20.16,0,15.64,29.68,138.07,131.03,0.0248,0.5281,1,0.2588,0.9659,0,0,0,0,1
2026-06-03 02:00:00,TX-ALPHA-01,132.98,637.32,79.73,37.83,55.49,9.87,2.661,10.27,32.68,2.35,0.928,1,Overcast,21.31,0,17.66,27.96,146.79,136.22,0.2288,3.1821,2,0.5,0.866,0,0,0,1,0
2026-06-03 03:00:00,TX-ALPHA-01,132.38,542.75,69.27,40.4,52.74,12.6,2.467,48.97,15.19,0.3,0.88,1,Rainy,14.04,0,12.34,27.8,124.45,109.52,0.0061,0.3102,3,0.7071,0.7071,0,0,0,0,1
2026-06-03 04:00:00,TX-ALPHA-01,129.46,540.31,65.63,36.11,46.24,13.41,2.05,21.56,38.29,0.54,0.915,1,Overcast,9.42,0,10.13,22.7,121.15,110.85,0.025,1.776,4,0.866,0.5,0,0,0,1,0
2026-06-03 05:00:00,TX-ALPHA-01,130.31,443.56,55.63,58.02,75.38,13.13,2.17,16.75,18.43,1.0,0.92,0,Clear,39.3,1,17.36,44.89,100.11,92.1,0.0597,1.1003,5,0.9659,0.2588,0,1,0,0,0
2026-06-03 06:00:00,TX-ALPHA-01,133.66,455.5,56.72,42.54,50.3,16.96,1.997,17.6,14.68,1.49,0.88,0,Clear,3.92,0,7.76,25.58,105.45,92.8,0.0847,0.8341,6,1.0,0.0,0,1,0,0,0
2026-06-03 07:00:00,TX-ALPHA-01,132.45,511.95,62.54,38.15,50.9,17.69,2.716,19.84,16.25,1.36,0.951,1,Clear,11.61,0,12.75,20.46,117.45,111.69,0.0685,0.8191,7,0.9659,-0.2588,0,1,0,0,0
2026-06-03 08:00:00,TX-ALPHA-01,132.77,481.17,60.51,43.38,52.91,22.13,2.494,22.04,11.51,0.37,0.962,1,Overcast,9.1,0,9.53,21.25,110.65,106.45,0.0168,0.5222,8,0.866,-0.5,0,0,0,1,0
2026-06-03 09:00:00,TX-ALPHA-01,132.21,489.6,59.98,53.32,62.98,25.56,2.292,34.66,47.45,2.51,0.946,0,Clear,10.05,0,9.66,27.76,112.12,106.07,0.0724,1.369,9,0.7071,-0.7071,1,1,0,0,0
2026-06-03 10:00:00,TX-ALPHA-01,134.04,589.47,72.72,54.1,67.76,26.28,2.561,24.7,12.91,1.59,0.93,1,Clear,23.09,0,13.66,27.82,136.85,127.27,0.0644,0.5227,10,0.5,-0.866,1,1,0,0,0
2026-06-03 11:00:00,TX-ALPHA-01,131.06,671.62,82.39,60.05,76.25,28.5,2.488,73.37,15.64,0.36,0.909,1,Clear,35.36,0,16.2,31.55,152.46,138.59,0.0049,0.2132,11,0.2588,-0.9659,1,1,0,0,0
2026-06-03 12:00:00,TX-ALPHA-01,129.96,669.13,84.23,66.15,83.86,31.7,2.946,35.94,17.05,1.55,0.89,1,Clear,45.53,0,17.71,34.45,150.62,134.05,0.0431,0.4744,12,0.0,-1.0,1,1,0,0,0
2026-06-03 13:00:00,TX-ALPHA-01,131.16,547.24,68.01,55.02,67.73,31.58,2.241,14.33,20.03,0.75,0.907,1,Rainy,18.39,0,12.71,23.44,124.32,112.76,0.0523,1.3978,13,-0.2588,-0.9659,0,0,0,0,1
2026-06-03 14:00:00,TX-ALPHA-01,129.22,564.25,71.77,64.44,79.12,41.68,2.467,29.18,19.31,2.59,0.924,1,Heatwave,26.43,0,14.68,22.76,126.29,116.69,0.0888,0.6618,14,-0.5,-0.866,0,0,1,0,0
2026-06-03 15:00:00,TX-ALPHA-01,132.45,486.99,63.02,53.36,64.18,31.6,2.125,19.64,13.07,0.55,0.929,1,Overcast,11.83,0,10.82,21.76,111.72,103.79,0.028,0.6655,15,-0.7071,-0.7071,0,0,0,1,0
2026-06-03 16:00:00,TX-ALPHA-01,133.48,557.75,70.46,57.95,71.13,29.53,2.726,31.35,23.45,1.01,0.927,1,Rainy,25.56,0,13.18,28.42,128.95,119.54,0.0322,0.748,16,-0.866,-0.5,0,0,0,0,1
2026-06-03 17:00:00,TX-ALPHA-01,132.22,482.49,60.79,51.08,58.98,30.7,2.238,11.93,23.76,0.37,0.923,1,Clear,7.72,0,7.9,20.38,110.5,101.99,0.031,1.9916,17,-0.9659,-0.2588,0,1,0,0,0
2026-06-03 18:00:00,TX-ALPHA-01,131.9,458.7,58.17,54.31,62.22,27.79,2.53,22.34,15.87,1.93,0.986,0,Clear,9.79,0,7.91,26.52,104.79,103.32,0.0864,0.7104,18,-1.0,-0.0,1,1,0,0,0
2026-06-03 19:00:00,TX-ALPHA-01,132.26,406.34,49.06,49.51,53.86,26.32,2.229,41.39,14.49,0.7,0.957,0,Clear,1.37,0,4.35,23.19,93.08,89.08,0.0169,0.3501,19,-0.9659,0.2588,1,1,0,0,0
2026-06-03 20:00:00,TX-ALPHA-01,135.9,445.53,56.5,44.46,52.96,21.47,2.084,21.09,23.81,0.2,0.9,0,Clear,4.3,0,8.5,22.99,104.87,94.38,0.0095,1.129,20,-0.866,0.5,1,1,0,0,0
2026-06-03 21:00:00,TX-ALPHA-01,129.61,570.18,70.48,44.14,55.99,19.96,2.629,23.32,56.43,1.92,0.913,1,Rainy,15.72,0,11.85,24.18,128.0,116.86,0.0823,2.4198,21,-0.7071,0.7071,1,0,0,0,1
2026-06-03 22:00:00,TX-ALPHA-01,131.29,574.87,71.11,41.87,55.0,16.82,2.582,24.9,10.93,0.78,0.916,1,Clear,15.81,0,13.13,25.05,130.73,119.75,0.0313,0.439,22,-0.5,0.866,0,1,0,0,0
2026-06-03 23:00:00,TX-ALPHA-01,132.25,571.89,71.49,42.44,56.6,15.06,2.624,10.53,35.04,1.77,0.917,1,Clear,16.28,0,14.16,27.38,131.0,120.13,0.1681,3.3276,23,-0.2588,0.9659,0,1,0,0,0
2026-06-04 00:00:00,TX-ALPHA-01,131.9,581.74,72.95,45.09,58.32,21.12,2.342,10.08,22.28,0.24,0.924,1,Heatwave,15.44,0,13.23,23.97,132.9,122.8,0.0238,2.2103,0,0.0,1.0,0,0,1,0,0
2026-06-04 01:00:00,TX-ALPHA-01,132.23,668.21,82.45,46.28,62.74,12.39,2.812,21.05,32.31,0.43,0.936,1,Clear,26.08,0,16.46,33.89,153.04,143.25,0.0204,1.5349,1,0.2588,0.9659,0,1,0,0,0
2026-06-04 02:00:00,TX-ALPHA-01,130.61,572.18,70.78,36.1,48.91,10.6,2.444,10.02,17.75,1.33,0.951,1,Clear,14.78,0,12.81,25.5,129.44,123.1,0.1327,1.7715,2,0.5,0.866,0,1,0,0,0
2026-06-04 03:00:00,TX-ALPHA-01,130.51,522.51,65.12,35.45,47.64,12.04,2.325,17.47,10.37,1.32,0.913,1,Clear,10.77,0,12.19,23.41,118.11,107.83,0.0756,0.5936,3,0.7071,0.7071,0,1,0,0,0
2026-06-04 04:00:00,TX-ALPHA-01,131.65,489.15,58.83,43.1,53.56,13.93,2.604,17.26,8.81,1.58,0.902,0,Rainy,8.78,0,10.46,29.17,111.54,100.61,0.0915,0.5104,4,0.866,0.5,0,0,0,0,1
2026-06-04 05:00:00,TX-ALPHA-01,132.13,425.86,51.77,39.26,47.35,14.79,2.248,13.92,9.69,1.82,0.904,0,Clear,2.52,0,8.09,24.47,97.46,88.1,0.1307,0.6961,5,0.9659,0.2588,0,1,0,0,0
2026-06-04 06:00:00,TX-ALPHA-01,131.48,463.28,55.97,40.79,50.37,17.52,2.38,13.35,32.31,1.2,0.887,0,Clear,5.76,0,9.58,23.27,105.5,93.58,0.0899,2.4202,6,1.0,0.0,0,1,0,0,0
2026-06-04 07:00:00,TX-ALPHA-01,131.76,446.47,57.29,43.61,51.92,17.95,2.419,46.43,49.12,0.36,0.909,0,Clear,6.77,0,8.31,25.66,101.89,92.62,0.0078,1.0579,7,0.9659,-0.2588,0,1,0,0,0
2026-06-04 08:00:00,TX-ALPHA-01,132.55,522.24,67.25,47.34,57.6,23.97,2.641,23.38,14.81,3.53,0.903,1,Clear,13.91,0,10.26,23.37,119.9,108.27,0.151,0.6334,8,0.866,-0.5,0,1,0,0,0
2026-06-04 09:00:00,TX-ALPHA-01,133.82,599.22,73.98,51.81,64.98,23.46,2.541,19.88,10.83,0.54,0.948,1,Rainy,21.38,0,13.17,28.35,138.89,131.67,0.0272,0.5448,9,0.7071,-0.7071,1,0,0,0,1
2026-06-04 10:00:00,TX-ALPHA-01,131.29,575.78,70.63,51.19,64.07,27.08,2.498,11.99,35.19,0.92,0.939,1,Overcast,18.41,0,12.88,24.11,130.93,122.94,0.0767,2.9349,10,0.5,-0.866,1,0,0,1,0
2026-06-04 11:00:00,TX-ALPHA-01,132.22,626.32,77.64,60.19,76.89,29.52,2.556,22.08,18.92,1.43,0.936,1,Clear,33.54,0,16.7,30.67,143.43,134.25,0.0648,0.8569,11,0.2588,-0.9659,1,1,0,0,0
2026-06-04 12:00:00,TX-ALPHA-01,132.98,616.81,75.14,61.24,73.52,30.39,2.763,19.53,24.36,1.84,0.911,1,Clear,30.51,0,12.28,30.85,142.07,129.43,0.0942,1.2473,12,0.0,-1.0,1,1,0,0,0
2026-06-04 13:00:00,TX-ALPHA-01,131.27,695.89,83.12,60.11,75.96,30.09,2.414,13.41,30.02,0.35,0.915,1,Clear,35.1,0,15.85,30.02,158.22,144.77,0.0261,2.2386,13,-0.2588,-0.9659,0,1,0,0,0
2026-06-04 14:00:00,TX-ALPHA-01,133.31,630.68,77.88,61.8,79.05,32.46,2.684,10.45,14.04,0.95,0.99,1,Overcast,36.24,0,17.25,29.34,145.62,144.16,0.0909,1.3435,14,-0.5,-0.866,0,0,0,1,0
2026-06-04 15:00:00,TX-ALPHA-01,130.99,473.53,62.05,53.27,62.98,30.59,2.595,23.81,20.01,0.57,0.905,1,Clear,13.08,0,9.71,22.68,107.44,97.23,0.0239,0.8404,15,-0.7071,-0.7071,0,1,0,0,0
2026-06-04 16:00:00,TX-ALPHA-01,131.7,457.97,58.31,59.31,67.84,30.53,2.305,25.84,12.49,0.61,0.966,0,Clear,13.21,0,8.53,28.78,104.47,100.92,0.0236,0.4834,16,-0.866,-0.5,0,1,0,0,0
2026-06-04 17:00:00,TX-ALPHA-01,129.89,497.07,62.83,52.77,61.25,31.13,2.199,18.93,21.28,0.33,0.933,1,Overcast,9.72,0,8.48,21.64,111.83,104.34,0.0174,1.1241,17,-0.9659,-0.2588,0,0,0,1,0
2026-06-04 18:00:00,TX-ALPHA-01,129.54,403.65,48.95,47.6,54.1,25.44,2.439,207.08,161.54,53.29,0.965,0,Clear,27.64,1,6.5,22.16,90.57,87.4,0.2573,0.7801,18,-1.0,-0.0,1,1,0,0,0
2026-06-04 19:00:00,TX-ALPHA-01,131.72,424.76,52.53,47.94,55.88,24.43,2.236,40.37,15.28,0.78,0.902,0,Overcast,2.9,0,7.94,23.51,96.91,87.41,0.0193,0.3785,19,-0.9659,0.2588,1,0,0,1,0
2026-06-04 20:00:00,TX-ALPHA-01,132.92,446.19,57.09,51.73,60.45,23.33,2.271,27.7,29.85,2.51,0.901,0,Clear,6.14,0,8.72,28.4,102.72,92.55,0.0906,1.0776,20,-0.866,0.5,1,1,0,0,0
2026-06-04 21:00:00,TX-ALPHA-01,131.33,550.52,68.73,45.97,56.89,20.57,2.571,26.13,14.01,1.04,0.926,1,Overcast,14.35,0,10.92,25.4,125.23,115.96,0.0398,0.5362,21,-0.7071,0.7071,1,0,0,1,0
2026-06-04 22:00:00,TX-ALPHA-01,132.48,604.74,75.07,45.17,58.74,16.92,2.744,15.94,21.22,1.52,0.968,1,Overcast,19.09,0,13.57,28.25,138.76,134.32,0.0954,1.3312,22,-0.5,0.866,0,0,0,1,0
2026-06-04 23:00:00,TX-ALPHA-01,132.18,607.95,77.28,42.57,56.15,16.48,2.902,18.93,11.25,0.57,0.882,1,Clear,21.32,0,13.58,26.09,139.19,122.77,0.0301,0.5943,23,-0.2588,0.9659,0,1,0,0,0
2026-06-05 00:00:00,TX-ALPHA-01,130.97,694.84,84.04,46.4,60.45,15.31,3.171,10.39,13.01,0.58,0.949,1,Overcast,27.26,0,14.05,31.09,157.62,149.58,0.0558,1.2522,0,0.0,1.0,0,0,0,1,0
2026-06-05 01:00:00,TX-ALPHA-01,133.02,655.56,81.23,46.04,61.53,15.14,2.773,11.6,15.98,0.44,0.912,1,Clear,24.12,0,15.49,30.9,151.04,137.75,0.0379,1.3776,1,0.2588,0.9659,0,1,0,0,0
2026-06-05 02:00:00,TX-ALPHA-01,133.38,618.84,79.32,43.09,57.2,12.22,2.583,13.0,21.72,0.36,0.89,1,Overcast,20.6,0,14.11,30.87,142.96,127.23,0.0277,1.6708,2,0.5,0.866,0,0,0,1,0
2026-06-05 03:00:00,TX-ALPHA-01,134.1,509.26,63.75,35.13,46.24,12.53,2.375,23.8,28.52,1.92,0.903,1,Clear,10.27,0,11.11,22.6,118.28,106.81,0.0807,1.1983,3,0.7071,0.7071,0,1,0,0,0
2026-06-05 04:00:00,TX-ALPHA-01,130.13,539.06,68.25,37.52,49.08,11.66,2.678,26.52,9.2,0.98,0.898,1,Overcast,14.71,0,11.56,25.86,121.5,109.11,0.037,0.3469,4,0.866,0.5,0,0,0,1,0
2026-06-05 05:00:00,TX-ALPHA-01,131.47,434.42,53.74,42.02,48.58,15.56,2.221,17.44,18.83,0.75,0.957,0,Clear,3.5,0,6.56,26.46,98.92,94.67,0.043,1.0797,5,0.9659,0.2588,0,1,0,0,0
2026-06-05 06:00:00,TX-ALPHA-01,134.52,486.92,61.56,40.0,49.68,16.04,2.267,11.34,34.95,0.37,0.937,1,Clear,8.35,0,9.68,23.96,113.45,106.3,0.0326,3.082,6,1.0,0.0,0,1,0,0,0
2026-06-05 07:00:00,TX-ALPHA-01,130.86,447.41,55.88,44.75,54.4,18.71,2.228,25.78,17.14,0.51,0.901,0,Overcast,4.8,0,9.65,26.04,101.41,91.37,0.0198,0.6649,7,0.9659,-0.2588,0,0,0,1,0
2026-06-05 08:00:00,TX-ALPHA-01,130.94,502.85,62.93,46.26,57.21,24.01,2.149,13.36,17.21,0.28,0.937,1,Overcast,8.43,0,10.95,22.25,114.04,106.86,0.021,1.2882,8,0.866,-0.5,0,0,0,1,0
2026-06-05 09:00:00,TX-ALPHA-01,131.2,487.06,62.64,49.34,59.76,26.17,2.573,24.66,9.12,1.33,0.922,1,Rainy,10.81,0,10.42,23.17,110.68,102.05,0.0539,0.3698,9,0.7071,-0.7071,1,0,0,0,1
2026-06-05 10:00:00,TX-ALPHA-01,130.82,607.3,77.58,62.3,76.76,35.85,2.166,23.77,16.7,2.21,0.865,1,Heatwave,26.05,0,14.46,26.45,137.61,119.03,0.093,0.7026,10,0.5,-0.866,1,0,1,0,0
2026-06-05 11:00:00,TX-ALPHA-01,131.34,653.11,80.18,64.36,80.21,36.61,2.596,17.74,10.29,1.15,0.937,1,Heatwave,33.02,0,15.85,27.75,148.57,139.21,0.0648,0.58,11,0.2588,-0.9659,1,0,1,0,0
2026-06-05 12:00:00,TX-ALPHA-01,131.96,663.37,81.9,63.42,79.31,31.96,2.412,17.63,9.9,0.57,0.962,1,Clear,37.17,0,15.89,31.46,151.62,145.86,0.0323,0.5615,12,0.0,-1.0,1,1,0,0,0
2026-06-05 13:00:00,TX-ALPHA-01,129.3,621.86,78.54,61.83,76.96,32.27,2.455,13.65,19.6,1.04,0.833,1,Clear,33.52,0,15.13,29.56,139.27,116.01,0.0762,1.4359,13,-0.2588,-0.9659,0,1,0,0,0
2026-06-05 14:00:00,TX-ALPHA-01,132.22,634.33,79.71,60.93,75.75,31.74,2.669,20.68,76.55,1.55,0.902,1,Clear,34.47,0,14.82,29.19,145.27,131.03,0.075,3.7016,14,-0.5,-0.866,0,1,0,0,0
2026-06-05 15:00:00,TX-ALPHA-01,130.43,611.15,76.65,62.02,75.8,32.26,2.346,18.02,29.09,1.26,0.916,1,Clear,30.79,0,13.78,29.76,138.07,126.47,0.0699,1.6143,15,-0.7071,-0.7071,0,1,0,0,0
2026-06-05 16:00:00,TX-ALPHA-01,131.18,411.0,50.89,53.0,60.4,29.97,2.232,11.74,17.53,0.68,0.876,0,Clear,2.24,0,7.4,23.03,93.38,81.8,0.0579,1.4932,16,-0.866,-0.5,0,1,0,0,0
2026-06-05 17:00:00,TX-ALPHA-01,133.75,443.49,56.51,52.24,60.14,27.64,1.762,33.06,34.72,2.69,0.851,0,Clear,3.92,0,7.9,24.6,102.74,87.43,0.0814,1.0502,17,-0.9659,-0.2588,0,1,0,0,0
2026-06-05 18:00:00,TX-ALPHA-01,133.02,493.55,62.3,47.22,58.22,26.27,2.381,25.19,19.42,0.26,0.985,1,Clear,9.47,0,11.0,20.95,113.71,112.0,0.0103,0.7709,18,-1.0,-0.0,1,1,0,0,0
2026-06-05 19:00:00,TX-ALPHA-01,131.66,509.41,63.56,46.43,56.22,24.69,2.604,15.28,13.16,1.39,0.927,1,Clear,11.54,0,9.79,21.74,116.17,107.69,0.091,0.8613,19,-0.9659,0.2588,1,1,0,0,0
2026-06-05 20:00:00,TX-ALPHA-01,133.49,505.44,64.13,48.35,58.76,23.42,2.304,24.32,25.88,1.03,0.877,1,Clear,10.06,0,10.41,24.93,116.86,102.49,0.0424,1.0641,20,-0.866,0.5,1,1,0,0,0
2026-06-05 21:00:00,TX-ALPHA-01,133.12,603.51,74.7,49.1,63.36,21.16,2.502,13.82,13.59,0.65,0.894,1,Overcast,20.22,0,14.26,27.94,139.15,124.4,0.047,0.9834,21,-0.7071,0.7071,1,0,0,1,0
2026-06-05 22:00:00,TX-ALPHA-01,132.46,589.3,72.64,42.34,55.28,16.73,2.564,31.1,15.41,1.68,0.946,1,Overcast,16.59,0,12.94,25.61,135.2,127.9,0.054,0.4955,22,-0.5,0.866,0,0,0,1,0
2026-06-05 23:00:00,TX-ALPHA-01,132.49,643.0,80.34,43.48,59.69,13.68,2.762,13.6,16.46,1.67,0.917,1,Clear,22.27,0,16.21,29.8,147.56,135.31,0.1228,1.2103,23,-0.2588,0.9659,0,1,0,0,0
2026-06-06 00:00:00,TX-ALPHA-01,132.85,705.65,90.41,42.62,62.52,13.63,2.962,12.62,15.43,0.21,0.943,2,Overcast,31.44,0,19.9,28.99,162.37,153.11,0.0166,1.2227,0,0.0,1.0,0,0,0,1,0
2026-06-06 01:00:00,TX-ALPHA-01,132.39,599.07,76.63,44.32,58.09,13.89,2.357,32.97,17.7,0.2,0.942,1,Clear,17.68,0,13.77,30.43,137.37,129.4,0.0061,0.5369,1,0.2588,0.9659,0,1,0,0,0
2026-06-06 02:00:00,TX-ALPHA-01,131.82,614.94,76.34,38.54,53.45,11.06,2.5,94.13,13.51,0.68,0.893,1,Rainy,18.36,0,14.91,27.48,140.4,125.38,0.0072,0.1435,2,0.5,0.866,0,0,0,0,1
2026-06-06 03:00:00,TX-ALPHA-01,134.52,579.12,73.33,36.23,49.72,10.3,2.353,19.84,20.34,0.25,0.955,1,Overcast,15.73,0,13.49,25.93,134.93,128.86,0.0126,1.0252,3,0.7071,0.7071,0,0,0,1,0
2026-06-06 04:00:00,TX-ALPHA-01,133.54,534.59,66.08,38.54,48.98,15.81,2.389,10.91,12.88,1.43,0.943,1,Overcast,11.71,0,10.44,22.73,123.65,116.6,0.1311,1.1806,4,0.866,0.5,0,0,0,1,0
2026-06-06 05:00:00,TX-ALPHA-01,131.35,470.17,59.88,38.17,48.27,11.6,2.005,29.96,84.87,2.36,0.895,0,Clear,5.79,0,10.1,26.57,106.97,95.74,0.0788,2.8328,5,0.9659,0.2588,0,1,0,0,0
2026-06-06 06:00:00,TX-ALPHA-01,131.66,449.03,57.33,67.73,86.59,18.47,2.541,13.06,13.4,0.53,0.909,0,Overcast,42.52,1,18.86,49.26,102.4,93.08,0.0406,1.026,6,1.0,0.0,0,0,0,1,0
2026-06-06 07:00:00,TX-ALPHA-01,131.12,463.91,59.61,43.87,54.12,21.43,2.252,28.36,19.97,0.24,0.878,0,Rainy,7.12,0,10.25,22.44,105.36,92.51,0.0085,0.7042,7,0.9659,-0.2588,0,0,0,0,1
2026-06-06 08:00:00,TX-ALPHA-01,131.92,466.15,57.25,45.84,53.73,21.67,1.843,37.94,11.75,0.34,0.891,0,Clear,4.23,0,7.89,24.17,106.51,94.9,0.009,0.3097,8,0.866,-0.5,0,1,0,0,0
2026-06-06 09:00:00,TX-ALPHA-01,130.03,594.11,75.63,53.84,68.61,25.85,2.383,21.92,9.64,1.91,0.915,1,Rainy,24.42,0,14.77,27.99,133.8,122.43,0.0871,0.4398,9,0.7071,-0.7071,1,0,0,0,1
2026-06-06 10:00:00,TX-ALPHA-01,132.61,630.09,78.77,55.82,70.18,27.65,2.405,15.54,43.26,2.94,0.933,1,Clear,27.69,0,14.36,28.17,144.72,135.02,0.1892,2.7838,10,0.5,-0.866,1,1,0,0,0
2026-06-06 11:00:00,TX-ALPHA-01,132.4,672.84,84.84,60.33,76.64,28.34,2.448,21.73,26.83,0.84,0.931,1,Clear,36.88,0,16.31,31.99,154.3,143.65,0.0387,1.2347,11,0.2588,-0.9659,1,1,0,0,0
2026-06-06 12:00:00,TX-ALPHA-01,132.61,667.97,84.6,61.99,78.6,30.38,2.947,30.75,12.12,1.44,0.914,1,Clear,41.36,0,16.61,31.61,153.42,140.23,0.0468,0.3941,12,0.0,-1.0,1,1,0,0,0
2026-06-06 13:00:00,TX-ALPHA-01,132.19,636.09,78.18,59.27,73.04,29.1,2.699,14.43,43.17,0.86,0.944,1,Overcast,31.5,0,13.77,30.17,145.64,137.48,0.0596,2.9917,13,-0.2588,-0.9659,0,0,0,1,0
2026-06-06 14:00:00,TX-ALPHA-01,130.08,584.46,74.21,57.42,70.18,30.93,2.11,17.6,9.18,0.67,0.958,1,Clear,23.27,0,12.76,26.49,131.68,126.15,0.0381,0.5216,14,-0.5,-0.866,0,1,0,0,0
2026-06-06 15:00:00,TX-ALPHA-01,130.78,526.0,64.58,52.16,60.26,31.35,2.575,22.24,10.18,0.96,0.951,1,Rainy,12.17,0,8.1,20.81,119.15,113.31,0.0432,0.4577,15,-0.7071,-0.7071,0,0,0,0,1
2026-06-06 16:00:00,TX-ALPHA-01,131.36,449.83,56.12,54.59,62.72,30.69,2.399,34.04,49.21,1.76,0.961,0,Overcast,8.23,0,8.13,23.9,102.35,98.36,0.0517,1.4457,16,-0.866,-0.5,0,0,0,1,0
2026-06-06 17:00:00,TX-ALPHA-01,130.62,463.82,56.51,58.62,67.78,35.8,2.273,10.45,28.78,0.39,0.894,0,Heatwave,6.92,0,9.16,22.82,104.93,93.81,0.0373,2.7541,17,-0.9659,-0.2588,0,0,1,0,0
2026-06-06 18:00:00,TX-ALPHA-01,132.42,415.03,50.96,47.02,54.59,25.49,2.14,21.18,11.36,0.3,0.887,0,Overcast,1.4,0,7.57,21.53,95.19,84.43,0.0142,0.5364,18,-1.0,-0.0,1,0,0,1,0
2026-06-06 19:00:00,TX-ALPHA-01,130.82,454.08,56.0,75.68,93.91,25.62,2.311,34.61,30.27,0.43,0.886,0,Overcast,43.62,1,18.23,50.06,102.89,91.16,0.0124,0.8746,19,-0.9659,0.2588,1,0,0,1,0
2026-06-06 20:00:00,TX-ALPHA-01,131.4,459.36,56.76,71.98,90.19,23.43,2.424,20.78,12.37,0.39,0.905,0,Clear,41.65,1,18.21,48.55,104.55,94.62,0.0188,0.5953,20,-0.866,0.5,1,1,0,0,0
2026-06-06 21:00:00,TX-ALPHA-01,133.03,541.1,68.38,44.92,55.26,19.82,2.145,13.86,13.77,0.31,0.946,1,Rainy,11.59,0,10.34,25.1,124.68,117.95,0.0224,0.9935,21,-0.7071,0.7071,1,0,0,0,1
2026-06-06 22:00:00,TX-ALPHA-01,131.39,588.8,73.68,44.82,59.23,16.55,2.938,24.84,17.13,1.01,0.936,1,Clear,19.44,0,14.41,28.27,134.0,125.42,0.0407,0.6896,22,-0.5,0.866,0,1,0,0,0
2026-06-06 23:00:00,TX-ALPHA-01,133.12,634.65,80.44,43.08,57.31,12.89,2.393,77.69,19.81,0.81,0.9,1,Clear,20.12,0,14.23,30.19,146.33,131.7,0.0104,0.255,23,-0.2588,0.9659,0,1,0,0,0
2026-06-07 00:00:00,TX-ALPHA-01,132.53,638.06,78.02,41.45,56.08,11.39,2.3,30.07,16.94,0.23,0.883,1,Clear,18.14,0,14.63,30.06,146.47,129.33,0.0076,0.5634,0,0.0,1.0,0,1,0,0,0
2026-06-07 01:00:00,TX-ALPHA-01,131.89,643.07,79.29,39.85,54.58,11.72,2.556,54.38,15.07,1.44,0.908,1,Overcast,20.42,0,14.73,28.13,146.9,133.39,0.0265,0.2771,1,0.2588,0.9659,0,0,0,1,0
2026-06-07 02:00:00,TX-ALPHA-01,130.66,564.61,71.74,37.61,49.84,11.56,2.182,43.31,8.04,0.23,0.931,1,Rainy,13.77,0,12.23,26.05,127.78,118.96,0.0053,0.1856,2,0.5,0.866,0,0,0,0,1
2026-06-07 03:00:00,TX-ALPHA-01,129.88,925.88,115.73,36.87,73.53,12.12,1.774,23.41,17.24,1.74,0.903,1,Clear,46.49,1,36.66,24.75,208.28,188.08,0.0743,0.7364,3,0.7071,0.7071,0,1,0,0,0
2026-06-07 04:00:00,TX-ALPHA-01,132.72,498.83,58.94,40.72,49.33,14.64,2.222,24.4,9.45,0.54,0.931,0,Rainy,6.55,0,8.61,26.08,114.67,106.76,0.0221,0.3873,4,0.866,0.5,0,0,0,0,1
2026-06-07 05:00:00,TX-ALPHA-01,130.94,436.32,56.43,40.07,49.09,17.21,2.318,24.04,12.44,1.59,0.866,0,Rainy,5.66,0,9.02,22.86,98.96,85.7,0.0661,0.5175,5,0.9659,0.2588,0,0,0,0,1
2026-06-07 06:00:00,TX-ALPHA-01,130.94,423.76,52.54,37.35,44.27,17.17,2.084,18.14,24.69,0.26,0.895,0,Clear,1.99,0,6.92,20.18,96.11,86.02,0.0143,1.3611,6,1.0,0.0,0,1,0,0,0
2026-06-07 07:00:00,TX-ALPHA-01,130.36,481.65,58.44,45.77,55.74,19.61,2.299,24.22,32.83,1.23,0.917,0,Rainy,6.72,0,9.97,26.16,108.75,99.72,0.0508,1.3555,7,0.9659,-0.2588,0,0,0,0,1
2026-06-07 08:00:00,TX-ALPHA-01,129.45,459.71,58.27,47.4,54.65,22.07,2.395,29.59,20.68,1.69,0.99,0,Clear,7.2,0,7.25,25.33,103.07,102.04,0.0571,0.6989,8,0.866,-0.5,0,1,0,0,0
2026-06-07 09:00:00,TX-ALPHA-01,133.5,562.71,71.18,48.61,61.58,23.16,2.533,47.27,14.77,0.51,0.962,1,Clear,16.87,0,12.97,25.45,130.11,125.17,0.0108,0.3125,9,0.7071,-0.7071,1,1,0,0,0
2026-06-07 10:00:00,TX-ALPHA-01,130.52,629.77,76.87,55.45,68.84,28.9,2.498,10.39,20.46,1.01,0.912,1,Clear,26.02,0,13.39,26.55,142.37,129.84,0.0972,1.9692,10,0.5,-0.866,1,1,0,0,0
2026-06-07 11:00:00,TX-ALPHA-01,133.45,616.97,75.1,53.74,67.54,27.05,7.47,27.48,9.82,0.73,0.883,1,Clear,44.58,1,13.8,26.69,142.61,125.92,0.0266,0.3574,11,0.2588,-0.9659,1,1,0,0,0
2026-06-07 12:00:00,TX-ALPHA-01,131.78,642.33,79.37,58.66,73.73,30.52,2.393,12.09,29.66,0.57,0.872,1,Clear,30.93,0,15.07,28.14,146.61,127.84,0.0471,2.4533,12,0.0,-1.0,1,1,0,0,0
2026-06-07 13:00:00,TX-ALPHA-01,130.71,627.1,78.27,61.3,78.7,31.81,2.248,12.76,11.4,1.66,0.888,1,Rainy,33.56,0,17.4,29.49,141.97,126.07,0.1301,0.8934,13,-0.2588,-0.9659,0,0,0,0,1
2026-06-07 14:00:00,TX-ALPHA-01,135.05,608.67,75.98,58.18,71.02,30.97,2.601,23.12,105.91,0.33,0.939,1,Clear,27.94,0,12.84,27.21,142.38,133.69,0.0143,4.5809,14,-0.5,-0.866,0,1,0,0,0
2026-06-07 15:00:00,TX-ALPHA-01,130.43,555.35,70.92,60.38,72.3,32.51,2.568,38.71,22.89,2.1,0.914,1,Overcast,25.86,0,11.92,27.87,125.46,114.67,0.0542,0.5913,15,-0.7071,-0.7071,0,0,0,1,0
2026-06-07 16:00:00,TX-ALPHA-01,131.18,526.06,65.82,54.51,65.86,28.63,2.306,19.43,8.42,2.99,0.93,1,Clear,15.95,0,11.35,25.88,119.53,111.16,0.1539,0.4334,16,-0.866,-0.5,0,1,0,0,0
2026-06-07 17:00:00,TX-ALPHA-01,129.11,441.52,55.29,52.19,58.84,29.33,2.582,23.96,38.12,0.56,0.99,0,Rainy,6.58,0,6.65,22.86,98.73,97.74,0.0234,1.591,17,-0.9659,-0.2588,0,0,0,0,1
2026-06-07 18:00:00,TX-ALPHA-01,134.28,402.16,48.15,47.98,53.74,24.36,1.908,15.61,11.55,0.23,0.917,0,Clear,0.0,0,5.76,23.62,93.53,85.77,0.0147,0.7399,18,-1.0,-0.0,1,1,0,0,0
2026-06-07 19:00:00,TX-ALPHA-01,132.12,489.45,59.83,54.37,63.45,25.65,2.48,29.81,17.02,1.46,0.963,0,Clear,11.49,0,9.08,28.72,112.01,107.87,0.049,0.5709,19,-0.9659,0.2588,1,1,0,0,0
2026-06-07 20:00:00,TX-ALPHA-01,132.27,445.39,55.49,48.73,58.79,23.45,2.06,14.93,21.95,0.22,0.901,0,Clear,3.56,0,10.06,25.28,102.04,91.94,0.0147,1.4702,20,-0.866,0.5,1,1,0,0,0
2026-06-07 21:00:00,TX-ALPHA-01,130.93,603.54,75.02,49.22,61.85,20.73,2.536,28.57,21.19,0.39,0.906,1,Clear,19.36,0,12.63,28.49,136.87,124.0,0.0137,0.7417,21,-0.7071,0.7071,1,1,0,0,0
2026-06-07 22:00:00,TX-ALPHA-01,133.73,577.73,71.87,42.57,56.94,16.05,2.398,13.12,23.27,1.81,0.876,1,Rainy,15.14,0,14.37,26.52,133.82,117.23,0.138,1.7736,22,-0.5,0.866,0,0,0,0,1
2026-06-07 23:00:00,TX-ALPHA-01,128.21,670.79,81.6,46.33,62.64,17.39,2.321,11.92,37.84,1.22,0.897,1,Clear,22.56,0,16.31,28.94,148.96,133.62,0.1023,3.1745,23,-0.2588,0.9659,0,1,0,0,0
2026-06-08 00:00:00,TX-ALPHA-01,130.69,667.81,83.74,42.7,59.86,12.18,3.027,43.91,18.5,0.7,0.937,1,Rainy,25.84,0,17.16,30.52,151.17,141.65,0.0159,0.4213,0,0.0,1.0,0,0,0,0,1
2026-06-08 01:00:00,TX-ALPHA-01,133.6,633.29,78.92,41.65,56.51,12.14,2.749,17.11,41.05,1.1,0.946,1,Clear,21.37,0,14.86,29.51,146.54,138.63,0.0643,2.3992,1,0.2588,0.9659,0,1,0,0,0
2026-06-08 02:00:00,TX-ALPHA-01,132.69,602.58,74.19,39.15,52.54,12.89,2.575,14.9,9.67,1.1,0.908,1,Clear,17.57,0,13.39,26.26,138.49,125.75,0.0738,0.649,2,0.5,0.866,0,1,0,0,0
2026-06-08 03:00:00,TX-ALPHA-01,128.36,526.57,65.86,40.15,51.64,15.03,2.219,32.1,8.03,1.77,0.918,1,Overcast,10.56,0,11.49,25.12,117.07,107.47,0.0551,0.2502,3,0.7071,0.7071,0,0,0,1,0
2026-06-08 04:00:00,TX-ALPHA-01,133.4,466.85,58.76,43.52,53.51,15.29,2.409,10.55,14.03,2.34,0.945,0,Overcast,7.57,0,9.99,28.23,107.87,101.94,0.2218,1.3299,4,0.866,0.5,0,0,0,1,0
2026-06-08 05:00:00,TX-ALPHA-01,130.79,517.81,64.53,36.91,48.27,14.52,2.48,21.77,9.26,1.13,0.923,1,Rainy,11.36,0,11.36,22.39,117.3,108.27,0.0519,0.4254,5,0.9659,0.2588,0,0,0,0,1
2026-06-08 06:00:00,TX-ALPHA-01,130.71,477.97,58.25,44.32,54.14,17.6,2.322,10.64,14.08,1.35,0.912,0,Clear,6.75,0,9.82,26.72,108.21,98.69,0.1269,1.3233,6,1.0,0.0,0,1,0,0,0
2026-06-08 07:00:00,TX-ALPHA-01,132.35,453.62,55.33,42.58,49.94,18.88,2.102,18.58,12.84,0.53,0.914,0,Clear,3.72,0,7.36,23.7,103.99,95.05,0.0285,0.6911,7,0.9659,-0.2588,0,1,0,0,0
2026-06-08 08:00:00,TX-ALPHA-01,134.82,559.27,68.93,48.16,60.73,23.15,2.829,36.56,19.18,0.48,0.951,1,Clear,16.63,0,12.57,25.01,130.6,124.2,0.0131,0.5246,8,0.866,-0.5,0,1,0,0,0
2026-06-08 09:00:00,TX-ALPHA-01,132.23,564.48,69.77,50.08,63.21,24.95,2.81,79.39,11.28,0.81,0.899,1,Overcast,19.07,0,13.13,25.13,129.28,116.22,0.0102,0.1421,9,0.7071,-0.7071,1,0,0,1,0
2026-06-08 10:00:00,TX-ALPHA-01,132.99,591.75,75.05,56.7,70.05,28.76,2.724,14.85,55.98,0.8,0.945,1,Clear,27.33,0,13.35,27.94,136.31,128.81,0.0539,3.7697,10,0.5,-0.866,1,1,0,0,0
2026-06-08 11:00:00,TX-ALPHA-01,131.77,647.33,80.4,62.98,78.57,30.42,2.571,27.57,40.02,0.75,0.929,1,Clear,36.63,0,15.59,32.56,147.74,137.25,0.0272,1.4516,11,0.2588,-0.9659,1,1,0,0,0
2026-06-08 12:00:00,TX-ALPHA-01,130.95,629.5,77.12,57.39,72.1,28.63,2.902,12.98,15.36,0.86,0.94,1,Clear,31.32,0,14.71,28.76,142.78,134.21,0.0663,1.1834,12,0.0,-1.0,1,1,0,0,0
2026-06-08 13:00:00,TX-ALPHA-01,128.44,654.6,81.08,62.74,78.34,32.02,3.115,17.83,44.7,0.79,0.897,1,Clear,40.1,0,15.6,30.72,145.63,130.63,0.0443,2.507,13,-0.2588,-0.9659,0,1,0,0,0
2026-06-08 14:00:00,TX-ALPHA-01,130.75,647.97,79.02,59.87,74.14,31.01,2.832,13.96,15.36,1.42,0.951,1,Overcast,33.7,0,14.27,28.86,146.74,139.55,0.1017,1.1003,14,-0.5,-0.866,0,0,0,1,0
2026-06-08 15:00:00,TX-ALPHA-01,132.7,579.21,71.72,54.92,67.27,32.03,2.585,20.84,27.82,0.43,0.947,1,Clear,22.24,0,12.35,22.89,133.13,126.07,0.0206,1.3349,15,-0.7071,-0.7071,0,1,0,0,0
2026-06-08 16:00:00,TX-ALPHA-01,135.39,440.1,55.4,58.62,67.9,34.86,1.909,83.28,13.86,0.88,0.917,0,Rainy,9.73,0,9.28,23.76,103.2,94.63,0.0106,0.1664,16,-0.866,-0.5,0,0,0,0,1
2026-06-08 17:00:00,TX-ALPHA-01,132.66,465.79,59.3,53.98,63.95,29.66,2.608,18.37,12.74,1.66,0.909,0,Clear,12.36,0,9.97,24.32,107.03,97.29,0.0904,0.6935,17,-0.9659,-0.2588,0,1,0,0,0
2026-06-08 18:00:00,TX-ALPHA-01,129.87,425.03,52.86,50.8,58.25,28.7,2.169,25.16,13.44,0.48,0.894,0,Clear,2.68,0,7.45,22.1,95.61,85.48,0.0191,0.5342,18,-1.0,-0.0,1,1,0,0,0
2026-06-08 19:00:00,TX-ALPHA-01,132.09,505.33,61.53,45.24,55.66,23.8,2.272,17.46,17.49,0.81,0.902,1,Clear,8.35,0,10.42,21.44,115.61,104.28,0.0464,1.0017,19,-0.9659,0.2588,1,1,0,0,0
2026-06-08 20:00:00,TX-ALPHA-01,131.13,457.1,57.87,49.19,57.71,23.64,2.049,29.74,20.28,0.63,0.919,0,Overcast,4.88,0,8.52,25.55,103.82,95.41,0.0212,0.6819,20,-0.866,0.5,1,0,0,1,0
2026-06-08 21:00:00,TX-ALPHA-01,131.46,502.21,63.81,39.79,49.27,18.39,2.377,401.38,164.48,54.41,0.941,1,Clear,35.31,1,9.48,21.4,114.35,107.6,0.1356,0.4098,21,-0.7071,0.7071,1,1,0,0,0
2026-06-08 22:00:00,TX-ALPHA-01,133.58,531.92,67.74,42.44,56.16,17.78,3.041,16.91,40.42,1.61,0.908,1,Overcast,16.59,0,13.72,24.66,123.07,111.75,0.0952,2.3903,22,-0.5,0.866,0,0,0,1,0
2026-06-08 23:00:00,TX-ALPHA-01,133.63,633.47,78.03,45.81,59.97,15.91,2.713,16.35,12.91,3.27,0.907,1,Overcast,20.63,0,14.16,29.9,146.62,132.98,0.2,0.7896,23,-0.2588,0.9659,0,0,0,1,0
2026-06-09 00:00:00,TX-ALPHA-01,131.99,700.27,86.7,40.07,58.17,13.89,2.93,352.05,189.5,20.56,0.887,2,Overcast,51.99,1,18.1,26.18,160.09,142.0,0.0584,0.5383,0,0.0,1.0,0,0,0,1,0
2026-06-09 01:00:00,TX-ALPHA-01,135.43,646.2,78.37,42.66,56.42,14.6,2.601,58.86,23.04,2.64,0.867,1,Rainy,20.15,0,13.76,28.06,151.58,131.42,0.0449,0.3914,1,0.2588,0.9659,0,0,0,0,1
2026-06-09 02:00:00,TX-ALPHA-01,129.77,632.5,77.79,43.51,57.93,12.7,2.506,51.07,30.82,3.41,0.92,1,Clear,19.25,0,14.42,30.81,142.17,130.8,0.0668,0.6035,2,0.5,0.866,0,1,0,0,0
2026-06-09 03:00:00,TX-ALPHA-01,131.92,524.08,65.81,33.38,44.46,11.87,2.525,41.55,19.16,0.43,0.909,1,Clear,12.37,0,11.08,21.51,119.75,108.85,0.0103,0.4611,3,0.7071,0.7071,0,1,0,0,0
2026-06-09 04:00:00,TX-ALPHA-01,132.25,452.45,56.61,41.42,50.48,14.82,2.147,33.08,19.03,3.91,0.941,0,Rainy,4.73,0,9.06,26.6,103.64,97.53,0.1182,0.5753,4,0.866,0.5,0,0,0,0,1
2026-06-09 05:00:00,TX-ALPHA-01,132.17,442.65,56.51,41.25,50.36,15.41,1.96,13.43,16.8,0.26,0.921,0,Clear,3.79,0,9.11,25.84,101.33,93.32,0.0194,1.2509,5,0.9659,0.2588,0,1,0,0,0
2026-06-09 06:00:00,TX-ALPHA-01,134.81,488.57,60.46,37.32,46.98,17.89,2.144,27.85,15.35,0.28,0.929,1,Overcast,6.96,0,9.66,19.43,114.08,105.98,0.0101,0.5512,6,1.0,0.0,0,0,0,1,0
2026-06-09 07:00:00,TX-ALPHA-01,129.52,521.32,62.49,42.91,51.57,18.33,2.359,10.03,10.3,0.3,0.946,1,Overcast,9.44,0,8.66,24.58,116.95,110.63,0.0299,1.0269,7,0.9659,-0.2588,0,0,0,1,0
2026-06-09 08:00:00,TX-ALPHA-01,132.21,530.76,66.97,43.97,56.18,20.27,2.419,13.74,23.52,0.97,0.939,1,Clear,12.41,0,12.21,23.7,121.54,114.13,0.0706,1.7118,8,0.866,-0.5,0,1,0,0,0
2026-06-09 09:00:00,TX-ALPHA-01,130.75,619.1,75.92,52.95,67.08,24.56,2.836,18.65,75.07,0.41,0.931,1,Overcast,26.03,0,14.13,28.39,140.2,130.53,0.022,4.0252,9,0.7071,-0.7071,1,0,0,1,0
2026-06-09 10:00:00,TX-ALPHA-01,133.59,615.92,76.35,53.63,67.58,25.85,2.714,18.29,10.91,0.93,0.918,1,Clear,25.97,0,13.95,27.78,142.51,130.82,0.0508,0.5965,10,0.5,-0.866,1,1,0,0,0
2026-06-09 11:00:00,TX-ALPHA-01,131.8,591.87,76.99,57.38,72.1,29.99,2.088,14.38,60.74,0.48,0.948,1,Clear,26.36,0,14.72,27.39,135.11,128.08,0.0334,4.2239,11,0.2588,-0.9659,1,1,0,0,0
2026-06-09 12:00:00,TX-ALPHA-01,133.28,617.37,77.66,59.74,75.39,31.38,2.685,20.38,17.19,0.32,0.95,1,Clear,33.06,0,15.65,28.36,142.52,135.39,0.0157,0.8435,12,0.0,-1.0,1,1,0,0,0
2026-06-09 13:00:00,TX-ALPHA-01,130.06,630.89,78.33,86.92,109.23,33.46,2.604,13.54,11.96,1.2,0.87,0,Clear,71.18,1,22.31,53.46,142.12,123.64,0.0886,0.8833,13,-0.2588,-0.9659,0,1,0,0,0
2026-06-09 14:00:00,TX-ALPHA-01,133.19,584.45,72.63,59.59,72.37,31.67,2.385,15.56,11.45,0.78,0.937,1,Clear,25.82,0,12.78,27.92,134.83,126.34,0.0501,0.7359,14,-0.5,-0.866,0,1,0,0,0
2026-06-09 15:00:00,TX-ALPHA-01,131.0,535.12,65.63,54.22,66.07,32.92,2.383,41.35,9.3,0.6,0.886,1,Clear,16.48,0,11.85,21.3,121.42,107.58,0.0145,0.2249,15,-0.7071,-0.7071,0,1,0,0,0
2026-06-09 16:00:00,TX-ALPHA-01,133.38,484.79,60.0,58.84,70.55,31.1,2.054,12.62,21.44,0.36,0.933,0,Clear,14.94,0,11.71,27.74,112.0,104.5,0.0285,1.6989,16,-0.866,-0.5,0,1,0,0,0
2026-06-09 17:00:00,TX-ALPHA-01,131.58,513.48,63.65,51.24,61.95,29.21,2.04,24.04,11.38,0.25,0.897,1,Clear,9.83,0,10.71,22.03,117.02,104.97,0.0104,0.4734,17,-0.9659,-0.2588,0,1,0,0,0
2026-06-09 18:00:00,TX-ALPHA-01,129.62,488.03,63.35,51.14,60.8,28.23,2.447,20.4,14.37,1.84,0.976,1,Clear,11.14,0,9.66,22.91,109.57,106.94,0.0902,0.7044,18,-1.0,-0.0,1,1,0,0,0
2026-06-09 19:00:00,TX-ALPHA-01,131.5,416.16,53.01,47.38,54.83,24.89,1.897,43.9,10.74,0.77,0.933,0,Clear,1.75,0,7.45,22.49,94.79,88.44,0.0175,0.2446,19,-0.9659,0.2588,1,1,0,0,0
2026-06-09 20:00:00,TX-ALPHA-01,134.2,464.39,56.8,53.18,62.4,25.14,2.3,37.8,15.97,0.52,0.928,0,Clear,7.77,0,9.22,28.04,107.94,100.17,0.0138,0.4225,20,-0.866,0.5,1,1,0,0,0
2026-06-09 21:00:00,TX-ALPHA-01,131.86,540.71,66.31,42.41,53.47,19.81,2.582,21.71,49.33,0.26,0.914,1,Clear,13.0,0,11.06,22.6,123.49,112.87,0.012,2.2722,21,-0.7071,0.7071,1,1,0,0,0
2026-06-09 22:00:00,TX-ALPHA-01,129.19,580.46,71.78,42.75,54.99,18.44,2.455,16.92,15.49,1.23,0.901,1,Overcast,15.44,0,12.24,24.31,129.89,117.03,0.0727,0.9155,22,-0.5,0.866,0,0,0,1,0
2026-06-09 23:00:00,TX-ALPHA-01,132.4,709.26,86.77,42.1,60.27,14.68,2.887,20.95,9.81,1.09,0.962,2,Overcast,26.99,0,18.17,27.42,162.65,156.47,0.052,0.4683,23,-0.2588,0.9659,0,0,0,1,0
2026-06-10 00:00:00,TX-ALPHA-01,132.44,629.29,78.08,42.19,58.6,12.81,2.82,42.99,18.38,1.0,0.926,1,Clear,21.3,0,16.41,29.38,144.35,133.67,0.0233,0.4275,0,0.0,1.0,0,1,0,0,0
2026-06-10 01:00:00,TX-ALPHA-01,131.05,646.39,82.06,40.82,57.6,11.16,2.646,20.61,10.5,0.26,0.897,1,Clear,22.57,0,16.78,29.66,146.72,131.61,0.0126,0.5095,1,0.2588,0.9659,0,1,0,0,0
2026-06-10 02:00:00,TX-ALPHA-01,131.01,631.52,77.87,42.77,57.59,12.61,2.712,15.88,11.77,0.37,0.887,1,Clear,20.53,0,14.82,30.16,143.3,127.11,0.0233,0.7412,2,0.5,0.866,0,1,0,0,0
2026-06-10 03:00:00,TX-ALPHA-01,133.57,565.14,69.97,58.94,78.33,10.51,2.746,18.49,8.38,0.44,0.941,0,Rainy,51.13,1,19.39,48.43,130.75,123.04,0.0238,0.4532,3,0.7071,0.7071,0,0,0,0,1
2026-06-10 04:00:00,TX-ALPHA-01,132.56,530.26,65.69,36.77,49.65,13.87,2.403,18.6,21.19,0.28,0.879,1,Rainy,11.57,0,12.88,22.9,121.75,107.02,0.0151,1.1392,4,0.866,0.5,0,0,0,0,1
2026-06-10 05:00:00,TX-ALPHA-01,130.39,404.16,51.97,42.75,49.39,17.87,2.358,12.13,16.6,0.2,0.911,0,Clear,3.3,0,6.64,24.88,91.28,83.16,0.0165,1.3685,5,0.9659,0.2588,0,1,0,0,0
2026-06-10 06:00:00,TX-ALPHA-01,132.29,386.77,49.1,38.73,45.96,15.02,1.869,22.64,32.34,0.58,0.947,0,Overcast,0.0,0,7.23,23.71,88.62,83.92,0.0256,1.4284,6,1.0,0.0,0,0,0,1,0
2026-06-10 07:00:00,TX-ALPHA-01,131.55,495.15,65.55,43.8,54.93,18.8,2.523,54.7,29.47,0.56,0.916,1,Clear,12.21,0,11.13,25.0,112.82,103.34,0.0102,0.5388,7,0.9659,-0.2588,0,1,0,0,0
2026-06-10 08:00:00,TX-ALPHA-01,132.24,506.01,63.86,45.33,55.64,22.24,2.605,13.43,8.52,0.89,0.968,1,Rainy,11.72,0,10.31,23.09,115.9,112.19,0.0663,0.6344,8,0.866,-0.5,0,0,0,0,1
2026-06-10 09:00:00,TX-ALPHA-01,129.01,506.67,65.9,48.66,60.31,24.79,2.413,42.01,18.54,1.64,0.938,1,Clear,12.01,0,11.65,23.87,113.22,106.2,0.039,0.4413,9,0.7071,-0.7071,1,1,0,0,0
2026-06-10 10:00:00,TX-ALPHA-01,134.44,605.53,74.75,55.03,69.56,26.5,2.33,23.62,16.36,3.19,0.926,1,Clear,24.38,0,14.53,28.53,141.0,130.57,0.1351,0.6926,10,0.5,-0.866,1,1,0,0,0
2026-06-10 11:00:00,TX-ALPHA-01,131.62,629.61,79.1,57.2,73.85,29.37,2.905,52.4,25.95,0.31,0.941,1,Clear,33.95,0,16.65,27.83,143.53,135.06,0.0059,0.4952,11,0.2588,-0.9659,1,1,0,0,0
2026-06-10 12:00:00,TX-ALPHA-01,131.51,614.38,75.98,60.98,73.87,32.62,2.507,19.66,8.68,2.48,0.963,1,Clear,29.76,0,12.89,28.36,139.94,134.76,0.1261,0.4415,12,0.0,-1.0,1,1,0,0,0
2026-06-10 13:00:00,TX-ALPHA-01,132.81,615.08,78.41,62.75,76.21,32.06,2.411,65.56,10.24,2.03,0.907,1,Clear,32.55,0,13.46,30.69,141.49,128.33,0.031,0.1562,13,-0.2588,-0.9659,0,1,0,0,0
2026-06-10 14:00:00,TX-ALPHA-01,131.89,625.84,79.75,64.19,79.53,33.02,2.615,18.74,57.8,0.6,0.899,1,Clear,37.32,0,15.34,31.17,142.97,128.53,0.032,3.0843,14,-0.5,-0.866,0,1,0,0,0
2026-06-10 15:00:00,TX-ALPHA-01,132.94,503.46,65.48,52.01,63.12,30.28,2.308,19.55,20.81,0.86,0.925,1,Overcast,13.48,0,11.11,21.73,115.93,107.24,0.044,1.0644,15,-0.7071,-0.7071,0,0,0,1,0
2026-06-10 16:00:00,TX-ALPHA-01,132.56,474.52,60.2,52.88,63.63,38.91,2.553,29.99,16.63,1.83,0.933,1,Heatwave,9.27,0,10.75,13.97,108.95,101.65,0.061,0.5545,16,-0.866,-0.5,0,0,1,0,0
2026-06-10 17:00:00,TX-ALPHA-01,131.0,454.84,57.36,55.18,64.13,29.19,2.467,17.83,36.02,0.94,0.913,0,Overcast,10.53,0,8.95,25.99,103.2,94.22,0.0527,2.0202,17,-0.9659,-0.2588,0,0,0,1,0
2026-06-10 18:00:00,TX-ALPHA-01,131.54,429.4,52.75,54.53,64.86,28.5,2.603,23.33,24.72,0.98,0.936,0,Clear,9.27,0,10.33,26.03,97.83,91.57,0.042,1.0596,18,-1.0,-0.0,1,1,0,0,0
2026-06-10 19:00:00,TX-ALPHA-01,132.58,1041.69,130.21,45.87,82.22,23.01,2.291,48.76,26.49,0.91,0.901,0,Clear,44.22,1,36.35,22.86,239.21,215.53,0.0187,0.5433,19,-0.9659,0.2588,1,1,0,0,0
2026-06-10 20:00:00,TX-ALPHA-01,131.21,487.89,59.25,45.77,55.37,18.7,1.84,24.32,36.98,0.77,0.908,0,Clear,5.4,0,9.6,27.07,110.88,100.68,0.0317,1.5206,20,-0.866,0.5,1,1,0,0,0
2026-06-10 21:00:00,TX-ALPHA-01,133.8,521.42,65.45,42.29,53.64,19.48,2.199,14.95,10.29,0.58,0.873,1,Clear,10.21,0,11.35,22.81,120.84,105.49,0.0388,0.6883,21,-0.7071,0.7071,1,1,0,0,0
2026-06-10 22:00:00,TX-ALPHA-01,130.9,609.05,75.18,46.75,60.42,16.36,2.687,11.03,8.23,1.6,0.941,1,Overcast,19.16,0,13.67,30.39,138.09,129.94,0.1451,0.7461,22,-0.5,0.866,0,0,0,1,0
2026-06-10 23:00:00,TX-ALPHA-01,132.76,590.01,73.51,38.76,50.95,14.09,2.752,38.27,43.29,1.93,0.941,1,Clear,18.23,0,12.19,24.67,135.67,127.67,0.0504,1.1312,23,-0.2588,0.9659,0,1,0,0,0
2026-06-11 00:00:00,TX-ALPHA-01,131.09,684.83,85.89,40.21,58.34,14.39,2.653,51.11,10.47,0.57,0.871,2,Clear,24.85,0,18.13,25.82,155.49,135.43,0.0112,0.2049,0,0.0,1.0,0,1,0,0,0
2026-06-11 01:00:00,TX-ALPHA-01,131.92,641.0,79.52,40.6,57.82,11.03,2.557,30.87,24.82,0.89,0.871,1,Rainy,20.56,0,17.22,29.57,146.46,127.57,0.0288,0.804,1,0.2588,0.9659,0,0,0,0,1
2026-06-11 02:00:00,TX-ALPHA-01,133.4,643.55,80.74,39.3,54.0,10.86,2.532,13.06,13.02,0.65,0.954,1,Clear,21.12,0,14.7,28.44,148.7,141.86,0.0498,0.9969,2,0.5,0.866,0,1,0,0,0
2026-06-11 03:00:00,TX-ALPHA-01,131.91,576.3,74.35,37.42,49.82,12.62,2.491,11.86,17.49,2.06,0.943,1,Overcast,17.15,0,12.4,24.8,131.67,124.16,0.1737,1.4747,3,0.7071,0.7071,0,0,0,1,0
2026-06-11 04:00:00,TX-ALPHA-01,132.4,509.12,62.05,36.17,44.7,13.99,2.125,10.16,29.02,1.49,0.942,1,Overcast,7.78,0,8.53,22.18,116.75,109.98,0.1467,2.8563,4,0.866,0.5,0,0,0,1,0
2026-06-11 05:00:00,TX-ALPHA-01,132.22,443.5,56.29,46.98,54.96,21.7,2.33,51.79,28.49,3.49,0.933,0,Heatwave,5.64,0,7.98,25.28,101.57,94.76,0.0674,0.5501,5,0.9659,0.2588,0,0,1,0,0
2026-06-11 06:00:00,TX-ALPHA-01,131.38,431.34,51.56,35.76,43.82,14.71,1.819,16.68,28.82,1.57,0.937,0,Clear,0.91,0,8.06,21.05,98.15,91.97,0.0941,1.7278,6,1.0,0.0,0,1,0,0,0
2026-06-11 07:00:00,TX-ALPHA-01,130.38,430.44,54.6,43.93,53.47,20.8,2.17,13.75,13.76,1.52,0.918,0,Clear,3.7,0,9.54,23.13,97.2,89.23,0.1105,1.0007,7,0.9659,-0.2588,0,1,0,0,0
2026-06-11 08:00:00,TX-ALPHA-01,132.29,482.06,59.7,46.5,53.59,19.76,2.143,12.64,20.82,3.04,0.905,0,Overcast,6.51,0,7.09,26.74,110.46,99.97,0.2405,1.6472,8,0.866,-0.5,0,0,0,1,0
2026-06-11 09:00:00,TX-ALPHA-01,132.4,508.32,64.67,48.08,58.74,24.43,2.238,22.0,14.19,1.63,0.925,1,Overcast,9.99,0,10.66,23.65,116.57,107.83,0.0741,0.645,9,0.7071,-0.7071,1,0,0,1,0
2026-06-11 10:00:00,TX-ALPHA-01,131.57,559.46,70.91,49.78,61.83,25.35,2.517,17.54,10.41,0.34,0.972,1,Clear,16.83,0,12.05,24.43,127.49,123.92,0.0194,0.5935,10,0.5,-0.866,1,1,0,0,0
2026-06-11 11:00:00,TX-ALPHA-01,132.23,627.43,77.16,53.77,68.56,27.63,2.538,50.84,37.78,1.01,0.92,1,Clear,26.2,0,14.79,26.14,143.7,132.2,0.0199,0.7431,11,0.2588,-0.9659,1,1,0,0,0
2026-06-11 12:00:00,TX-ALPHA-01,130.9,710.4,86.53,58.42,76.0,30.9,2.708,21.66,30.35,0.65,0.943,2,Rainy,38.89,0,17.58,27.52,161.07,151.89,0.03,1.4012,12,0.0,-1.0,1,0,0,0,1
2026-06-11 13:00:00,TX-ALPHA-01,135.53,584.81,76.43,57.97,71.97,32.44,2.559,14.76,8.08,3.27,0.94,1,Clear,28.74,0,14.0,25.53,137.28,129.04,0.2215,0.5474,13,-0.2588,-0.9659,0,1,0,0,0
2026-06-11 14:00:00,TX-ALPHA-01,133.56,636.78,78.87,61.1,75.34,30.96,2.791,79.58,8.31,0.94,0.916,1,Overcast,34.37,0,14.24,30.14,147.31,134.94,0.0118,0.1044,14,-0.5,-0.866,0,0,0,1,0
2026-06-11 15:00:00,TX-ALPHA-01,130.93,492.85,62.89,56.2,66.29,32.19,2.264,18.12,24.99,2.03,0.853,1,Clear,14.35,0,10.09,24.01,111.77,95.34,0.112,1.3791,15,-0.7071,-0.7071,0,1,0,0,0
2026-06-11 16:00:00,TX-ALPHA-01,131.27,536.85,67.87,55.73,67.35,31.92,2.57,10.78,8.48,0.88,0.935,1,Clear,19.97,0,11.62,23.81,122.06,114.13,0.0816,0.7866,16,-0.866,-0.5,0,1,0,0,0
2026-06-11 17:00:00,TX-ALPHA-01,130.98,464.44,56.8,53.49,62.68,28.85,2.208,21.79,11.86,1.19,0.923,0,Rainy,7.44,0,9.19,24.64,105.36,97.25,0.0546,0.5443,17,-0.9659,-0.2588,0,0,0,0,1
2026-06-11 18:00:00,TX-ALPHA-01,131.85,365.9,46.49,49.51,55.22,28.02,1.894,35.5,39.98,0.28,0.933,0,Clear,0.0,0,5.71,21.49,83.56,77.96,0.0079,1.1262,18,-1.0,-0.0,1,1,0,0,0
2026-06-11 19:00:00,TX-ALPHA-01,131.98,422.02,53.57,48.34,57.07,25.4,1.69,12.64,18.18,1.51,0.862,0,Clear,2.09,0,8.73,22.94,96.47,83.16,0.1195,1.4383,19,-0.9659,0.2588,1,1,0,0,0
2026-06-11 20:00:00,TX-ALPHA-01,130.27,450.25,58.47,47.83,57.0,21.45,2.169,27.92,10.58,1.02,0.908,0,Rainy,5.96,0,9.17,26.38,101.59,92.24,0.0365,0.3789,20,-0.866,0.5,1,0,0,0,1
2026-06-11 21:00:00,TX-ALPHA-01,131.3,545.24,69.94,42.59,55.44,19.04,2.654,36.09,14.07,0.34,0.943,1,Clear,15.55,0,12.85,23.55,124.0,116.93,0.0094,0.3899,21,-0.7071,0.7071,1,1,0,0,0
2026-06-11 22:00:00,TX-ALPHA-01,133.34,636.89,77.32,45.21,61.98,15.56,2.468,17.94,14.69,0.52,0.908,1,Rainy,20.4,0,16.77,29.65,147.09,133.56,0.029,0.8188,22,-0.5,0.866,0,0,0,0,1
2026-06-11 23:00:00,TX-ALPHA-01,134.2,646.93,80.5,44.95,60.98,16.04,2.57,11.63,9.62,3.3,0.94,1,Rainy,22.03,0,16.03,28.91,150.37,141.35,0.2837,0.8272,23,-0.2588,0.9659,0,0,0,0,1
2026-06-12 00:00:00,TX-ALPHA-01,134.5,617.54,75.29,45.1,57.32,14.76,2.45,31.95,11.08,1.14,0.942,1,Overcast,17.45,0,12.22,30.34,143.86,135.52,0.0357,0.3468,0,0.0,1.0,0,0,0,1,0
2026-06-12 01:00:00,TX-ALPHA-01,133.61,652.57,81.17,38.49,53.94,11.37,2.768,19.39,8.17,0.27,0.911,1,Clear,22.79,0,15.45,27.12,151.02,137.58,0.0139,0.4214,1,0.2588,0.9659,0,1,0,0,0
2026-06-12 02:00:00,TX-ALPHA-01,130.08,653.06,81.4,39.23,55.14,10.71,2.853,22.45,16.32,0.26,0.95,1,Overcast,23.43,0,15.91,28.52,147.14,139.78,0.0116,0.7269,2,0.5,0.866,0,0,0,1,0
2026-06-12 03:00:00,TX-ALPHA-01,130.4,529.54,66.54,38.4,51.7,13.09,2.447,44.58,26.85,1.1,0.89,1,Rainy,12.33,0,13.3,25.31,119.6,106.44,0.0247,0.6023,3,0.7071,0.7071,0,0,0,0,1
2026-06-12 04:00:00,TX-ALPHA-01,133.78,481.57,58.4,38.46,46.81,12.28,2.486,26.41,17.76,0.54,0.913,0,Clear,7.82,0,8.35,26.18,111.59,101.88,0.0204,0.6725,4,0.866,0.5,0,1,0,0,0
2026-06-12 05:00:00,TX-ALPHA-01,134.3,456.02,57.82,40.29,48.09,14.02,2.089,10.19,17.33,1.72,0.909,0,Overcast,5.1,0,7.8,26.27,106.08,96.43,0.1688,1.7007,5,0.9659,0.2588,0,0,0,1,0
2026-06-12 06:00:00,TX-ALPHA-01,128.77,449.73,55.12,42.87,50.97,15.97,2.15,15.67,9.22,0.36,0.873,0,Clear,3.89,0,8.1,26.9,100.31,87.57,0.023,0.5884,6,1.0,0.0,0,1,0,0,0
2026-06-12 07:00:00,TX-ALPHA-01,131.16,466.46,57.04,43.75,53.86,20.69,2.455,15.68,9.72,1.0,0.895,0,Overcast,6.84,0,10.11,23.06,105.97,94.84,0.0638,0.6199,7,0.9659,-0.2588,0,0,0,1,0
2026-06-12 08:00:00,TX-ALPHA-01,132.8,527.58,65.5,46.61,56.53,23.32,2.469,10.39,12.02,0.67,0.973,1,Rainy,11.85,0,9.92,23.29,121.35,118.07,0.0645,1.1569,8,0.866,-0.5,0,0,0,0,1
2026-06-12 09:00:00,TX-ALPHA-01,135.83,525.89,66.54,48.11,60.68,24.23,6.805,13.99,20.19,1.57,0.894,1,Clear,35.34,1,12.57,23.88,123.72,110.61,0.1122,1.4432,9,0.7071,-0.7071,1,1,0,0,0
2026-06-12 10:00:00,TX-ALPHA-01,130.34,626.22,78.11,59.08,74.26,29.03,2.572,21.32,23.82,2.26,0.95,1,Rainy,31.71,0,15.18,30.05,141.37,134.3,0.106,1.1173,10,0.5,-0.866,1,0,0,0,1
2026-06-12 11:00:00,TX-ALPHA-01,130.21,643.44,79.07,56.02,70.38,29.82,2.832,23.0,13.09,1.55,0.945,1,Clear,30.6,0,14.36,26.2,145.12,137.14,0.0674,0.5691,11,0.2588,-0.9659,1,1,0,0,0
2026-06-12 12:00:00,TX-ALPHA-01,131.8,650.55,79.99,61.48,74.51,29.49,2.453,19.12,14.43,1.25,0.965,1,Clear,32.3,0,13.03,31.99,148.51,143.31,0.0654,0.7547,12,0.0,-1.0,1,1,0,0,0
2026-06-12 13:00:00,TX-ALPHA-01,130.5,602.73,75.26,59.72,74.08,30.98,2.369,10.58,19.61,1.16,0.908,1,Clear,28.68,0,14.36,28.74,136.24,123.71,0.1096,1.8535,13,-0.2588,-0.9659,0,1,0,0,0
2026-06-12 14:00:00,TX-ALPHA-01,131.51,576.5,72.7,54.8,68.8,31.08,2.847,12.41,10.27,1.89,0.928,1,Rainy,25.66,0,14.0,23.72,131.32,121.86,0.1523,0.8276,14,-0.5,-0.866,0,0,0,0,1
2026-06-12 15:00:00,TX-ALPHA-01,129.01,493.24,61.33,49.72,59.1,33.31,2.102,33.51,37.69,0.56,0.928,1,Clear,7.22,0,9.38,16.41,110.22,102.28,0.0167,1.1247,15,-0.7071,-0.7071,0,1,0,0,0
2026-06-12 16:00:00,TX-ALPHA-01,134.31,511.91,65.96,76.86,96.5,29.26,2.289,24.43,13.02,1.86,0.916,0,Clear,51.46,1,19.64,47.6,119.09,109.09,0.0761,0.533,16,-0.866,-0.5,0,1,0,0,0
2026-06-12 17:00:00,TX-ALPHA-01,130.1,434.45,52.4,51.4,58.94,28.86,2.305,13.66,15.01,0.24,0.924,0,Rainy,3.22,0,7.54,22.54,97.9,90.46,0.0176,1.0988,17,-0.9659,-0.2588,0,0,0,0,1
2026-06-12 18:00:00,TX-ALPHA-01,132.38,487.89,59.26,53.02,62.95,24.87,2.536,18.02,46.03,0.82,0.933,0,Clear,11.07,0,9.93,28.15,111.87,104.37,0.0455,2.5544,18,-1.0,-0.0,1,1,0,0,0
2026-06-12 19:00:00,TX-ALPHA-01,134.1,520.87,64.42,48.91,59.14,25.91,2.406,18.75,10.14,0.36,0.874,1,Clear,10.85,0,10.23,23.0,120.98,105.74,0.0192,0.5408,19,-0.9659,0.2588,1,1,0,0,0
2026-06-12 20:00:00,TX-ALPHA-01,127.61,492.59,59.01,47.67,57.09,21.85,2.028,10.96,8.89,0.88,0.953,0,Rainy,5.42,0,9.42,25.82,108.88,103.76,0.0803,0.8111,20,-0.866,0.5,1,0,0,0,1
2026-06-12 21:00:00,TX-ALPHA-01,135.16,548.17,67.78,45.6,55.7,20.07,2.444,16.65,62.68,1.12,0.905,1,Clear,13.03,0,10.1,25.53,128.33,116.14,0.0673,3.7646,21,-0.7071,0.7071,1,1,0,0,0
2026-06-12 22:00:00,TX-ALPHA-01,133.73,536.48,65.33,37.48,48.18,18.17,2.363,16.13,10.34,0.28,0.911,1,Overcast,11.12,0,10.7,19.31,124.26,113.2,0.0174,0.641,22,-0.5,0.866,0,0,0,1,0
2026-06-12 23:00:00,TX-ALPHA-01,129.91,657.24,82.86,46.44,61.22,13.83,3.221,48.35,8.91,0.46,0.939,1,Overcast,27.51,0,14.78,32.61,147.89,138.87,0.0095,0.1843,23,-0.2588,0.9659,0,0,0,1,0
2026-06-13 00:00:00,TX-ALPHA-01,131.25,627.91,80.2,43.16,59.02,13.39,2.537,16.1,23.75,0.64,0.93,1,Rainy,20.84,0,15.86,29.77,142.74,132.75,0.0398,1.4752,0,0.0,1.0,0,0,0,0,1
2026-06-13 01:00:00,TX-ALPHA-01,132.24,631.96,79.45,40.67,53.59,12.75,2.851,21.0,75.95,0.32,0.912,1,Clear,22.29,0,12.92,27.92,144.75,132.01,0.0152,3.6167,1,0.2588,0.9659,0,1,0,0,0
2026-06-13 02:00:00,TX-ALPHA-01,131.7,573.11,69.05,34.6,48.19,11.3,2.815,12.64,15.66,0.85,0.865,1,Clear,16.0,0,13.59,23.3,130.73,113.08,0.0672,1.2389,2,0.5,0.866,0,1,0,0,0
2026-06-13 03:00:00,TX-ALPHA-01,129.57,524.37,65.0,39.52,51.15,13.79,2.536,24.13,16.04,0.31,0.938,1,Clear,11.97,0,11.63,25.73,117.68,110.38,0.0128,0.6647,3,0.7071,0.7071,0,1,0,0,0
2026-06-13 04:00:00,TX-ALPHA-01,129.24,570.05,71.3,39.82,52.43,13.76,2.223,11.44,19.79,0.84,0.939,1,Clear,13.76,0,12.61,26.06,127.61,119.83,0.0734,1.7299,4,0.866,0.5,0,1,0,0,0
2026-06-13 05:00:00,TX-ALPHA-01,133.4,456.84,56.87,40.9,51.32,14.88,2.136,46.63,18.19,0.36,0.958,0,Clear,4.83,0,10.42,26.02,105.56,101.13,0.0077,0.3901,5,0.9659,0.2588,0,1,0,0,0
2026-06-13 06:00:00,TX-ALPHA-01,135.19,419.19,50.74,36.87,44.33,16.02,1.855,13.61,12.0,0.61,0.978,0,Clear,0.43,0,7.46,20.85,98.16,96.0,0.0448,0.8817,6,1.0,0.0,0,1,0,0,0
2026-06-13 07:00:00,TX-ALPHA-01,131.84,501.23,61.4,43.6,54.1,21.02,2.345,96.89,23.28,0.47,0.977,1,Clear,8.72,0,10.5,22.58,114.46,111.83,0.0049,0.2403,7,0.9659,-0.2588,0,1,0,0,0
2026-06-13 08:00:00,TX-ALPHA-01,130.76,475.53,60.34,48.38,59.91,30.4,2.128,31.41,12.5,0.62,0.981,1,Heatwave,6.8,0,11.53,17.98,107.7,105.65,0.0197,0.398,8,0.866,-0.5,0,0,1,0,0
2026-06-13 09:00:00,TX-ALPHA-01,133.51,539.0,68.25,51.36,63.13,25.26,2.512,12.1,21.37,1.25,0.943,1,Clear,16.32,0,11.77,26.1,124.64,117.54,0.1033,1.7661,9,0.7071,-0.7071,1,1,0,0,0
2026-06-13 10:00:00,TX-ALPHA-01,134.85,582.02,73.94,52.83,64.77,24.63,2.404,13.32,26.36,2.12,0.895,1,Overcast,20.37,0,11.94,28.2,135.94,121.67,0.1592,1.979,10,0.5,-0.866,1,0,0,1,0
2026-06-13 11:00:00,TX-ALPHA-01,131.97,582.29,73.7,53.53,67.94,27.26,2.409,41.25,12.32,1.77,0.911,1,Overcast,22.89,0,14.41,26.27,133.1,121.25,0.0429,0.2987,11,0.2588,-0.9659,1,0,0,1,0
2026-06-13 12:00:00,TX-ALPHA-01,132.22,617.22,76.7,56.36,70.82,31.19,3.023,11.92,12.49,1.5,0.92,1,Clear,30.73,0,14.46,25.17,141.35,130.04,0.1258,1.0478,12,0.0,-1.0,1,1,0,0,0
2026-06-13 13:00:00,TX-ALPHA-01,133.8,645.26,79.69,60.5,76.1,31.5,2.49,30.32,21.59,0.43,0.945,1,Clear,33.67,0,15.6,29.0,149.54,141.32,0.0142,0.7121,13,-0.2588,-0.9659,0,1,0,0,0
2026-06-13 14:00:00,TX-ALPHA-01,133.79,584.36,73.15,58.21,71.64,32.09,2.763,13.15,23.29,0.77,0.886,1,Clear,27.78,0,13.43,26.12,135.41,119.97,0.0586,1.7711,14,-0.5,-0.866,0,1,0,0,0
2026-06-13 15:00:00,TX-ALPHA-01,131.11,555.24,69.01,58.38,69.47,32.11,2.724,41.71,23.51,0.3,0.934,1,Rainy,23.33,0,11.09,26.27,126.09,117.77,0.0072,0.5637,15,-0.7071,-0.7071,0,0,0,0,1
2026-06-13 16:00:00,TX-ALPHA-01,130.63,528.11,67.06,56.39,67.39,31.94,2.678,12.25,8.13,0.83,0.916,1,Clear,20.18,0,11.0,24.45,119.49,109.45,0.0678,0.6637,16,-0.866,-0.5,0,1,0,0,0
2026-06-13 17:00:00,TX-ALPHA-01,127.92,422.72,51.66,52.1,58.56,27.43,2.135,70.89,11.45,0.26,0.92,0,Overcast,1.78,0,6.46,24.67,93.66,86.17,0.0037,0.1615,17,-0.9659,-0.2588,0,0,0,1,0
2026-06-13 18:00:00,TX-ALPHA-01,131.07,388.66,47.85,48.04,53.56,25.03,1.598,14.45,24.74,0.78,0.935,0,Overcast,0.0,0,5.52,23.01,88.23,82.5,0.054,1.7121,18,-1.0,-0.0,1,0,0,1,0
2026-06-13 19:00:00,TX-ALPHA-01,131.66,460.27,56.76,49.35,58.66,24.58,2.358,12.76,9.54,0.26,0.878,0,Rainy,6.09,0,9.31,24.77,104.96,92.15,0.0204,0.7476,19,-0.9659,0.2588,1,0,0,0,1
2026-06-13 20:00:00,TX-ALPHA-01,128.73,485.98,60.52,39.66,48.86,20.81,2.355,10.54,70.07,0.41,0.963,1,Clear,8.27,0,9.2,18.85,108.36,104.35,0.0389,6.648,20,-0.866,0.5,1,1,0,0,0
2026-06-13 21:00:00,TX-ALPHA-01,131.14,536.41,65.68,46.75,60.04,27.28,2.388,40.15,8.12,1.4,0.977,1,Heatwave,11.48,0,13.29,19.47,121.84,119.04,0.0349,0.2022,21,-0.7071,0.7071,1,0,1,0,0
2026-06-13 22:00:00,TX-ALPHA-01,130.78,597.88,73.71,44.37,56.81,17.39,2.787,10.11,14.2,0.41,0.927,1,Clear,18.55,0,12.44,26.98,135.43,125.54,0.0406,1.4045,22,-0.5,0.866,0,1,0,0,0
2026-06-13 23:00:00,TX-ALPHA-01,132.35,588.07,75.17,43.77,59.53,21.65,2.493,45.36,16.15,0.52,0.9,1,Heatwave,17.64,0,15.76,22.12,134.81,121.33,0.0115,0.356,23,-0.2588,0.9659,0,0,1,0,0
2026-06-14 00:00:00,TX-ALPHA-01,130.44,617.82,78.69,41.52,56.74,13.16,2.439,11.98,8.88,2.12,0.934,1,Rainy,19.37,0,15.22,28.36,139.58,130.37,0.177,0.7412,0,0.0,1.0,0,0,0,0,1
2026-06-14 01:00:00,TX-ALPHA-01,131.7,631.53,78.67,40.65,54.9,11.38,2.438,15.12,13.68,0.6,0.967,1,Clear,19.35,0,14.25,29.27,144.06,139.31,0.0397,0.9048,1,0.2588,0.9659,0,1,0,0,0
2026-06-14 02:00:00,TX-ALPHA-01,132.05,586.75,75.8,40.04,53.08,10.93,2.649,21.88,9.1,0.58,0.94,1,Clear,18.94,0,13.04,29.11,134.2,126.15,0.0265,0.4159,2,0.5,0.866,0,1,0,0,0
2026-06-14 03:00:00,TX-ALPHA-01,132.84,551.85,69.15,36.27,49.7,12.18,2.332,16.29,19.86,0.37,0.932,1,Rainy,13.16,0,13.43,24.09,126.97,118.34,0.0227,1.2192,3,0.7071,0.7071,0,0,0,0,1
2026-06-14 04:00:00,TX-ALPHA-01,131.7,500.11,63.17,34.87,44.38,14.76,2.258,23.61,28.21,0.59,0.951,1,Clear,9.23,0,9.51,20.11,114.08,108.49,0.025,1.1948,4,0.866,0.5,0,1,0,0,0
2026-06-14 05:00:00,TX-ALPHA-01,133.77,437.34,52.57,39.61,46.93,13.99,2.253,19.5,27.37,0.36,0.89,0,Rainy,3.02,0,7.32,25.62,101.33,90.18,0.0185,1.4036,5,0.9659,0.2588,0,0,0,0,1
2026-06-14 06:00:00,TX-ALPHA-01,131.45,403.06,50.57,42.05,48.67,18.56,2.071,12.39,12.25,0.28,0.878,0,Clear,0.76,0,6.62,23.49,91.77,80.57,0.0226,0.9887,6,1.0,0.0,0,1,0,0,0
2026-06-14 07:00:00,TX-ALPHA-01,132.71,449.81,56.49,42.19,51.96,18.14,2.241,22.11,17.18,0.37,0.94,0,Rainy,5.23,0,9.77,24.05,103.39,97.19,0.0167,0.777,7,0.9659,-0.2588,0,0,0,0,1
2026-06-14 08:00:00,TX-ALPHA-01,130.89,454.66,55.34,50.79,58.74,28.68,2.157,30.43,38.19,0.64,0.949,0,Heatwave,4.06,0,7.95,22.11,103.08,97.82,0.021,1.255,8,0.866,-0.5,0,0,1,0,0
2026-06-14 09:00:00,TX-ALPHA-01,133.05,444.67,55.9,49.49,57.57,23.9,2.42,18.53,30.64,0.56,0.965,0,Rainy,5.96,0,8.08,25.59,102.47,98.88,0.0302,1.6535,9,0.7071,-0.7071,1,0,0,0,1
2026-06-14 10:00:00,TX-ALPHA-01,132.64,616.53,76.59,56.72,72.66,28.67,2.39,18.98,24.59,0.55,0.903,1,Clear,28.4,0,15.94,28.05,141.64,127.9,0.029,1.2956,10,0.5,-0.866,1,1,0,0,0
2026-06-14 11:00:00,TX-ALPHA-01,131.02,669.18,84.81,63.85,79.76,29.43,2.209,44.24,16.93,1.18,0.917,1,Clear,38.02,0,15.91,34.42,151.86,139.26,0.0267,0.3827,11,0.2588,-0.9659,1,1,0,0,0
2026-06-14 12:00:00,TX-ALPHA-01,133.44,633.86,78.65,59.77,75.33,30.35,2.921,29.71,25.62,3.16,0.885,1,Clear,35.02,0,15.56,29.42,146.5,129.65,0.1064,0.8623,12,0.0,-1.0,1,1,0,0,0
2026-06-14 13:00:00,TX-ALPHA-01,133.51,627.4,79.11,62.61,78.8,30.97,2.607,16.23,32.45,0.27,0.871,1,Rainy,36.28,0,16.19,31.64,145.08,126.36,0.0166,1.9994,13,-0.2588,-0.9659,0,0,0,0,1
2026-06-14 14:00:00,TX-ALPHA-01,132.77,540.73,68.63,57.21,68.6,31.66,2.313,10.64,12.66,0.86,0.986,1,Overcast,19.91,0,11.39,25.55,124.35,122.61,0.0808,1.1898,14,-0.5,-0.866,0,0,0,1,0
2026-06-14 15:00:00,TX-ALPHA-01,132.5,539.01,67.16,56.69,67.88,32.37,2.268,21.4,17.97,0.93,0.869,1,Clear,18.19,0,11.19,24.32,123.7,107.5,0.0435,0.8397,15,-0.7071,-0.7071,0,1,0,0,0
2026-06-14 16:00:00,TX-ALPHA-01,132.53,494.69,61.6,54.79,65.43,31.08,2.099,24.65,19.07,0.74,0.935,1,Clear,11.88,0,10.64,23.71,113.56,106.18,0.03,0.7736,16,-0.866,-0.5,0,1,0,0,0
2026-06-14 17:00:00,TX-ALPHA-01,131.22,461.35,57.04,51.64,59.78,27.38,2.613,14.86,17.8,0.54,0.916,0,Rainy,7.78,0,8.14,24.26,104.86,96.05,0.0363,1.1978,17,-0.9659,-0.2588,0,0,0,0,1
2026-06-14 18:00:00,TX-ALPHA-01,128.88,437.71,55.11,49.71,57.27,24.52,2.186,63.88,16.76,0.96,0.969,0,Clear,4.1,0,7.56,25.19,97.71,94.68,0.015,0.2624,18,-1.0,-0.0,1,1,0,0,0
2026-06-14 19:00:00,TX-ALPHA-01,130.93,443.24,56.17,48.83,57.64,23.68,2.076,11.9,8.45,0.24,0.967,0,Clear,4.05,0,8.81,25.15,100.52,97.2,0.0202,0.7101,19,-0.9659,0.2588,1,1,0,0,0
2026-06-14 20:00:00,TX-ALPHA-01,131.28,478.43,58.93,48.12,59.67,21.91,1.976,22.69,12.85,0.5,0.904,0,Clear,5.21,0,11.55,26.21,108.79,98.35,0.022,0.5663,20,-0.866,0.5,1,1,0,0,0
2026-06-14 21:00:00,TX-ALPHA-01,132.42,539.71,66.19,44.76,55.33,19.67,2.821,19.87,25.01,0.46,0.888,1,Rainy,14.37,0,10.57,25.09,123.79,109.93,0.0232,1.2587,21,-0.7071,0.7071,1,0,0,0,1
2026-06-14 22:00:00,TX-ALPHA-01,132.31,1005.25,125.66,43.17,84.74,16.97,2.395,22.29,16.68,0.28,0.872,1,Rainy,54.62,1,41.57,26.2,230.37,200.88,0.0126,0.7483,22,-0.5,0.866,0,0,0,0,1
2026-06-14 23:00:00,TX-ALPHA-01,131.59,615.39,77.04,45.6,60.14,16.21,2.341,13.2,23.24,0.45,0.943,1,Rainy,17.93,0,14.54,29.39,140.26,132.27,0.0341,1.7606,23,-0.2588,0.9659,0,0,0,0,1
2026-06-15 00:00:00,TX-ALPHA-01,129.58,623.06,78.86,45.63,59.34,15.8,2.512,27.85,42.63,4.52,0.889,1,Clear,19.9,0,13.71,29.83,139.84,124.32,0.1623,1.5307,0,0.0,1.0,0,1,0,0,0
2026-06-15 01:00:00,TX-ALPHA-01,132.6,624.81,77.56,46.07,61.63,21.74,2.485,17.74,20.08,0.98,0.875,1,Heatwave,18.98,0,15.56,24.33,143.5,125.56,0.0552,1.1319,1,0.2588,0.9659,0,0,1,0,0
2026-06-15 02:00:00,TX-ALPHA-01,134.05,547.04,68.45,34.99,45.65,11.72,8.13,24.81,38.87,5.0,0.915,1,Clear,34.03,1,10.66,23.27,127.01,116.21,0.2015,1.5667,2,0.5,0.866,0,1,0,0,0
2026-06-15 03:00:00,TX-ALPHA-01,134.03,523.94,64.38,33.69,44.21,10.54,2.63,40.55,10.39,2.56,0.918,1,Clear,12.17,0,10.52,23.15,121.63,111.66,0.0631,0.2562,3,0.7071,0.7071,0,1,0,0,0
2026-06-15 04:00:00,TX-ALPHA-01,130.37,556.55,66.92,37.68,49.03,12.63,2.341,19.65,10.21,0.55,0.895,1,Clear,11.91,0,11.35,25.05,125.67,112.47,0.028,0.5196,4,0.866,0.5,0,1,0,0,0
2026-06-15 05:00:00,TX-ALPHA-01,132.46,449.09,57.51,44.49,52.77,16.08,2.566,20.54,8.09,1.14,0.894,0,Clear,7.78,0,8.28,28.41,103.03,92.11,0.0555,0.3939,5,0.9659,0.2588,0,1,0,0,0
2026-06-15 06:00:00,TX-ALPHA-01,132.1,411.51,54.83,47.43,58.12,25.18,2.261,39.97,15.33,0.72,0.928,0,Heatwave,4.38,0,10.69,22.25,94.16,87.38,0.018,0.3835,6,1.0,0.0,0,0,1,0,0
2026-06-15 07:00:00,TX-ALPHA-01,131.91,472.47,57.65,48.45,59.5,26.79,2.194,13.42,29.02,0.85,0.923,0,Heatwave,5.63,0,11.05,21.66,107.95,99.64,0.0633,2.1624,7,0.9659,-0.2588,0,0,1,0,0
2026-06-15 08:00:00,TX-ALPHA-01,133.72,492.61,61.7,40.45,50.15,19.77,2.166,32.72,15.66,0.41,0.891,1,Clear,7.82,0,9.7,20.68,114.09,101.65,0.0125,0.4786,8,0.866,-0.5,0,1,0,0,0
2026-06-15 09:00:00,TX-ALPHA-01,131.99,558.8,69.47,70.92,91.41,24.38,2.349,14.97,10.44,0.23,0.974,0,Clear,49.62,1,20.49,46.54,127.75,124.43,0.0154,0.6974,9,0.7071,-0.7071,1,1,0,0,0
2026-06-15 10:00:00,TX-ALPHA-01,131.89,556.42,68.65,48.66,60.88,26.58,2.257,22.6,26.84,3.66,0.935,1,Clear,13.16,0,12.22,22.08,127.11,118.85,0.1619,1.1876,10,0.5,-0.866,1,1,0,0,0
2026-06-15 11:00:00,TX-ALPHA-01,133.02,629.29,78.68,57.38,71.97,29.15,2.719,19.59,12.7,2.63,0.922,1,Overcast,31.02,0,14.59,28.23,144.99,133.68,0.1343,0.6483,11,0.2588,-0.9659,1,0,0,1,0
2026-06-15 12:00:00,TX-ALPHA-01,130.43,629.29,81.35,64.51,82.05,32.14,2.617,17.49,11.59,0.54,0.895,1,Overcast,40.36,0,17.54,32.37,142.16,127.23,0.0309,0.6627,12,0.0,-1.0,1,0,0,1,0
2026-06-15 13:00:00,TX-ALPHA-01,134.93,652.97,80.07,61.03,77.44,31.87,2.807,13.6,32.22,2.7,0.921,1,Rainy,36.91,0,16.41,29.16,152.6,140.54,0.1985,2.3691,13,-0.2588,-0.9659,0,0,0,0,1
2026-06-15 14:00:00,TX-ALPHA-01,131.2,577.8,72.56,58.4,71.8,31.38,2.575,10.21,35.13,0.22,0.895,1,Clear,26.44,0,13.4,27.02,131.3,117.51,0.0215,3.4407,14,-0.5,-0.866,0,1,0,0,0
2026-06-15 15:00:00,TX-ALPHA-01,131.1,483.79,59.1,59.19,67.79,31.87,2.419,12.32,10.46,0.36,0.893,0,Rainy,14.32,0,8.6,27.32,109.86,98.1,0.0292,0.849,15,-0.7071,-0.7071,0,0,0,0,1
2026-06-15 16:00:00,TX-ALPHA-01,133.29,478.92,59.42,55.12,64.84,30.93,2.385,17.38,9.69,0.44,0.911,0,Overcast,11.84,0,9.72,24.19,110.57,100.73,0.0253,0.5575,16,-0.866,-0.5,0,0,0,1,0
2026-06-15 17:00:00,TX-ALPHA-01,133.2,451.3,52.79,53.73,62.32,29.38,2.085,12.63,10.28,0.45,0.946,0,Clear,4.07,0,8.59,24.35,104.12,98.5,0.0356,0.8139,17,-0.9659,-0.2588,0,1,0,0,0
2026-06-15 18:00:00,TX-ALPHA-01,132.13,436.67,52.59,53.29,62.31,27.5,2.265,17.79,8.03,1.72,0.924,0,Clear,5.02,0,9.02,25.79,99.93,92.34,0.0967,0.4514,18,-1.0,-0.0,1,1,0,0,0
2026-06-15 19:00:00,TX-ALPHA-01,134.41,436.45,55.68,51.38,60.34,24.58,2.168,26.96,9.52,0.26,0.91,0,Clear,4.6,0,8.96,26.8,101.61,92.47,0.0096,0.3531,19,-0.9659,0.2588,1,1,0,0,0
2026-06-15 20:00:00,TX-ALPHA-01,132.38,473.88,59.84,48.21,56.68,22.65,2.283,40.17,32.63,0.63,0.947,0,Clear,7.44,0,8.47,25.56,108.66,102.9,0.0157,0.8123,20,-0.866,0.5,1,1,0,0,0
2026-06-15 21:00:00,TX-ALPHA-01,131.28,567.16,72.94,44.41,57.04,18.35,2.381,25.14,67.45,1.4,0.927,1,Clear,15.67,0,12.63,26.06,128.96,119.55,0.0557,2.683,21,-0.7071,0.7071,1,1,0,0,0
2026-06-15 22:00:00,TX-ALPHA-01,133.71,649.63,78.08,44.33,60.86,16.8,2.245,10.03,11.62,0.78,0.852,1,Clear,18.57,0,16.53,27.53,150.45,128.18,0.0778,1.1585,22,-0.5,0.866,0,1,0,0,0
2026-06-15 23:00:00,TX-ALPHA-01,131.34,638.49,79.88,46.1,60.9,17.06,2.668,18.86,17.69,0.48,0.866,1,Clear,22.19,0,14.8,29.04,145.25,125.79,0.0255,0.938,23,-0.2588,0.9659,0,1,0,0,0
2026-06-16 00:00:00,TX-ALPHA-01,132.91,589.07,74.01,44.58,58.08,14.45,2.419,31.71,11.7,1.52,0.891,1,Rainy,16.52,0,13.5,30.13,135.61,120.83,0.0479,0.369,0,0.0,1.0,0,0,0,0,1
2026-06-16 01:00:00,TX-ALPHA-01,131.29,610.11,78.29,37.73,55.6,10.07,2.316,26.49,11.73,2.13,0.926,1,Clear,18.4,0,17.87,27.66,138.74,128.47,0.0804,0.4428,1,0.2588,0.9659,0,1,0,0,0
2026-06-16 02:00:00,TX-ALPHA-01,133.49,616.68,78.97,40.03,56.19,12.93,2.539,62.35,15.26,0.77,0.911,1,Rainy,20.13,0,16.16,27.1,142.58,129.89,0.0123,0.2447,2,0.5,0.866,0,0,0,0,1
2026-06-16 03:00:00,TX-ALPHA-01,129.94,523.62,68.47,38.66,48.85,12.07,2.222,10.33,9.16,1.11,0.934,1,Clear,12.11,0,10.19,26.59,117.85,110.07,0.1075,0.8867,3,0.7071,0.7071,0,1,0,0,0
2026-06-16 04:00:00,TX-ALPHA-01,133.14,506.55,62.31,33.84,45.3,11.36,2.39,39.31,15.47,1.43,0.879,1,Clear,9.52,0,11.46,22.48,116.81,102.68,0.0364,0.3935,4,0.866,0.5,0,1,0,0,0
2026-06-16 05:00:00,TX-ALPHA-01,132.96,445.79,56.04,41.89,49.47,15.74,2.429,10.88,13.04,1.08,0.937,0,Clear,6.1,0,7.58,26.15,102.66,96.19,0.0993,1.1985,5,0.9659,0.2588,0,1,0,0,0
2026-06-16 06:00:00,TX-ALPHA-01,133.65,416.89,52.13,43.42,50.05,17.51,2.182,51.63,13.21,0.67,0.92,0,Clear,2.33,0,6.63,25.91,96.51,88.79,0.013,0.2559,6,1.0,0.0,0,1,0,0,0
2026-06-16 07:00:00,TX-ALPHA-01,135.7,413.47,51.27,46.57,55.82,20.28,2.279,30.98,23.6,1.83,0.934,0,Clear,2.42,0,9.25,26.29,97.18,90.77,0.0591,0.7618,7,0.9659,-0.2588,0,1,0,0,0
2026-06-16 08:00:00,TX-ALPHA-01,132.11,497.45,63.51,43.92,54.43,21.84,2.441,14.52,29.87,1.21,0.915,1,Rainy,10.53,0,10.51,22.08,113.83,104.15,0.0833,2.0572,8,0.866,-0.5,0,0,0,0,1
2026-06-16 09:00:00,TX-ALPHA-01,130.36,582.33,71.42,51.22,64.0,23.25,2.322,16.31,12.78,0.94,0.939,1,Overcast,17.76,0,12.78,27.97,131.48,123.46,0.0576,0.7836,9,0.7071,-0.7071,1,0,0,1,0
2026-06-16 10:00:00,TX-ALPHA-01,132.86,582.54,71.54,53.23,65.54,27.25,2.474,56.17,10.83,1.44,0.939,1,Clear,20.02,0,12.31,25.98,134.05,125.87,0.0256,0.1928,10,0.5,-0.866,1,1,0,0,0
2026-06-16 11:00:00,TX-ALPHA-01,131.49,630.76,78.86,56.77,70.9,28.47,2.788,43.82,18.24,0.55,0.9,1,Clear,30.65,0,14.13,28.3,143.65,129.28,0.0126,0.4162,11,0.2588,-0.9659,1,1,0,0,0
2026-06-16 12:00:00,TX-ALPHA-01,131.68,633.37,78.83,58.73,75.58,28.66,2.714,13.17,16.83,0.71,0.88,1,Rainy,34.09,0,16.85,30.07,144.46,127.12,0.0539,1.2779,12,0.0,-1.0,1,0,0,0,1
2026-06-16 13:00:00,TX-ALPHA-01,135.6,594.51,70.97,57.0,71.32,32.66,2.409,37.49,17.45,0.27,0.915,1,Clear,24.12,0,14.32,24.34,139.63,127.76,0.0072,0.4655,13,-0.2588,-0.9659,0,1,0,0,0
2026-06-16 14:00:00,TX-ALPHA-01,130.93,554.43,70.16,52.83,65.0,31.62,2.245,16.27,10.43,0.21,0.933,1,Overcast,17.4,0,12.17,21.21,125.73,117.31,0.0129,0.6411,14,-0.5,-0.866,0,0,0,1,0
2026-06-16 15:00:00,TX-ALPHA-01,131.5,534.55,66.1,54.06,65.12,31.09,2.652,20.08,10.95,0.27,0.935,1,Clear,17.57,0,11.06,22.97,121.75,113.84,0.0134,0.5453,15,-0.7071,-0.7071,0,1,0,0,0
2026-06-16 16:00:00,TX-ALPHA-01,131.28,510.39,60.93,53.65,62.21,31.49,2.079,33.51,21.69,0.48,0.909,1,Clear,8.69,0,8.56,22.16,116.05,105.49,0.0143,0.6473,16,-0.866,-0.5,0,1,0,0,0
2026-06-16 17:00:00,TX-ALPHA-01,134.6,450.1,57.31,55.48,65.07,30.05,2.489,76.97,13.06,0.25,0.914,0,Clear,11.42,0,9.59,25.43,104.93,95.91,0.0032,0.1697,17,-0.9659,-0.2588,0,1,0,0,0
2026-06-16 18:00:00,TX-ALPHA-01,131.02,410.56,52.33,49.97,58.2,27.79,1.613,28.51,36.39,0.32,0.914,0,Clear,1.36,0,8.23,22.18,93.17,85.16,0.0112,1.2764,18,-1.0,-0.0,1,1,0,0,0
2026-06-16 19:00:00,TX-ALPHA-01,133.31,431.16,53.03,47.19,54.38,25.07,2.149,24.17,57.42,0.56,0.896,0,Clear,2.66,0,7.19,22.12,99.55,89.2,0.0232,2.3757,19,-0.9659,0.2588,1,1,0,0,0
2026-06-16 20:00:00,TX-ALPHA-01,133.45,1059.77,132.47,45.43,81.39,22.27,2.397,46.16,10.01,0.99,0.886,0,Clear,46.57,1,35.96,23.16,244.96,217.03,0.0214,0.2169,20,-0.866,0.5,1,1,0,0,0
2026-06-16 21:00:00,TX-ALPHA-01,132.1,492.96,64.14,42.15,52.95,20.24,2.293,19.12,16.76,0.21,0.963,1,Overcast,10.01,0,10.8,21.91,112.79,108.62,0.011,0.8766,21,-0.7071,0.7071,1,0,0,1,0
2026-06-16 22:00:00,TX-ALPHA-01,133.01,571.11,72.1,45.86,59.46,19.0,2.235,36.57,14.45,0.44,0.879,1,Overcast,14.3,0,13.6,26.86,131.57,115.65,0.012,0.3951,22,-0.5,0.866,0,0,0,1,0
2026-06-16 23:00:00,TX-ALPHA-01,132.78,521.14,66.67,33.68,45.92,14.11,2.426,34.2,15.2,1.21,0.859,1,Clear,12.28,0,12.24,19.57,119.85,102.95,0.0354,0.4444,23,-0.2588,0.9659,0,1,0,0,0
2026-06-17 00:00:00,TX-ALPHA-01,132.42,594.29,74.5,40.26,56.12,13.15,2.652,21.74,9.66,0.58,0.931,1,Overcast,18.21,0,15.86,27.11,136.31,126.9,0.0267,0.4443,0,0.0,1.0,0,0,0,1,0
2026-06-17 01:00:00,TX-ALPHA-01,131.15,612.83,77.19,42.4,56.2,14.12,2.923,20.92,9.06,3.54,0.942,1,Clear,21.4,0,13.8,28.28,139.21,131.14,0.1692,0.4331,1,0.2588,0.9659,0,1,0,0,0
2026-06-17 02:00:00,TX-ALPHA-01,130.11,603.81,74.56,44.33,60.03,18.89,2.855,43.45,8.98,0.52,0.948,1,Heatwave,19.46,0,15.7,25.44,136.07,128.99,0.012,0.2067,2,0.5,0.866,0,0,1,0,0
2026-06-17 03:00:00,TX-ALPHA-01,130.44,524.27,64.7,35.61,45.06,14.11,2.268,10.3,33.38,2.9,0.896,1,Clear,10.18,0,9.45,21.5,118.45,106.13,0.2816,3.2408,3,0.7071,0.7071,0,1,0,0,0
2026-06-17 04:00:00,TX-ALPHA-01,132.65,493.58,62.33,35.04,43.81,12.99,2.514,16.9,25.62,1.53,0.905,1,Rainy,10.28,0,8.77,22.05,113.4,102.63,0.0905,1.516,4,0.866,0.5,0,0,0,0,1
2026-06-17 05:00:00,TX-ALPHA-01,133.43,437.52,54.74,41.98,50.73,16.62,2.257,15.12,44.5,0.24,0.902,0,Clear,4.3,0,8.75,25.36,101.11,91.2,0.0159,2.9431,5,0.9659,0.2588,0,1,0,0,0
2026-06-17 06:00:00,TX-ALPHA-01,132.06,468.56,58.91,46.37,53.71,19.25,2.683,20.37,8.9,1.12,0.926,0,Overcast,9.3,0,7.34,27.12,107.18,99.25,0.055,0.4369,6,1.0,0.0,0,0,0,1,0
2026-06-17 07:00:00,TX-ALPHA-01,130.43,456.54,56.48,49.67,58.65,25.99,2.223,24.79,11.5,1.5,0.929,0,Heatwave,5.12,0,8.98,23.68,103.14,95.82,0.0605,0.4639,7,0.9659,-0.2588,0,0,1,0,0
2026-06-17 08:00:00,TX-ALPHA-01,131.17,497.94,61.76,42.94,52.89,18.28,2.146,38.79,31.27,0.28,0.98,1,Clear,7.74,0,9.95,24.66,113.13,110.87,0.0072,0.8061,8,0.866,-0.5,0,1,0,0,0
2026-06-17 09:00:00,TX-ALPHA-01,129.75,562.25,68.68,49.74,60.45,23.95,2.57,28.76,32.83,0.31,0.9,1,Overcast,14.69,0,10.71,25.79,126.36,113.72,0.0108,1.1415,9,0.7071,-0.7071,1,0,0,1,0
2026-06-17 10:00:00,TX-ALPHA-01,132.75,548.66,69.63,52.29,65.91,26.76,2.459,51.27,16.65,2.6,0.908,1,Clear,19.13,0,13.62,25.53,126.15,114.54,0.0507,0.3248,10,0.5,-0.866,1,1,0,0,0
2026-06-17 11:00:00,TX-ALPHA-01,130.36,633.31,83.14,60.65,75.23,29.04,2.501,20.16,18.21,0.42,0.928,1,Clear,35.02,0,14.58,31.61,143.0,132.7,0.0208,0.9033,11,0.2588,-0.9659,1,1,0,0,0
2026-06-17 12:00:00,TX-ALPHA-01,130.67,624.89,78.76,63.42,79.29,37.78,2.59,21.78,17.63,0.55,0.863,1,Heatwave,31.39,0,15.87,25.64,141.43,122.05,0.0253,0.8095,12,0.0,-1.0,1,0,1,0,0
2026-06-17 13:00:00,TX-ALPHA-01,131.61,587.99,75.49,58.72,74.09,29.98,2.475,16.2,17.95,0.38,0.898,1,Clear,29.46,0,15.37,28.74,134.04,120.37,0.0235,1.108,13,-0.2588,-0.9659,0,1,0,0,0
2026-06-17 14:00:00,TX-ALPHA-01,131.49,611.95,75.41,61.03,74.92,31.57,2.292,11.28,10.62,2.5,0.892,1,Clear,29.0,0,13.89,29.46,139.37,124.32,0.2216,0.9415,14,-0.5,-0.866,0,1,0,0,0
2026-06-17 15:00:00,TX-ALPHA-01,133.39,555.03,70.69,55.59,68.73,31.76,2.596,20.69,12.28,0.33,0.946,1,Clear,22.92,0,13.14,23.83,128.23,121.31,0.0159,0.5935,15,-0.7071,-0.7071,0,1,0,0,0
2026-06-01 00:00:00,TX-BETA-02,133.03,641.01,80.3,46.52,61.21,12.37,2.54,11.72,33.04,1.42,0.955,1,Clear,21.92,0,14.69,34.15,147.7,141.05,0.1212,2.8191,0,0.0,1.0,0,1,0,0,0
2026-06-01 01:00:00,TX-BETA-02,132.17,625.22,77.38,47.16,62.37,15.15,2.676,37.13,10.02,0.49,0.901,1,Clear,22.01,0,15.21,32.01,143.13,128.96,0.0132,0.2699,1,0.2588,0.9659,0,1,0,0,0
2026-06-01 02:00:00,TX-BETA-02,132.29,535.73,67.01,37.97,53.67,11.91,2.678,22.37,10.25,0.38,0.924,1,Overcast,13.99,0,15.7,26.06,122.75,113.42,0.017,0.4582,2,0.5,0.866,0,0,0,1,0
2026-06-01 03:00:00,TX-BETA-02,132.88,538.52,66.55,37.95,50.89,11.96,2.238,25.44,26.32,2.42,0.898,1,Clear,11.08,0,12.94,25.99,123.94,111.3,0.0951,1.0346,3,0.7071,0.7071,0,1,0,0,0
2026-06-01 04:00:00,TX-BETA-02,130.84,490.92,59.35,44.14,53.72,14.1,2.025,17.72,8.63,0.75,0.927,0,Clear,5.6,0,9.58,30.04,111.25,103.13,0.0423,0.487,4,0.866,0.5,0,1,0,0,0
2026-06-01 05:00:00,TX-BETA-02,131.35,436.01,54.03,40.68,50.01,16.38,2.084,28.43,10.53,0.57,0.879,0,Overcast,2.85,0,9.33,24.3,99.19,87.19,0.02,0.3704,5,0.9659,0.2588,0,0,0,1,0
2026-06-01 06:00:00,TX-BETA-02,133.24,483.99,60.3,40.25,51.98,16.38,2.21,25.5,20.62,1.81,0.882,1,Rainy,7.27,0,11.73,23.87,111.69,98.51,0.071,0.8086,6,1.0,0.0,0,0,0,0,1
2026-06-01 07:00:00,TX-BETA-02,133.3,432.73,53.08,46.09,55.44,19.53,2.332,11.35,15.48,0.35,0.886,0,Clear,3.79,0,9.35,26.56,99.91,88.52,0.0308,1.3639,7,0.9659,-0.2588,0,1,0,0,0
2026-06-01 08:00:00,TX-BETA-02,134.3,431.1,52.48,49.85,58.4,23.32,2.391,69.79,9.23,0.49,0.906,0,Clear,3.79,0,8.55,26.53,100.28,90.85,0.007,0.1323,8,0.866,-0.5,0,1,0,0,0
2026-06-01 09:00:00,TX-BETA-02,130.11,586.25,72.3,56.06,70.81,27.23,2.41,22.41,25.24,1.2,0.951,1,Overcast,24.47,0,14.75,28.83,132.12,125.65,0.0535,1.1263,9,0.7071,-0.7071,1,0,0,1,0
2026-06-01 10:00:00,TX-BETA-02,131.92,628.95,77.99,57.44,73.42,26.77,2.666,40.39,33.57,0.54,0.91,1,Overcast,31.5,0,15.98,30.67,143.71,130.78,0.0134,0.8311,10,0.5,-0.866,1,0,0,1,0
2026-06-01 11:00:00,TX-BETA-02,130.91,576.27,75.57,63.31,76.54,30.31,2.37,16.87,16.96,1.52,0.903,1,Clear,30.92,0,13.23,33.0,130.67,118.0,0.0901,1.0053,11,0.2588,-0.9659,1,1,0,0,0
2026-06-01 12:00:00,TX-BETA-02,132.43,666.91,83.55,66.62,84.37,29.22,2.718,24.44,16.55,0.83,0.937,1,Clear,44.19,0,17.75,37.4,152.97,143.33,0.034,0.6772,12,0.0,-1.0,1,1,0,0,0
2026-06-01 13:00:00,TX-BETA-02,132.47,567.48,68.71,58.36,70.8,30.61,2.541,13.16,15.41,0.47,0.871,1,Overcast,23.16,0,12.44,27.75,130.21,113.41,0.0357,1.171,13,-0.2588,-0.9659,0,0,0,1,0
2026-06-01 14:00:00,TX-BETA-02,130.9,604.19,75.7,65.46,80.82,33.26,2.515,10.57,18.11,2.23,0.968,1,Clear,35.43,0,15.36,32.2,136.99,132.61,0.211,1.7133,14,-0.5,-0.866,0,1,0,0,0
2026-06-01 15:00:00,TX-BETA-02,131.29,539.89,67.25,59.1,69.33,32.46,2.075,23.09,13.3,0.34,0.872,1,Rainy,18.29,0,10.23,26.64,122.77,107.06,0.0147,0.576,15,-0.7071,-0.7071,0,0,0,0,1
2026-06-01 16:00:00,TX-BETA-02,133.1,535.52,66.27,59.25,73.83,29.18,2.255,22.22,24.29,0.46,0.941,1,Clear,22.55,0,14.58,30.07,123.46,116.18,0.0207,1.0932,16,-0.866,-0.5,0,1,0,0,0
2026-06-01 17:00:00,TX-BETA-02,131.98,418.73,54.59,54.78,64.3,30.88,2.349,42.11,10.73,1.85,0.9,0,Rainy,8.36,0,9.52,23.9,95.72,86.15,0.0439,0.2548,17,-0.9659,-0.2588,0,0,0,0,1
2026-06-01 18:00:00,TX-BETA-02,133.06,404.31,50.51,49.66,57.39,25.54,2.319,13.33,14.64,0.59,0.916,0,Overcast,2.21,0,7.73,24.12,93.18,85.35,0.0443,1.0983,18,-1.0,-0.0,1,0,0,1,0
2026-06-01 19:00:00,TX-BETA-02,130.96,452.96,56.69,50.3,59.19,24.96,2.398,23.4,23.34,2.47,0.907,0,Clear,6.29,0,8.89,25.34,102.74,93.19,0.1056,0.9974,19,-0.9659,0.2588,1,1,0,0,0
2026-06-01 20:00:00,TX-BETA-02,130.51,538.66,67.16,47.71,61.34,22.4,2.874,62.02,15.94,0.25,0.923,1,Rainy,16.37,0,13.63,25.31,121.76,112.38,0.004,0.257,20,-0.866,0.5,1,0,0,0,1
2026-06-01 21:00:00,TX-BETA-02,132.68,519.04,66.39,46.55,57.71,20.16,2.229,27.38,43.66,0.45,0.905,1,Clear,10.94,0,11.16,26.39,119.28,107.95,0.0164,1.5946,21,-0.7071,0.7071,1,1,0,0,0
2026-06-01 22:00:00,TX-BETA-02,133.54,597.2,74.02,46.47,61.68,16.08,2.573,20.92,9.49,0.8,0.927,1,Overcast,18.85,0,15.21,30.39,138.13,128.05,0.0382,0.4536,22,-0.5,0.866,0,0,0,1,0
2026-06-01 23:00:00,TX-BETA-02,132.97,615.79,76.99,46.62,63.14,17.74,2.896,15.33,14.35,0.4,0.883,1,Clear,23.73,0,16.52,28.88,141.82,125.23,0.0261,0.9361,23,-0.2588,0.9659,0,1,0,0,0
2026-06-02 00:00:00,TX-BETA-02,133.03,630.94,79.72,46.08,62.9,13.03,2.655,38.92,21.79,0.24,0.912,1,Rainy,23.68,0,16.82,33.05,145.38,132.59,0.0062,0.5599,0,0.0,1.0,0,0,0,0,1
2026-06-02 01:00:00,TX-BETA-02,132.87,667.94,84.06,46.75,65.53,12.39,5.869,13.1,8.83,5.43,0.907,1,Clear,48.0,1,18.78,34.36,153.72,139.42,0.4145,0.674,1,0.2588,0.9659,0,1,0,0,0
2026-06-02 02:00:00,TX-BETA-02,131.49,599.64,75.89,44.38,59.92,11.52,2.511,24.65,50.3,0.85,0.92,1,Clear,18.17,0,15.54,32.86,136.57,125.64,0.0345,2.0406,2,0.5,0.866,0,1,0,0,0
2026-06-02 03:00:00,TX-BETA-02,133.29,1072.83,134.1,36.54,77.23,10.96,2.295,10.39,12.03,0.85,0.915,1,Clear,53.75,1,40.69,25.58,247.68,226.63,0.0818,1.1578,3,0.7071,0.7071,0,1,0,0,0
2026-06-02 04:00:00,TX-BETA-02,130.28,474.84,59.04,39.58,47.83,12.15,2.481,18.18,17.91,0.2,0.961,0,Rainy,8.16,0,8.25,27.43,107.15,102.97,0.011,0.9851,4,0.866,0.5,0,0,0,0,1
2026-06-02 05:00:00,TX-BETA-02,131.7,442.79,54.89,39.16,47.97,15.19,2.231,251.56,137.09,22.8,0.951,0,Overcast,29.24,1,8.81,23.97,101.01,96.06,0.0906,0.545,5,0.9659,0.2588,0,0,0,1,0
2026-06-02 06:00:00,TX-BETA-02,133.18,514.09,64.52,43.56,56.11,16.58,2.377,13.58,16.81,0.72,0.916,1,Rainy,10.73,0,12.55,26.98,118.59,108.63,0.053,1.2378,6,1.0,0.0,0,0,0,0,1
2026-06-02 07:00:00,TX-BETA-02,131.11,462.6,57.65,50.89,61.78,19.62,2.586,18.24,10.69,0.49,0.931,0,Overcast,9.46,0,10.89,31.27,105.05,97.8,0.0269,0.5861,7,0.9659,-0.2588,0,0,0,1,0
2026-06-02 08:00:00,TX-BETA-02,131.69,507.73,64.18,50.71,62.7,22.84,2.618,49.84,43.45,0.26,0.908,1,Overcast,14.23,0,11.99,27.87,115.81,105.16,0.0052,0.8718,8,0.866,-0.5,0,0,0,1,0
2026-06-02 09:00:00,TX-BETA-02,130.35,498.94,61.48,49.27,60.26,23.9,2.128,14.58,23.47,0.37,0.968,1,Clear,7.68,0,10.99,25.37,112.65,109.05,0.0254,1.6097,9,0.7071,-0.7071,1,1,0,0,0
2026-06-02 10:00:00,TX-BETA-02,129.77,527.31,68.3,57.97,71.43,26.66,2.764,16.67,27.83,0.59,0.939,1,Clear,24.78,0,13.46,31.31,118.52,111.29,0.0354,1.6695,10,0.5,-0.866,1,1,0,0,0
2026-06-02 11:00:00,TX-BETA-02,133.32,598.37,76.46,63.93,80.04,30.63,3.057,41.13,8.53,0.44,0.928,1,Overcast,38.48,0,16.11,33.3,138.17,128.22,0.0107,0.2074,11,0.2588,-0.9659,1,0,0,1,0
2026-06-02 12:00:00,TX-BETA-02,128.39,635.16,78.5,61.41,78.28,30.68,2.495,34.37,14.44,0.47,0.951,1,Clear,34.82,0,16.87,30.73,141.25,134.33,0.0137,0.4201,12,0.0,-1.0,1,1,0,0,0
2026-06-02 13:00:00,TX-BETA-02,129.67,684.56,83.75,65.22,82.61,30.61,2.874,14.21,11.09,0.53,0.953,1,Clear,43.78,0,17.39,34.61,153.75,146.52,0.0373,0.7804,13,-0.2588,-0.9659,0,1,0,0,0
2026-06-02 14:00:00,TX-BETA-02,130.48,587.6,72.44,59.73,75.44,31.48,2.577,10.26,17.57,1.76,0.99,1,Clear,29.41,0,15.71,28.25,132.8,131.47,0.1715,1.7125,14,-0.5,-0.866,0,1,0,0,0
2026-06-02 15:00:00,TX-BETA-02,132.67,525.02,66.8,59.2,71.62,31.62,2.597,12.31,25.34,1.45,0.894,1,Rainy,23.06,0,12.42,27.58,120.64,107.85,0.1178,2.0585,15,-0.7071,-0.7071,0,0,0,0,1
2026-06-02 16:00:00,TX-BETA-02,134.37,496.75,62.62,54.49,64.61,31.32,2.392,59.41,10.32,0.36,0.921,1,Clear,13.56,0,10.12,23.17,115.61,106.48,0.0061,0.1737,16,-0.866,-0.5,0,1,0,0,0
2026-06-02 17:00:00,TX-BETA-02,131.02,434.17,54.08,56.43,66.31,29.25,2.719,24.15,11.68,0.47,0.921,0,Rainy,11.95,0,9.88,27.18,98.53,90.75,0.0195,0.4836,17,-0.9659,-0.2588,0,0,0,0,1
2026-06-02 18:00:00,TX-BETA-02,131.36,426.27,52.8,53.42,63.55,27.15,1.724,23.7,11.85,0.61,0.888,0,Rainy,4.59,0,10.13,26.27,96.99,86.13,0.0257,0.5,18,-1.0,-0.0,1,0,0,0,1
2026-06-02 19:00:00,TX-BETA-02,129.4,479.04,61.04,50.04,60.55,24.82,2.233,11.56,18.4,0.99,0.887,1,Clear,8.3,0,10.51,25.22,107.37,95.24,0.0856,1.5917,19,-0.9659,0.2588,1,1,0,0,0
2026-06-02 20:00:00,TX-BETA-02,130.08,509.36,63.35,48.59,59.45,22.69,2.343,21.5,40.94,0.93,0.952,1,Rainy,9.84,0,10.86,25.9,114.76,109.25,0.0433,1.9042,20,-0.866,0.5,1,0,0,0,1
2026-06-02 21:00:00,TX-BETA-02,132.04,557.53,70.58,46.33,58.48,18.42,2.27,51.04,13.42,0.6,0.943,1,Overcast,13.63,0,12.15,27.91,127.51,120.24,0.0118,0.2629,21,-0.7071,0.7071,1,0,0,1,0
2026-06-02 22:00:00,TX-BETA-02,134.39,544.06,67.18,47.25,60.87,17.8,2.314,15.56,16.5,0.61,0.923,1,Clear,12.63,0,13.62,29.45,126.64,116.89,0.0392,1.0604,22,-0.5,0.866,0,1,0,0,0
2026-06-02 23:00:00,TX-BETA-02,130.67,599.18,74.61,47.44,61.16,16.79,2.422,40.93,28.22,0.41,0.972,1,Overcast,17.85,0,13.72,30.65,135.61,131.81,0.01,0.6895,23,-0.2588,0.9659,0,0,0,1,0
2026-06-03 00:00:00,TX-BETA-02,131.3,598.16,75.63,42.28,56.36,11.97,2.323,15.03,15.81,0.36,0.969,1,Overcast,16.89,0,14.08,30.31,136.03,131.81,0.024,1.0519,0,0.0,1.0,0,0,0,1,0
2026-06-03 01:00:00,TX-BETA-02,131.91,613.44,75.14,46.45,62.87,12.42,2.535,31.15,15.93,0.29,0.924,1,Rainy,20.27,0,16.42,34.03,140.16,129.51,0.0093,0.5114,1,0.2588,0.9659,0,0,0,0,1
2026-06-03 02:00:00,TX-BETA-02,133.25,682.8,84.82,46.46,64.19,9.92,2.977,14.8,27.38,0.58,0.959,1,Clear,29.67,0,17.73,36.54,157.59,151.13,0.0392,1.85,2,0.5,0.866,0,1,0,0,0
2026-06-03 03:00:00,TX-BETA-02,133.17,600.29,73.59,41.03,56.0,10.86,2.576,12.83,30.81,1.88,0.892,1,Overcast,17.22,0,14.97,30.17,138.46,123.51,0.1465,2.4014,3,0.7071,0.7071,0,0,0,1,0
2026-06-03 04:00:00,TX-BETA-02,133.03,468.77,58.07,43.27,52.69,11.57,2.23,22.64,13.79,1.33,0.925,0,Overcast,6.09,0,9.42,31.7,108.01,99.91,0.0587,0.6091,4,0.866,0.5,0,0,0,1,0
2026-06-03 05:00:00,TX-BETA-02,131.71,449.83,56.72,43.67,54.34,14.73,2.205,25.38,14.41,0.48,0.9,0,Clear,5.15,0,10.67,28.94,102.62,92.36,0.0189,0.5678,5,0.9659,0.2588,0,1,0,0,0
2026-06-03 06:00:00,TX-BETA-02,130.59,415.17,52.16,43.51,52.95,19.09,2.219,15.19,10.2,0.58,0.924,0,Clear,2.57,0,9.44,24.42,93.91,86.77,0.0382,0.6715,6,1.0,0.0,0,1,0,0,0
2026-06-03 07:00:00,TX-BETA-02,130.68,532.57,64.92,42.33,53.82,19.54,2.604,38.93,27.45,0.54,0.91,1,Clear,12.32,0,11.49,22.79,120.54,109.69,0.0139,0.7051,7,0.9659,-0.2588,0,1,0,0,0
2026-06-03 08:00:00,TX-BETA-02,134.73,514.2,64.76,48.48,59.36,21.75,2.689,16.9,22.06,0.59,0.904,1,Rainy,12.75,0,10.88,26.73,119.99,108.47,0.0349,1.3053,8,0.866,-0.5,0,0,0,0,1
2026-06-03 09:00:00,TX-BETA-02,132.55,506.91,64.79,49.42,62.19,24.95,2.281,28.08,14.17,0.26,0.943,1,Overcast,12.14,0,12.77,24.47,116.38,109.75,0.0093,0.5046,9,0.7071,-0.7071,1,0,0,1,0
2026-06-03 10:00:00,TX-BETA-02,130.93,636.15,76.87,58.91,74.8,26.27,3.105,10.27,40.4,0.27,0.908,1,Overcast,34.64,0,15.89,32.64,144.26,130.99,0.0263,3.9338,10,0.5,-0.866,1,0,0,1,0
2026-06-03 11:00:00,TX-BETA-02,133.88,634.78,79.6,58.77,75.13,28.6,2.285,42.82,15.29,0.85,0.911,1,Clear,31.58,0,16.36,30.17,147.2,134.1,0.0199,0.3571,11,0.2588,-0.9659,1,1,0,0,0
2026-06-03 12:00:00,TX-BETA-02,129.02,603.64,76.22,63.5,79.06,33.05,2.733,10.2,8.24,3.09,0.878,1,Rainy,35.57,0,15.56,30.45,134.89,118.43,0.3029,0.8078,12,0.0,-1.0,1,0,0,0,1
2026-06-03 13:00:00,TX-BETA-02,130.51,636.14,82.42,70.04,87.62,31.89,2.724,31.16,15.22,0.24,0.94,1,Clear,46.27,0,17.58,38.15,143.8,135.17,0.0077,0.4884,13,-0.2588,-0.9659,0,1,0,0,0
2026-06-03 14:00:00,TX-BETA-02,131.78,601.95,77.71,67.73,83.49,32.54,2.563,27.49,10.07,1.44,0.931,1,Clear,39.12,0,15.76,35.19,137.39,127.91,0.0524,0.3663,14,-0.5,-0.866,0,1,0,0,0
2026-06-03 15:00:00,TX-BETA-02,134.25,527.32,65.97,58.55,69.57,31.98,2.371,30.94,37.11,0.85,0.896,1,Overcast,19.51,0,11.02,26.57,122.62,109.87,0.0275,1.1994,15,-0.7071,-0.7071,0,0,0,1,0
2026-06-03 16:00:00,TX-BETA-02,131.43,534.82,64.22,57.3,70.55,31.69,2.642,43.27,16.45,0.26,0.903,1,Overcast,20.94,0,13.25,25.61,121.75,109.94,0.006,0.3802,16,-0.866,-0.5,0,0,0,1,0
2026-06-03 17:00:00,TX-BETA-02,132.49,435.49,52.89,54.17,61.9,28.11,2.353,30.04,8.87,1.8,0.86,0,Clear,5.38,0,7.73,26.06,99.94,85.95,0.0599,0.2953,17,-0.9659,-0.2588,0,1,0,0,0
2026-06-03 18:00:00,TX-BETA-02,132.57,479.3,60.59,52.17,62.4,28.88,2.503,34.73,13.29,0.29,0.935,1,Overcast,11.2,0,10.23,23.29,110.06,102.91,0.0084,0.3827,18,-1.0,-0.0,1,0,0,1,0
2026-06-03 19:00:00,TX-BETA-02,131.39,414.47,52.8,44.93,52.25,21.88,2.127,12.35,11.53,2.17,0.834,0,Overcast,2.4,0,7.32,23.05,94.32,78.66,0.1757,0.9336,19,-0.9659,0.2588,1,0,0,1,0
2026-06-03 20:00:00,TX-BETA-02,131.51,514.35,63.63,45.76,58.28,22.86,2.164,25.16,32.95,0.27,0.914,1,Clear,8.93,0,12.52,22.9,117.16,107.08,0.0107,1.3096,20,-0.866,0.5,1,1,0,0,0
2026-06-03 21:00:00,TX-BETA-02,131.32,541.06,65.77,42.96,55.66,15.98,2.393,18.66,17.34,2.95,0.932,1,Rainy,11.56,0,12.7,26.98,123.07,114.7,0.1581,0.9293,21,-0.7071,0.7071,1,0,0,0,1
2026-06-03 22:00:00,TX-BETA-02,133.14,618.12,79.69,52.22,67.91,19.67,2.562,27.86,10.16,1.32,0.938,1,Overcast,27.28,0,15.69,32.55,142.54,133.7,0.0474,0.3647,22,-0.5,0.866,0,0,0,1,0
2026-06-03 23:00:00,TX-BETA-02,133.35,622.19,77.1,45.76,60.3,15.01,2.615,15.84,14.96,1.63,0.919,1,Overcast,19.74,0,14.54,30.75,143.71,132.07,0.1029,0.9444,23,-0.2588,0.9659,0,0,0,1,0
2026-06-04 00:00:00,TX-BETA-02,133.5,614.64,77.51,42.23,57.88,11.59,2.629,10.75,15.13,0.67,0.869,1,Clear,19.82,0,15.65,30.64,142.12,123.5,0.0623,1.4074,0,0.0,1.0,0,1,0,0,0
2026-06-04 01:00:00,TX-BETA-02,131.38,688.52,85.88,41.63,60.48,11.37,2.87,16.26,47.2,0.83,0.959,2,Overcast,26.56,0,18.85,30.26,156.68,150.26,0.051,2.9028,1,0.2588,0.9659,0,0,0,1,0
2026-06-04 02:00:00,TX-BETA-02,130.07,609.43,74.54,44.96,61.42,13.07,2.321,11.12,11.56,1.2,0.877,1,Clear,17.42,0,16.46,31.89,137.3,120.41,0.1079,1.0396,2,0.5,0.866,0,1,0,0,0
2026-06-04 03:00:00,TX-BETA-02,130.87,511.48,62.85,37.43,48.47,12.11,2.18,40.33,11.18,0.95,0.922,1,Clear,8.58,0,11.04,25.32,115.94,106.9,0.0236,0.2772,3,0.7071,0.7071,0,1,0,0,0
2026-06-04 04:00:00,TX-BETA-02,130.23,521.61,64.3,38.24,48.72,14.05,2.403,10.87,9.01,4.14,0.925,1,Rainy,10.76,0,10.48,24.19,117.66,108.84,0.3809,0.8289,4,0.866,0.5,0,0,0,0,1
2026-06-04 05:00:00,TX-BETA-02,131.29,426.66,52.04,40.16,48.88,14.96,1.952,26.88,26.02,0.85,0.889,0,Clear,1.19,0,8.72,25.2,97.02,86.25,0.0316,0.968,5,0.9659,0.2588,0,1,0,0,0
2026-06-04 06:00:00,TX-BETA-02,132.83,414.71,52.88,44.34,53.84,17.27,1.897,17.42,10.6,1.25,0.89,0,Rainy,1.68,0,9.5,27.07,95.41,84.91,0.0718,0.6085,6,1.0,0.0,0,0,0,0,1
2026-06-04 07:00:00,TX-BETA-02,132.29,473.87,56.82,43.53,52.18,18.24,2.044,12.68,13.41,0.43,0.9,0,Overcast,4.24,0,8.65,25.29,108.58,97.72,0.0339,1.0576,7,0.9659,-0.2588,0,0,0,1,0
2026-06-04 08:00:00,TX-BETA-02,132.41,501.93,61.29,49.09,61.33,23.84,2.125,11.25,10.43,0.91,0.876,1,Overcast,8.45,0,12.24,25.25,115.11,100.84,0.0809,0.9271,8,0.866,-0.5,0,0,0,1,0
2026-06-04 09:00:00,TX-BETA-02,133.4,532.41,68.38,50.01,65.71,24.27,2.459,20.8,16.21,0.52,0.917,1,Clear,18.23,0,15.7,25.74,123.02,112.81,0.025,0.7793,9,0.7071,-0.7071,1,1,0,0,0
2026-06-04 10:00:00,TX-BETA-02,129.11,562.98,70.17,53.67,66.33,24.66,2.341,11.85,19.49,0.67,0.944,1,Overcast,19.09,0,12.66,29.01,125.9,118.85,0.0565,1.6447,10,0.5,-0.866,1,0,0,1,0
2026-06-04 11:00:00,TX-BETA-02,134.58,591.69,73.71,60.46,74.89,29.28,2.269,35.52,30.21,0.79,0.891,1,Clear,27.85,0,14.43,31.18,137.92,122.89,0.0222,0.8505,11,0.2588,-0.9659,1,1,0,0,0
2026-06-04 12:00:00,TX-BETA-02,132.86,692.57,86.0,61.25,79.64,30.34,2.842,43.47,15.36,1.1,0.901,2,Clear,42.42,0,18.39,30.91,159.37,143.59,0.0253,0.3533,12,0.0,-1.0,1,1,0,0,0
2026-06-04 13:00:00,TX-BETA-02,131.31,634.01,79.11,65.7,82.26,31.57,2.645,36.85,22.37,0.48,0.924,1,Clear,39.4,0,16.56,34.13,144.2,133.24,0.013,0.6071,13,-0.2588,-0.9659,0,1,0,0,0
2026-06-04 14:00:00,TX-BETA-02,133.19,584.24,72.47,59.89,74.23,32.07,2.494,11.27,23.12,0.43,0.924,1,Rainy,27.93,0,14.34,27.82,134.78,124.54,0.0382,2.0515,14,-0.5,-0.866,0,0,0,0,1
2026-06-04 15:00:00,TX-BETA-02,130.69,549.86,69.6,62.46,76.04,30.59,1.939,63.38,11.88,1.46,0.923,1,Overcast,24.8,0,13.58,31.87,124.47,114.89,0.023,0.1874,15,-0.7071,-0.7071,0,0,0,1,0
2026-06-04 16:00:00,TX-BETA-02,130.03,482.07,59.94,58.33,66.78,31.27,2.248,21.95,24.56,1.43,0.919,0,Overcast,12.94,0,8.45,27.06,108.57,99.78,0.0651,1.1189,16,-0.866,-0.5,0,0,0,1,0
2026-06-04 17:00:00,TX-BETA-02,130.56,466.44,57.12,59.18,68.22,29.46,1.936,37.11,9.93,0.69,0.913,0,Clear,11.01,0,9.04,29.72,105.48,96.3,0.0186,0.2676,17,-0.9659,-0.2588,0,1,0,0,0
2026-06-04 18:00:00,TX-BETA-02,131.21,433.74,53.17,54.32,64.57,27.59,2.056,58.79,15.37,0.42,0.93,0,Overcast,5.99,0,10.25,26.73,98.57,91.67,0.0071,0.2614,18,-1.0,-0.0,1,0,0,1,0
2026-06-04 19:00:00,TX-BETA-02,133.75,423.91,52.99,73.07,90.22,24.79,2.546,13.98,18.23,1.58,0.87,0,Clear,40.2,1,17.15,48.28,98.2,85.43,0.113,1.304,19,-0.9659,0.2588,1,1,0,0,0
2026-06-04 20:00:00,TX-BETA-02,131.84,544.11,68.49,49.78,63.15,22.0,2.192,28.8,37.82,1.18,0.885,1,Clear,14.56,0,13.37,27.78,124.25,109.96,0.041,1.3132,20,-0.866,0.5,1,1,0,0,0
2026-06-04 21:00:00,TX-BETA-02,134.39,546.88,69.07,49.71,63.4,21.8,2.364,29.36,35.02,0.3,0.896,1,Clear,16.15,0,13.69,27.91,127.3,114.06,0.0102,1.1928,21,-0.7071,0.7071,1,1,0,0,0
2026-06-04 22:00:00,TX-BETA-02,132.46,538.49,68.86,46.83,59.0,18.13,2.551,24.7,12.92,0.39,0.911,1,Clear,14.31,0,12.17,28.7,123.54,112.54,0.0158,0.5231,22,-0.5,0.866,0,1,0,0,0
2026-06-04 23:00:00,TX-BETA-02,131.52,637.54,81.67,47.44,64.72,14.67,2.759,39.6,18.01,0.34,0.954,1,Clear,26.96,0,17.28,32.77,145.23,138.55,0.0086,0.4548,23,-0.2588,0.9659,0,1,0,0,0
2026-06-05 00:00:00,TX-BETA-02,133.36,648.44,81.22,50.58,66.12,14.29,2.856,71.65,21.21,0.24,0.918,1,Overcast,28.45,0,15.54,36.29,149.78,137.5,0.0033,0.296,0,0.0,1.0,0,0,0,1,0
2026-06-05 01:00:00,TX-BETA-02,129.55,603.57,75.98,39.88,53.89,9.98,2.581,15.78,18.75,0.26,0.935,1,Clear,18.64,0,14.01,29.9,135.43,126.63,0.0165,1.1882,1,0.2588,0.9659,0,1,0,0,0
2026-06-05 02:00:00,TX-BETA-02,133.24,623.0,76.66,47.36,62.66,12.71,2.602,24.57,26.05,0.76,0.912,1,Clear,21.38,0,15.3,34.65,143.77,131.12,0.0309,1.0602,2,0.5,0.866,0,1,0,0,0
2026-06-05 03:00:00,TX-BETA-02,131.46,581.19,71.58,45.32,59.43,13.99,2.694,20.94,18.35,1.31,0.93,1,Clear,16.75,0,14.11,31.33,132.33,123.07,0.0626,0.8763,3,0.7071,0.7071,0,1,0,0,0
2026-06-05 04:00:00,TX-BETA-02,130.64,508.92,63.66,42.56,53.07,16.12,2.127,37.29,8.9,1.9,0.943,1,Overcast,8.73,0,10.51,26.44,115.16,108.6,0.051,0.2387,4,0.866,0.5,0,0,0,1,0
2026-06-05 05:00:00,TX-BETA-02,134.56,460.18,58.49,42.47,51.29,15.15,2.52,10.76,8.38,0.85,0.882,0,Clear,8.07,0,8.82,27.32,107.25,94.59,0.079,0.7788,5,0.9659,0.2588,0,1,0,0,0
2026-06-05 06:00:00,TX-BETA-02,130.85,418.03,52.37,42.27,50.81,15.44,2.203,50.07,8.06,1.3,0.916,0,Clear,2.6,0,8.54,26.83,94.74,86.78,0.026,0.161,6,1.0,0.0,0,1,0,0,0
2026-06-05 07:00:00,TX-BETA-02,132.11,432.9,53.19,45.42,54.37,19.22,2.014,46.91,10.81,1.08,0.886,0,Overcast,1.94,0,8.95,26.2,99.06,87.77,0.023,0.2304,7,0.9659,-0.2588,0,0,0,1,0
2026-06-05 08:00:00,TX-BETA-02,131.48,448.04,58.34,51.74,60.99,22.61,2.463,26.29,10.07,1.13,0.885,0,Clear,8.47,0,9.25,29.13,102.03,90.3,0.043,0.383,8,0.866,-0.5,0,1,0,0,0
2026-06-05 09:00:00,TX-BETA-02,132.83,509.78,64.15,51.24,62.25,25.58,2.397,17.45,22.99,1.06,0.917,1,Clear,12.51,0,11.01,25.66,117.28,107.55,0.0607,1.3175,9,0.7071,-0.7071,1,1,0,0,0
2026-06-05 10:00:00,TX-BETA-02,132.05,600.07,72.74,56.91,70.14,26.01,2.261,10.39,13.01,1.5,0.89,1,Clear,23.28,0,13.23,30.9,137.25,122.15,0.1444,1.2522,10,0.5,-0.866,1,1,0,0,0
2026-06-05 11:00:00,TX-BETA-02,131.98,631.97,78.14,60.46,76.67,28.49,2.532,21.94,10.97,0.65,0.938,1,Overcast,33.5,0,16.21,31.97,144.47,135.51,0.0296,0.5,11,0.2588,-0.9659,1,0,0,1,0
2026-06-05 12:00:00,TX-BETA-02,130.92,616.85,77.54,61.22,76.73,30.07,2.724,10.32,11.03,0.25,0.929,1,Clear,34.35,0,15.51,31.15,139.88,129.95,0.0242,1.0688,12,0.0,-1.0,1,1,0,0,0
2026-06-05 13:00:00,TX-BETA-02,132.22,585.25,72.07,58.79,74.56,31.77,2.375,19.01,31.32,2.51,0.882,1,Overcast,27.25,0,15.77,27.02,134.03,118.21,0.132,1.6476,13,-0.2588,-0.9659,0,0,0,1,0
2026-06-05 14:00:00,TX-BETA-02,135.36,567.95,72.17,62.05,76.46,30.39,2.71,18.68,8.84,0.7,0.892,1,Overcast,30.91,0,14.41,31.66,133.16,118.78,0.0375,0.4732,14,-0.5,-0.866,0,0,0,1,0
2026-06-05 15:00:00,TX-BETA-02,133.62,570.15,72.61,62.66,74.3,31.63,2.477,17.93,11.16,0.32,0.9,1,Clear,27.97,0,11.64,31.03,131.95,118.76,0.0178,0.6224,15,-0.7071,-0.7071,0,1,0,0,0
2026-06-05 16:00:00,TX-BETA-02,130.1,509.01,65.34,56.37,70.56,28.89,2.493,17.34,20.5,0.24,0.923,1,Clear,20.7,0,14.19,27.48,114.7,105.87,0.0138,1.1822,16,-0.866,-0.5,0,1,0,0,0
2026-06-05 17:00:00,TX-BETA-02,131.29,444.38,57.18,55.81,65.62,30.25,1.99,34.27,14.99,0.74,0.893,0,Overcast,8.87,0,9.81,25.56,101.05,90.24,0.0216,0.4374,17,-0.9659,-0.2588,0,0,0,1,0
2026-06-05 18:00:00,TX-BETA-02,132.29,447.5,54.73,50.47,59.15,24.96,2.442,20.17,33.51,0.63,0.898,0,Clear,5.41,0,8.68,25.51,102.54,92.08,0.0312,1.6614,18,-1.0,-0.0,1,1,0,0,0
2026-06-05 19:00:00,TX-BETA-02,131.68,455.54,58.12,53.56,63.01,23.68,2.346,35.87,25.6,0.93,0.96,0,Clear,9.31,0,9.45,29.88,103.9,99.74,0.0259,0.7137,19,-0.9659,0.2588,1,1,0,0,0
2026-06-05 20:00:00,TX-BETA-02,129.29,467.13,57.03,49.38,59.89,22.03,2.28,12.69,13.76,0.32,0.853,0,Overcast,5.78,0,10.51,27.35,104.61,89.23,0.0252,1.0843,20,-0.866,0.5,1,0,0,1,0
2026-06-05 21:00:00,TX-BETA-02,131.1,551.26,68.73,48.36,62.48,19.22,2.536,12.44,8.47,1.89,0.922,1,Clear,16.21,0,14.12,29.14,125.18,115.42,0.1519,0.6809,21,-0.7071,0.7071,1,1,0,0,0
2026-06-05 22:00:00,TX-BETA-02,131.88,560.88,70.68,49.14,62.93,19.87,2.654,12.5,38.57,1.33,0.889,1,Overcast,18.43,0,13.79,29.27,128.12,113.9,0.1064,3.0856,22,-0.5,0.866,0,0,0,1,0
2026-06-05 23:00:00,TX-BETA-02,130.44,613.87,75.86,44.92,60.08,14.22,2.859,33.57,29.89,1.05,0.963,1,Clear,20.3,0,15.16,30.7,138.69,133.56,0.0313,0.8904,23,-0.2588,0.9659,0,1,0,0,0
2026-06-06 00:00:00,TX-BETA-02,130.69,622.02,78.6,44.85,61.46,12.47,2.505,27.44,9.21,2.25,0.946,1,Clear,20.93,0,16.61,32.38,140.8,133.2,0.082,0.3356,0,0.0,1.0,0,1,0,0,0
2026-06-06 01:00:00,TX-BETA-02,131.9,654.31,81.75,47.25,63.37,11.37,2.793,26.95,25.75,0.71,0.914,1,Clear,26.09,0,16.12,35.88,149.48,136.62,0.0263,0.9555,1,0.2588,0.9659,0,1,0,0,0
2026-06-06 02:00:00,TX-BETA-02,132.6,625.79,77.65,43.34,60.52,11.99,2.529,13.87,16.92,1.51,0.877,1,Overcast,19.74,0,17.18,31.35,143.73,126.05,0.1089,1.2199,2,0.5,0.866,0,0,0,1,0
2026-06-06 03:00:00,TX-BETA-02,131.83,531.61,66.35,37.66,50.22,11.81,2.385,68.48,11.75,0.23,0.941,1,Clear,11.85,0,12.56,25.85,121.39,114.23,0.0034,0.1716,3,0.7071,0.7071,0,1,0,0,0
2026-06-06 04:00:00,TX-BETA-02,133.46,477.8,58.94,41.04,51.2,13.7,1.944,22.04,19.99,0.44,0.87,0,Clear,5.22,0,10.16,27.34,110.45,96.09,0.02,0.907,4,0.866,0.5,0,1,0,0,0
2026-06-06 05:00:00,TX-BETA-02,135.22,430.42,55.73,37.5,47.8,12.44,2.428,36.87,11.45,0.95,0.861,0,Clear,5.91,0,10.3,25.06,100.81,86.8,0.0258,0.3106,5,0.9659,0.2588,0,1,0,0,0
2026-06-06 06:00:00,TX-BETA-02,131.45,430.66,54.41,40.27,49.72,14.62,2.208,29.62,8.64,1.93,0.929,0,Clear,3.82,0,9.45,25.65,98.05,91.09,0.0652,0.2917,6,1.0,0.0,0,1,0,0,0
2026-06-06 07:00:00,TX-BETA-02,133.36,456.18,56.93,45.59,54.8,19.84,2.199,34.23,19.13,0.38,0.982,0,Overcast,5.24,0,9.21,25.75,105.37,103.47,0.0111,0.5589,7,0.9659,-0.2588,0,0,0,1,0
2026-06-06 08:00:00,TX-BETA-02,130.54,557.45,67.52,47.7,59.82,22.0,2.31,21.32,12.11,0.99,0.949,1,Overcast,12.08,0,12.12,25.7,126.04,119.61,0.0464,0.568,8,0.866,-0.5,0,0,0,1,0
2026-06-06 09:00:00,TX-BETA-02,132.78,569.51,69.52,52.68,65.63,24.15,2.488,17.57,47.83,0.82,0.918,1,Clear,19.0,0,12.95,28.53,130.98,120.24,0.0467,2.7223,9,0.7071,-0.7071,1,1,0,0,0
2026-06-06 10:00:00,TX-BETA-02,132.74,632.05,79.18,61.79,78.51,28.16,2.295,36.04,9.31,2.49,0.913,1,Clear,34.21,0,16.72,33.63,145.32,132.68,0.0691,0.2583,10,0.5,-0.866,1,1,0,0,0
2026-06-06 11:00:00,TX-BETA-02,134.03,669.96,84.33,59.49,76.25,28.09,2.45,10.81,21.88,0.66,0.901,1,Rainy,36.27,0,16.76,31.4,155.53,140.13,0.0611,2.024,11,0.2588,-0.9659,1,0,0,0,1
2026-06-06 12:00:00,TX-BETA-02,133.43,671.31,85.66,59.39,77.65,30.58,2.623,51.26,16.81,0.56,0.891,2,Clear,39.25,0,18.26,28.81,155.14,138.23,0.0109,0.3279,12,0.0,-1.0,1,1,0,0,0
2026-06-06 13:00:00,TX-BETA-02,129.74,596.75,75.85,63.01,77.7,30.34,2.59,13.18,14.28,2.41,0.885,1,Overcast,33.37,0,14.69,32.67,134.1,118.68,0.1829,1.0835,13,-0.2588,-0.9659,0,0,0,1,0
2026-06-06 14:00:00,TX-BETA-02,131.77,574.69,72.27,60.23,72.4,31.32,2.699,20.6,17.93,0.5,0.91,1,Overcast,27.52,0,12.17,28.91,131.16,119.36,0.0243,0.8704,14,-0.5,-0.866,0,0,0,1,0
2026-06-06 15:00:00,TX-BETA-02,133.04,529.15,68.68,58.53,72.36,31.37,2.936,13.4,15.21,1.48,0.893,1,Clear,26.81,0,13.83,27.16,121.93,108.88,0.1104,1.1351,15,-0.7071,-0.7071,0,1,0,0,0
2026-06-06 16:00:00,TX-BETA-02,132.81,516.03,62.98,56.54,66.23,32.85,2.149,26.6,10.92,0.91,0.934,1,Overcast,13.65,0,9.69,23.69,118.7,110.87,0.0342,0.4105,16,-0.866,-0.5,0,0,0,1,0
2026-06-06 17:00:00,TX-BETA-02,133.9,450.05,55.64,59.76,70.69,30.35,2.378,16.29,9.37,0.26,0.883,0,Clear,14.46,0,10.93,29.41,104.38,92.17,0.016,0.5752,17,-0.9659,-0.2588,0,1,0,0,0
2026-06-06 18:00:00,TX-BETA-02,129.21,480.28,61.8,48.76,59.66,27.08,2.546,10.27,8.93,0.77,0.947,1,Overcast,10.16,0,10.9,21.68,107.49,101.79,0.075,0.8695,18,-1.0,-0.0,1,0,0,1,0
2026-06-06 19:00:00,TX-BETA-02,134.31,480.67,58.51,55.19,64.4,25.28,2.392,10.62,10.69,0.36,0.899,0,Clear,10.99,0,9.21,29.91,111.82,100.53,0.0339,1.0066,19,-0.9659,0.2588,1,1,0,0,0
2026-06-06 20:00:00,TX-BETA-02,129.67,543.92,66.03,43.85,56.8,18.09,2.474,20.25,9.68,1.15,0.942,1,Clear,12.19,0,12.95,25.76,122.16,115.07,0.0568,0.478,20,-0.866,0.5,1,1,0,0,0
2026-06-06 21:00:00,TX-BETA-02,133.03,589.61,71.95,50.56,64.52,19.28,2.789,52.44,16.0,0.7,0.911,1,Rainy,21.3,0,13.96,31.28,135.85,123.76,0.0133,0.3051,21,-0.7071,0.7071,1,0,0,0,1
2026-06-06 22:00:00,TX-BETA-02,132.75,596.71,74.63,46.91,61.88,15.45,2.441,25.6,29.27,0.24,0.942,1,Clear,18.58,0,14.97,31.46,137.2,129.24,0.0094,1.1434,22,-0.5,0.866,0,1,0,0,0
2026-06-06 23:00:00,TX-BETA-02,132.38,576.42,74.29,44.98,59.6,14.2,2.229,20.92,25.31,0.67,0.911,1,Overcast,15.54,0,14.62,30.78,132.17,120.41,0.032,1.2098,23,-0.2588,0.9659,0,0,0,1,0
2026-06-07 00:00:00,TX-BETA-02,132.77,615.75,75.03,41.09,56.62,10.9,2.26,18.26,16.68,0.35,0.886,1,Rainy,16.16,0,15.53,30.19,141.6,125.46,0.0192,0.9135,0,0.0,1.0,0,0,0,0,1
2026-06-07 01:00:00,TX-BETA-02,130.79,574.03,71.52,41.62,56.32,12.27,2.68,23.36,15.17,1.76,0.896,1,Clear,16.63,0,14.7,29.35,130.04,116.52,0.0753,0.6494,1,0.2588,0.9659,0,1,0,0,0
2026-06-07 02:00:00,TX-BETA-02,128.65,631.37,76.57,41.26,55.97,12.16,2.152,69.17,13.17,0.68,0.922,1,Clear,16.41,0,14.71,29.1,140.69,129.72,0.0098,0.1904,2,0.5,0.866,0,1,0,0,0
2026-06-07 03:00:00,TX-BETA-02,131.11,590.97,73.32,43.41,57.6,12.79,2.367,11.86,59.1,0.5,0.873,1,Clear,15.81,0,14.19,30.62,134.2,117.16,0.0422,4.9831,3,0.7071,0.7071,0,1,0,0,0
2026-06-07 04:00:00,TX-BETA-02,131.53,478.37,61.79,36.64,46.15,12.53,2.194,13.48,20.74,0.63,0.921,1,Overcast,8.04,0,9.51,24.11,108.98,100.37,0.0467,1.5386,4,0.866,0.5,0,0,0,1,0
2026-06-07 05:00:00,TX-BETA-02,132.39,456.38,57.48,49.93,60.27,24.26,2.598,53.5,9.83,1.02,0.898,0,Heatwave,7.95,0,10.34,25.67,104.65,93.98,0.0191,0.1837,5,0.9659,0.2588,0,0,1,0,0
2026-06-07 06:00:00,TX-BETA-02,131.58,442.12,54.66,41.68,48.92,17.28,2.221,10.23,10.98,0.46,0.908,0,Clear,4.04,0,7.24,24.4,100.76,91.49,0.045,1.0733,6,1.0,0.0,0,1,0,0,0
2026-06-07 07:00:00,TX-BETA-02,132.36,469.23,59.49,49.21,60.59,19.87,2.426,11.44,16.66,0.41,0.931,0,Rainy,8.58,0,11.38,29.34,107.57,100.15,0.0358,1.4563,7,0.9659,-0.2588,0,0,0,0,1
2026-06-07 08:00:00,TX-BETA-02,130.12,456.54,56.8,69.06,85.64,21.89,2.029,63.76,10.0,1.26,0.898,0,Clear,39.14,1,16.58,47.17,102.89,92.4,0.0198,0.1568,8,0.866,-0.5,0,1,0,0,0
2026-06-07 09:00:00,TX-BETA-02,131.59,561.09,71.52,53.31,66.29,24.44,2.4,20.07,26.95,1.07,0.868,1,Clear,20.2,0,12.98,28.87,127.88,111.0,0.0533,1.3428,9,0.7071,-0.7071,1,1,0,0,0
2026-06-07 10:00:00,TX-BETA-02,134.37,636.53,81.32,58.65,74.72,27.34,2.714,12.92,12.03,2.7,0.877,1,Overcast,34.83,0,16.07,31.31,148.14,129.92,0.209,0.9311,10,0.5,-0.866,1,0,0,1,0
2026-06-07 11:00:00,TX-BETA-02,132.42,643.31,79.1,60.76,77.66,28.8,2.7,11.84,49.83,2.77,0.951,1,Clear,35.89,0,16.9,31.96,147.55,140.32,0.234,4.2086,11,0.2588,-0.9659,1,1,0,0,0
2026-06-07 12:00:00,TX-BETA-02,130.5,659.04,83.47,70.9,89.18,36.29,2.891,11.24,16.03,0.5,0.893,1,Heatwave,44.18,0,18.28,34.61,148.96,133.02,0.0445,1.4262,12,0.0,-1.0,1,0,1,0,0
2026-06-07 13:00:00,TX-BETA-02,131.04,610.84,77.45,82.18,105.13,30.14,2.454,12.59,12.5,0.29,0.956,0,Clear,66.35,1,22.95,52.04,138.64,132.54,0.023,0.9929,13,-0.2588,-0.9659,0,1,0,0,0
2026-06-07 14:00:00,TX-BETA-02,135.1,607.33,75.72,63.23,78.88,32.42,2.896,21.31,13.13,0.79,0.945,1,Clear,36.11,0,15.65,30.81,142.12,134.3,0.0371,0.6161,14,-0.5,-0.866,0,1,0,0,0
2026-06-07 15:00:00,TX-BETA-02,131.75,541.74,69.2,59.2,73.23,32.52,2.186,41.49,14.5,2.14,0.97,1,Clear,23.34,0,14.03,26.68,123.62,119.91,0.0516,0.3495,15,-0.7071,-0.7071,0,1,0,0,0
2026-06-07 16:00:00,TX-BETA-02,132.09,487.63,61.29,55.51,67.43,32.1,2.077,26.82,11.0,0.23,0.941,1,Clear,13.23,0,11.92,23.41,111.56,104.98,0.0086,0.4101,16,-0.866,-0.5,0,1,0,0,0
2026-06-07 17:00:00,TX-BETA-02,135.37,462.02,58.89,59.13,67.76,29.72,2.15,14.62,17.22,0.68,0.955,0,Clear,12.55,0,8.63,29.41,108.33,103.46,0.0465,1.1778,17,-0.9659,-0.2588,0,1,0,0,0
2026-06-07 18:00:00,TX-BETA-02,131.44,449.2,57.78,52.07,61.2,25.91,1.819,21.56,10.73,0.34,0.933,0,Clear,5.54,0,9.13,26.16,102.27,95.42,0.0158,0.4977,18,-1.0,-0.0,1,1,0,0,0
2026-06-07 19:00:00,TX-BETA-02,136.47,449.46,56.32,52.38,61.39,24.03,2.07,34.97,43.29,0.32,0.973,0,Clear,5.27,0,9.01,28.35,106.24,103.37,0.0092,1.2379,19,-0.9659,0.2588,1,1,0,0,0
2026-06-07 20:00:00,TX-BETA-02,132.66,468.55,59.51,51.12,61.95,21.79,2.036,16.16,18.57,0.5,0.885,0,Clear,7.38,0,10.83,29.33,107.66,95.28,0.0309,1.1491,20,-0.866,0.5,1,1,0,0,0
2026-06-07 21:00:00,TX-BETA-02,130.13,506.73,62.29,43.12,54.8,19.05,2.342,23.35,15.65,0.88,0.92,1,Rainy,9.22,0,11.68,24.07,114.21,105.07,0.0377,0.6702,21,-0.7071,0.7071,1,0,0,0,1
2026-06-07 22:00:00,TX-BETA-02,132.05,548.59,70.73,46.86,60.78,15.66,2.415,34.6,12.1,1.07,0.921,1,Rainy,15.23,0,13.92,31.2,125.47,115.56,0.0309,0.3497,22,-0.5,0.866,0,0,0,0,1
2026-06-07 23:00:00,TX-BETA-02,133.05,668.82,83.16,49.72,66.78,15.04,2.839,17.38,32.09,1.23,0.86,1,Clear,30.03,0,17.06,34.68,154.13,132.55,0.0708,1.8464,23,-0.2588,0.9659,0,1,0,0,0
2026-06-08 00:00:00,TX-BETA-02,132.83,603.9,76.4,40.73,56.49,11.72,2.566,17.44,9.0,0.28,0.911,1,Overcast,18.8,0,15.76,29.01,138.94,126.57,0.0161,0.5161,0,0.0,1.0,0,0,0,1,0
2026-06-08 01:00:00,TX-BETA-02,132.04,558.81,70.69,39.09,53.08,10.42,2.305,13.28,11.48,0.35,0.884,1,Rainy,13.9,0,13.99,28.67,127.8,112.98,0.0264,0.8645,1,0.2588,0.9659,0,0,0,0,1
2026-06-08 02:00:00,TX-BETA-02,131.94,539.23,69.25,39.16,52.89,11.14,2.353,33.55,9.63,0.61,0.948,1,Clear,13.35,0,13.73,28.02,123.23,116.82,0.0182,0.287,2,0.5,0.866,0,1,0,0,0
2026-06-08 03:00:00,TX-BETA-02,132.89,485.99,60.89,35.57,45.5,12.81,2.215,39.27,12.43,1.06,0.942,1,Clear,7.64,0,9.93,22.76,111.86,105.37,0.027,0.3165,3,0.7071,0.7071,0,1,0,0,0
2026-06-08 04:00:00,TX-BETA-02,132.39,482.68,61.12,38.32,47.19,15.44,2.036,12.21,16.48,0.31,0.933,1,Overcast,6.7,0,8.87,22.88,110.68,103.26,0.0254,1.3497,4,0.866,0.5,0,0,0,1,0
2026-06-08 05:00:00,TX-BETA-02,131.57,410.63,49.89,38.74,47.72,14.77,2.035,16.38,20.76,1.19,0.912,0,Clear,0.21,0,8.98,23.97,93.58,85.34,0.0726,1.2674,5,0.9659,0.2588,0,1,0,0,0
2026-06-08 06:00:00,TX-BETA-02,131.45,475.77,58.59,45.27,53.99,14.79,2.121,16.3,14.35,1.22,0.88,0,Rainy,5.74,0,8.72,30.48,108.32,95.32,0.0748,0.8804,6,1.0,0.0,0,0,0,0,1
2026-06-08 07:00:00,TX-BETA-02,133.16,436.01,54.31,45.14,53.73,19.42,2.295,41.35,8.23,1.25,0.923,0,Overcast,4.29,0,8.59,25.72,100.56,92.82,0.0302,0.199,7,0.9659,-0.2588,0,0,0,1,0
2026-06-08 08:00:00,TX-BETA-02,131.91,495.78,60.94,45.09,57.85,21.31,2.53,20.57,28.39,1.78,0.888,1,Clear,9.56,0,12.76,23.78,113.27,100.58,0.0865,1.3802,8,0.866,-0.5,0,1,0,0,0
2026-06-08 09:00:00,TX-BETA-02,134.91,603.22,74.34,53.81,69.1,23.73,2.371,10.07,39.03,0.3,0.94,1,Clear,24.01,0,15.29,30.08,140.96,132.5,0.0298,3.8759,9,0.7071,-0.7071,1,1,0,0,0
2026-06-08 10:00:00,TX-BETA-02,129.9,593.15,71.53,54.46,69.07,25.5,2.68,29.36,22.37,0.5,0.919,1,Clear,24.2,0,14.61,28.96,133.45,122.64,0.017,0.7619,10,0.5,-0.866,1,1,0,0,0
2026-06-08 11:00:00,TX-BETA-02,131.38,618.09,78.31,61.32,77.37,28.74,2.715,46.56,26.2,1.33,0.897,1,Overcast,35.28,0,16.05,32.58,140.65,126.16,0.0286,0.5627,11,0.2588,-0.9659,1,0,0,1,0
2026-06-08 12:00:00,TX-BETA-02,132.44,686.52,85.77,63.41,81.85,32.28,2.825,11.31,15.91,0.78,0.946,2,Clear,44.02,0,18.44,31.13,157.48,148.98,0.069,1.4067,12,0.0,-1.0,1,1,0,0,0
2026-06-08 13:00:00,TX-BETA-02,132.16,704.4,88.59,64.73,86.09,32.84,3.121,12.69,9.58,3.33,0.91,2,Clear,50.98,0,21.36,31.89,161.24,146.73,0.2624,0.7549,13,-0.2588,-0.9659,0,1,0,0,0
2026-06-08 14:00:00,TX-BETA-02,134.41,570.8,69.82,59.42,70.62,32.6,2.3,39.88,39.79,0.49,0.873,1,Overcast,22.21,0,11.2,26.82,132.89,116.01,0.0123,0.9977,14,-0.5,-0.866,0,0,0,1,0
2026-06-08 15:00:00,TX-BETA-02,129.14,565.5,69.73,55.82,69.61,29.7,2.666,38.78,11.69,0.79,0.954,1,Clear,23.51,0,13.79,26.12,126.49,120.67,0.0204,0.3014,15,-0.7071,-0.7071,0,1,0,0,0
2026-06-08 16:00:00,TX-BETA-02,134.3,517.96,64.0,58.54,70.51,33.0,2.164,14.82,9.0,0.65,0.899,1,Clear,17.91,0,11.97,25.54,120.48,108.31,0.0439,0.6073,16,-0.866,-0.5,0,1,0,0,0
2026-06-08 17:00:00,TX-BETA-02,133.76,488.63,62.04,56.62,67.53,30.12,2.322,27.89,13.66,2.49,0.959,1,Overcast,15.23,0,10.91,26.5,113.21,108.57,0.0893,0.4898,17,-0.9659,-0.2588,0,0,0,1,0
2026-06-08 18:00:00,TX-BETA-02,131.54,398.09,52.39,48.91,57.48,26.06,2.316,29.36,14.87,1.0,0.924,0,Clear,3.29,0,8.57,22.85,90.7,83.81,0.0341,0.5065,18,-1.0,-0.0,1,1,0,0,0
2026-06-08 19:00:00,TX-BETA-02,129.51,546.73,67.57,51.29,62.82,24.51,2.592,40.78,15.96,0.49,0.899,1,Clear,16.15,0,11.53,26.78,122.64,110.25,0.012,0.3914,19,-0.9659,0.2588,1,1,0,0,0
2026-06-08 20:00:00,TX-BETA-02,133.97,485.74,61.9,44.51,57.39,20.82,2.241,11.71,30.46,1.26,0.952,1,Clear,8.39,0,12.88,23.69,112.71,107.3,0.1076,2.6012,20,-0.866,0.5,1,1,0,0,0
2026-06-08 21:00:00,TX-BETA-02,131.87,483.29,60.89,48.03,61.2,27.05,2.31,21.88,8.5,0.5,0.937,1,Heatwave,8.21,0,13.17,20.98,110.39,103.44,0.0229,0.3885,21,-0.7071,0.7071,1,0,1,0,0
2026-06-08 22:00:00,TX-BETA-02,131.02,600.4,75.81,49.72,61.88,16.53,2.644,14.38,16.44,0.22,0.904,1,Rainy,20.49,0,12.16,33.19,136.25,123.17,0.0153,1.1433,22,-0.5,0.866,0,0,0,0,1
2026-06-08 23:00:00,TX-BETA-02,128.56,678.64,84.45,50.81,69.88,14.37,2.906,13.43,12.95,0.71,0.945,1,Overcast,33.77,0,19.07,36.44,151.11,142.8,0.0529,0.9643,23,-0.2588,0.9659,0,0,0,1,0
2026-06-09 00:00:00,TX-BETA-02,132.41,626.53,78.39,42.72,58.21,12.31,2.588,20.04,22.53,0.78,0.936,1,Clear,20.09,0,15.49,30.41,143.69,134.49,0.0389,1.1243,0,0.0,1.0,0,1,0,0,0
2026-06-09 01:00:00,TX-BETA-02,131.04,576.69,70.76,43.06,56.08,13.76,2.385,35.01,11.02,1.21,0.899,1,Clear,14.42,0,13.02,29.3,130.89,117.67,0.0346,0.3148,1,0.2588,0.9659,0,1,0,0,0
2026-06-09 02:00:00,TX-BETA-02,131.58,637.64,82.24,43.87,61.31,9.52,2.878,26.07,35.05,0.6,0.925,1,Clear,25.17,0,17.44,34.35,145.32,134.42,0.023,1.3445,2,0.5,0.866,0,1,0,0,0
2026-06-09 03:00:00,TX-BETA-02,132.21,581.02,70.54,41.7,57.39,14.23,2.598,15.85,15.88,0.97,0.946,1,Clear,15.57,0,15.69,27.47,133.05,125.87,0.0612,1.0019,3,0.7071,0.7071,0,1,0,0,0
2026-06-09 04:00:00,TX-BETA-02,131.11,523.59,63.51,35.87,48.56,13.36,1.888,21.76,16.25,0.32,0.887,1,Clear,7.88,0,12.69,22.51,118.9,105.46,0.0147,0.7468,4,0.866,0.5,0,1,0,0,0
2026-06-09 05:00:00,TX-BETA-02,133.21,485.97,60.99,41.76,53.02,16.9,2.275,35.76,31.09,0.35,0.958,1,Clear,8.06,0,11.26,24.86,112.13,107.42,0.0098,0.8694,5,0.9659,0.2588,0,1,0,0,0
2026-06-09 06:00:00,TX-BETA-02,130.72,419.37,53.23,42.97,51.58,17.83,2.161,18.41,14.29,0.3,0.941,0,Overcast,2.85,0,8.61,25.14,94.95,89.35,0.0163,0.7762,6,1.0,0.0,0,0,0,1,0
2026-06-09 07:00:00,TX-BETA-02,132.66,487.36,60.42,43.56,54.34,20.57,2.331,22.68,42.94,0.67,0.927,1,Clear,8.06,0,10.78,22.99,111.98,103.81,0.0295,1.8933,7,0.9659,-0.2588,0,1,0,0,0
2026-06-09 08:00:00,TX-BETA-02,132.58,503.97,61.3,47.44,59.26,24.38,2.319,38.12,9.64,0.28,0.916,1,Clear,8.5,0,11.82,23.06,115.73,106.01,0.0073,0.2529,8,0.866,-0.5,0,1,0,0,0
2026-06-09 09:00:00,TX-BETA-02,131.76,538.09,66.38,53.0,65.26,25.16,2.738,11.96,39.56,0.68,0.912,1,Clear,18.36,0,12.26,27.84,122.8,111.99,0.0569,3.3077,9,0.7071,-0.7071,1,1,0,0,0
2026-06-09 10:00:00,TX-BETA-02,133.87,578.18,73.59,61.0,76.53,29.36,2.522,20.08,15.18,0.38,0.952,1,Clear,30.67,0,15.53,31.64,134.06,127.63,0.0189,0.756,10,0.5,-0.866,1,1,0,0,0
2026-06-09 11:00:00,TX-BETA-02,133.54,641.69,81.14,60.09,77.74,27.48,2.541,12.08,15.26,0.77,0.886,1,Overcast,36.19,0,17.65,32.61,148.42,131.5,0.0637,1.2632,11,0.2588,-0.9659,1,0,0,1,0
2026-06-09 12:00:00,TX-BETA-02,131.32,601.33,76.11,57.78,72.14,29.4,2.878,29.07,12.92,0.47,0.927,1,Clear,30.62,0,14.36,28.38,136.77,126.79,0.0162,0.4444,12,0.0,-1.0,1,1,0,0,0
2026-06-09 13:00:00,TX-BETA-02,132.13,603.61,75.23,64.55,79.39,31.48,2.797,13.76,16.61,0.84,0.941,1,Overcast,35.66,0,14.84,33.07,138.14,129.99,0.061,1.2071,13,-0.2588,-0.9659,0,0,0,1,0
2026-06-09 14:00:00,TX-BETA-02,131.95,582.27,74.96,64.84,79.35,32.29,2.632,14.36,23.79,0.34,0.921,1,Clear,34.47,0,14.51,32.55,133.07,122.56,0.0237,1.6567,14,-0.5,-0.866,0,1,0,0,0
2026-06-09 15:00:00,TX-BETA-02,133.29,488.82,63.68,56.55,67.32,33.25,2.482,42.4,19.49,0.65,0.964,1,Rainy,16.97,0,10.77,23.3,112.85,108.79,0.0153,0.4597,15,-0.7071,-0.7071,0,0,0,0,1
2026-06-09 16:00:00,TX-BETA-02,133.59,505.68,63.9,56.21,69.65,29.75,2.256,17.33,10.85,1.0,0.951,1,Clear,17.69,0,13.44,26.46,117.01,111.28,0.0577,0.6261,16,-0.866,-0.5,0,1,0,0,0
2026-06-09 17:00:00,TX-BETA-02,133.81,440.63,54.9,59.7,69.73,31.45,2.12,13.38,8.98,1.44,0.931,0,Clear,11.68,0,10.03,28.25,102.12,95.07,0.1076,0.6712,17,-0.9659,-0.2588,0,1,0,0,0
2026-06-09 18:00:00,TX-BETA-02,133.92,467.44,58.33,55.6,65.76,27.53,1.883,21.37,27.65,1.45,0.881,0,Overcast,9.66,0,10.16,28.07,108.43,95.53,0.0679,1.2939,18,-1.0,-0.0,1,0,0,1,0
2026-06-09 19:00:00,TX-BETA-02,133.48,417.16,52.44,48.7,57.86,25.57,1.696,41.38,37.23,0.45,0.94,0,Clear,1.42,0,9.16,23.13,96.44,90.65,0.0109,0.8997,19,-0.9659,0.2588,1,1,0,0,0
2026-06-09 20:00:00,TX-BETA-02,131.97,458.35,57.6,51.15,59.93,22.94,2.443,22.31,12.3,0.35,0.907,0,Clear,7.09,0,8.78,28.21,104.77,95.03,0.0157,0.5513,20,-0.866,0.5,1,1,0,0,0
2026-06-09 21:00:00,TX-BETA-02,130.16,545.5,68.15,46.3,59.19,17.73,2.229,11.1,18.94,0.45,0.955,1,Clear,11.96,0,12.89,28.57,122.98,117.45,0.0405,1.7063,21,-0.7071,0.7071,1,1,0,0,0
2026-06-09 22:00:00,TX-BETA-02,129.33,630.25,76.9,48.07,65.05,17.11,2.533,35.96,10.51,1.17,0.943,1,Clear,23.1,0,16.98,30.96,141.18,133.13,0.0325,0.2923,22,-0.5,0.866,0,1,0,0,0
2026-06-09 23:00:00,TX-BETA-02,130.77,601.71,74.54,46.15,60.66,16.19,2.077,10.68,50.31,1.21,0.912,1,Clear,15.32,0,14.51,29.96,136.29,124.3,0.1133,4.7107,23,-0.2588,0.9659,0,1,0,0,0
2026-06-10 00:00:00,TX-BETA-02,131.52,608.79,76.56,70.33,94.9,15.87,2.517,26.32,13.02,1.12,0.907,0,Clear,57.68,1,24.57,54.46,138.68,125.78,0.0426,0.4947,0,0.0,1.0,0,1,0,0,0
2026-06-10 01:00:00,TX-BETA-02,133.49,626.93,77.16,41.39,58.35,10.34,2.403,11.93,10.22,0.5,0.944,1,Overcast,18.26,0,16.96,31.05,144.95,136.83,0.0419,0.8567,1,0.2588,0.9659,0,0,0,1,0
2026-06-10 02:00:00,TX-BETA-02,134.21,574.41,73.04,41.63,58.39,11.13,2.525,15.27,22.87,0.35,0.892,1,Overcast,16.59,0,16.76,30.5,133.53,119.11,0.0229,1.4977,2,0.5,0.866,0,0,0,1,0
2026-06-10 03:00:00,TX-BETA-02,131.9,544.72,69.08,38.9,52.78,10.7,2.456,12.97,8.31,0.23,0.896,1,Clear,13.86,0,13.88,28.2,124.45,111.51,0.0177,0.6407,3,0.7071,0.7071,0,1,0,0,0
2026-06-10 04:00:00,TX-BETA-02,130.94,464.69,59.05,44.65,54.26,14.43,2.101,20.12,48.61,1.63,0.88,0,Clear,5.88,0,9.61,30.22,105.39,92.74,0.081,2.416,4,0.866,0.5,0,1,0,0,0
2026-06-10 05:00:00,TX-BETA-02,131.31,441.82,56.56,42.28,53.54,15.41,2.417,23.84,8.89,0.26,0.907,0,Clear,6.33,0,11.26,26.87,100.49,91.14,0.0109,0.3729,5,0.9659,0.2588,0,1,0,0,0
2026-06-10 06:00:00,TX-BETA-02,131.83,449.05,56.76,40.88,49.55,16.37,2.474,15.57,40.36,0.43,0.881,0,Clear,6.79,0,8.67,24.51,102.53,90.33,0.0276,2.5922,6,1.0,0.0,0,1,0,0,0
2026-06-10 07:00:00,TX-BETA-02,129.72,459.56,56.82,50.51,60.18,21.2,2.176,37.8,16.07,0.5,0.958,0,Clear,5.18,0,9.67,29.31,103.25,98.91,0.0132,0.4251,7,0.9659,-0.2588,0,1,0,0,0
2026-06-10 08:00:00,TX-BETA-02,134.0,448.32,57.19,49.81,57.9,22.78,2.031,10.21,10.0,0.64,0.906,0,Clear,4.38,0,8.09,27.03,104.05,94.27,0.0627,0.9794,8,0.866,-0.5,0,1,0,0,0
2026-06-10 09:00:00,TX-BETA-02,131.0,551.43,66.46,51.67,63.34,26.44,2.491,46.93,8.8,0.25,0.942,1,Rainy,15.33,0,11.67,25.23,125.12,117.86,0.0053,0.1875,9,0.7071,-0.7071,1,0,0,0,1
2026-06-10 10:00:00,TX-BETA-02,131.92,577.71,74.16,58.43,73.31,28.77,2.528,19.45,14.21,0.68,0.952,1,Rainy,28.36,0,14.88,29.66,132.0,125.66,0.035,0.7306,10,0.5,-0.866,1,0,0,0,1
2026-06-10 11:00:00,TX-BETA-02,129.53,653.6,82.42,67.13,86.84,35.83,2.276,34.37,14.69,0.41,0.945,1,Heatwave,37.93,0,19.71,31.3,146.64,138.57,0.0119,0.4274,11,0.2588,-0.9659,1,0,1,0,0
2026-06-10 12:00:00,TX-BETA-02,132.76,665.2,83.46,65.17,83.3,31.23,2.852,34.37,26.83,0.37,0.946,1,Clear,44.05,0,18.13,33.94,152.96,144.7,0.0108,0.7806,12,0.0,-1.0,1,1,0,0,0
2026-06-10 13:00:00,TX-BETA-02,133.78,624.55,78.44,67.24,83.46,30.16,2.735,28.01,38.58,0.57,0.953,1,Rainy,40.55,0,16.22,37.08,144.72,137.92,0.0203,1.3774,13,-0.2588,-0.9659,0,0,0,0,1
2026-06-10 14:00:00,TX-BETA-02,133.49,596.12,74.85,59.99,76.66,31.82,2.19,17.48,18.35,0.78,0.956,1,Overcast,29.52,0,16.67,28.17,137.83,131.77,0.0446,1.0498,14,-0.5,-0.866,0,0,0,1,0
2026-06-10 15:00:00,TX-BETA-02,132.06,471.98,60.43,56.97,68.86,29.56,2.101,11.16,37.5,0.22,0.9,1,Clear,14.07,0,11.89,27.41,107.96,97.16,0.0197,3.3602,15,-0.7071,-0.7071,0,1,0,0,0
2026-06-10 16:00:00,TX-BETA-02,132.47,464.85,59.06,56.66,67.12,28.83,2.242,21.1,9.46,0.61,0.953,0,Clear,12.67,0,10.46,27.83,106.66,101.65,0.0289,0.4483,16,-0.866,-0.5,0,1,0,0,0
2026-06-10 17:00:00,TX-BETA-02,132.01,464.67,56.98,61.16,70.53,31.55,2.131,25.65,14.57,0.33,0.92,0,Clear,13.63,0,9.37,29.61,106.25,97.75,0.0129,0.568,17,-0.9659,-0.2588,0,1,0,0,0
2026-06-10 18:00:00,TX-BETA-02,133.83,450.5,55.64,52.26,60.91,26.65,2.37,12.67,12.93,0.85,0.922,0,Clear,6.27,0,8.65,25.61,104.43,96.28,0.0671,1.0205,18,-1.0,-0.0,1,1,0,0,0
2026-06-10 19:00:00,TX-BETA-02,131.28,452.17,55.42,51.48,60.88,22.54,2.553,24.59,14.04,1.37,0.912,0,Clear,7.22,0,9.4,28.94,102.82,93.77,0.0557,0.571,19,-0.9659,0.2588,1,1,0,0,0
2026-06-10 20:00:00,TX-BETA-02,130.13,505.36,61.52,49.76,59.43,23.53,2.557,32.68,18.27,3.57,0.955,1,Clear,10.06,0,9.67,26.23,113.9,108.77,0.1092,0.5591,20,-0.866,0.5,1,1,0,0,0
2026-06-10 21:00:00,TX-BETA-02,133.32,533.43,65.09,47.53,58.76,19.65,2.551,19.72,28.75,0.45,0.895,1,Overcast,12.11,0,11.23,27.88,123.18,110.25,0.0228,1.4579,21,-0.7071,0.7071,1,0,0,1,0
2026-06-10 22:00:00,TX-BETA-02,130.65,683.08,85.64,48.37,67.34,18.54,2.602,25.62,8.4,0.2,0.901,2,Overcast,30.52,0,18.97,29.83,154.58,139.28,0.0078,0.3279,22,-0.5,0.866,0,0,0,1,0
2026-06-10 23:00:00,TX-BETA-02,134.77,628.45,78.69,46.3,63.38,14.34,2.473,63.36,15.54,0.49,0.895,1,Clear,22.39,0,17.08,31.96,146.7,131.3,0.0077,0.2453,23,-0.2588,0.9659,0,1,0,0,0
2026-06-11 00:00:00,TX-BETA-02,131.72,592.49,73.98,43.57,58.69,14.04,2.624,10.34,16.36,0.46,0.913,1,Overcast,17.73,0,15.12,29.53,135.17,123.41,0.0445,1.5822,0,0.0,1.0,0,0,0,1,0
2026-06-11 01:00:00,TX-BETA-02,132.29,672.44,82.83,44.97,63.42,12.25,2.999,47.23,8.62,0.33,0.87,1,Clear,27.99,0,18.45,32.72,154.08,134.05,0.007,0.1825,1,0.2588,0.9659,0,1,0,0,0
2026-06-11 02:00:00,TX-BETA-02,132.8,642.96,79.17,45.08,61.79,11.48,2.48,10.1,8.53,2.07,0.937,1,Overcast,21.39,0,16.71,33.6,147.89,138.57,0.205,0.8446,2,0.5,0.866,0,0,0,1,0
2026-06-11 03:00:00,TX-BETA-02,130.6,570.69,71.89,39.63,55.69,12.28,2.632,67.47,23.64,1.03,0.87,1,Clear,16.56,0,16.06,27.35,129.09,112.31,0.0153,0.3504,3,0.7071,0.7071,0,1,0,0,0
2026-06-11 04:00:00,TX-BETA-02,132.99,456.38,58.2,43.47,53.52,14.5,1.903,18.13,26.09,1.26,0.883,0,Rainy,4.78,0,10.05,28.97,105.13,92.83,0.0695,1.4391,4,0.866,0.5,0,0,0,0,1
2026-06-11 05:00:00,TX-BETA-02,133.06,446.23,56.95,42.2,52.15,15.53,1.965,13.64,10.68,3.93,0.878,0,Overcast,4.05,0,9.95,26.67,102.84,90.29,0.2881,0.783,5,0.9659,0.2588,0,0,0,1,0
2026-06-11 06:00:00,TX-BETA-02,132.62,458.15,56.5,39.21,49.53,15.28,2.188,16.31,47.72,2.13,0.897,0,Overcast,4.92,0,10.32,23.93,105.24,94.4,0.1306,2.9258,6,1.0,0.0,0,0,0,1,0
2026-06-11 07:00:00,TX-BETA-02,132.54,447.29,56.58,46.88,57.26,19.3,2.17,15.45,17.4,0.22,0.884,0,Overcast,4.85,0,10.38,27.58,102.68,90.77,0.0142,1.1262,7,0.9659,-0.2588,0,0,0,1,0
2026-06-11 08:00:00,TX-BETA-02,134.03,453.54,55.36,51.23,60.86,22.52,2.206,44.26,44.61,0.59,0.899,0,Overcast,5.08,0,9.63,28.71,105.29,94.66,0.0133,1.0079,8,0.866,-0.5,0,0,0,1,0
2026-06-11 09:00:00,TX-BETA-02,130.4,557.32,69.93,52.91,67.18,23.35,2.483,21.33,13.24,1.48,0.918,1,Clear,20.5,0,14.27,29.56,125.88,115.56,0.0694,0.6207,9,0.7071,-0.7071,1,1,0,0,0
2026-06-11 10:00:00,TX-BETA-02,133.01,617.52,76.3,58.26,72.61,28.03,2.647,15.43,12.93,0.87,0.96,1,Rainy,29.73,0,14.35,30.23,142.26,136.57,0.0564,0.838,10,0.5,-0.866,1,0,0,0,1
2026-06-11 11:00:00,TX-BETA-02,128.48,635.5,80.23,60.99,78.05,29.86,2.443,26.41,14.93,2.65,0.967,1,Clear,35.34,0,17.06,31.13,141.42,136.75,0.1003,0.5653,11,0.2588,-0.9659,1,1,0,0,0
2026-06-11 12:00:00,TX-BETA-02,131.16,629.97,79.04,66.0,83.35,33.09,2.616,37.03,9.91,1.19,0.938,1,Clear,40.09,0,17.35,32.91,143.11,134.24,0.0321,0.2676,12,0.0,-1.0,1,1,0,0,0
2026-06-11 13:00:00,TX-BETA-02,132.62,652.23,81.74,66.82,84.96,32.99,2.873,23.67,16.08,0.23,0.904,1,Clear,44.56,0,18.14,33.83,149.82,135.44,0.0097,0.6793,13,-0.2588,-0.9659,0,1,0,0,0
2026-06-11 14:00:00,TX-BETA-02,132.14,648.04,80.48,63.12,80.63,29.63,2.321,13.39,11.78,0.76,0.915,1,Overcast,36.9,0,17.51,33.49,148.32,135.71,0.0568,0.8798,14,-0.5,-0.866,0,0,0,1,0
2026-06-11 15:00:00,TX-BETA-02,132.74,511.23,63.45,55.98,66.99,30.87,2.797,11.86,13.5,0.22,0.927,1,Rainy,18.45,0,11.01,25.11,117.54,108.96,0.0185,1.1383,15,-0.7071,-0.7071,0,0,0,0,1
2026-06-11 16:00:00,TX-BETA-02,133.61,480.9,63.93,55.09,67.27,31.08,2.258,46.93,17.24,1.24,0.908,1,Overcast,15.74,0,12.18,24.01,111.29,101.05,0.0264,0.3674,16,-0.866,-0.5,0,0,0,1,0
2026-06-11 17:00:00,TX-BETA-02,132.75,508.34,63.97,54.31,65.2,28.56,2.278,21.11,20.03,0.89,0.933,1,Rainy,14.14,0,10.89,25.75,116.88,109.05,0.0422,0.9488,17,-0.9659,-0.2588,0,0,0,0,1
2026-06-11 18:00:00,TX-BETA-02,131.59,464.22,58.09,61.84,73.19,36.13,2.09,15.62,13.13,0.73,0.902,0,Heatwave,11.25,0,11.35,25.71,105.81,95.44,0.0467,0.8406,18,-1.0,-0.0,1,0,1,0,0
2026-06-11 19:00:00,TX-BETA-02,130.39,426.27,54.43,50.44,56.91,22.7,2.117,13.56,15.91,0.53,0.99,0,Overcast,3.28,0,6.47,27.74,96.27,95.31,0.0391,1.1733,19,-0.9659,0.2588,1,0,0,1,0
2026-06-11 20:00:00,TX-BETA-02,129.39,564.34,69.98,49.19,63.53,21.26,2.223,255.43,224.59,46.48,0.922,1,Clear,40.93,1,14.34,27.93,126.47,116.61,0.182,0.8793,20,-0.866,0.5,1,1,0,0,0
2026-06-11 21:00:00,TX-BETA-02,132.48,593.52,72.82,47.09,60.95,19.38,2.501,10.22,9.52,1.04,0.938,1,Overcast,17.11,0,13.86,27.71,136.19,127.75,0.1018,0.9315,21,-0.7071,0.7071,1,0,0,1,0
2026-06-11 22:00:00,TX-BETA-02,131.74,581.03,71.74,46.97,61.16,16.96,2.791,39.27,13.96,1.96,0.958,1,Clear,18.39,0,14.19,30.01,132.58,127.01,0.0499,0.3555,22,-0.5,0.866,0,1,0,0,0
2026-06-11 23:00:00,TX-BETA-02,132.47,610.4,76.56,46.57,61.68,13.2,3.046,17.46,37.65,0.31,0.926,1,Clear,23.17,0,15.11,33.37,140.05,129.69,0.0178,2.1564,23,-0.2588,0.9659,0,1,0,0,0
2026-06-12 00:00:00,TX-BETA-02,130.29,636.22,79.45,42.64,58.8,9.57,2.931,24.78,23.61,1.11,0.871,1,Clear,22.76,0,16.16,33.07,143.58,125.06,0.0448,0.9528,0,0.0,1.0,0,1,0,0,0
2026-06-12 01:00:00,TX-BETA-02,133.8,584.35,73.07,44.03,58.88,14.12,2.324,15.38,8.22,1.96,0.918,1,Rainy,15.4,0,14.85,29.91,135.42,124.32,0.1274,0.5345,1,0.2588,0.9659,0,0,0,0,1
2026-06-12 02:00:00,TX-BETA-02,131.06,608.18,76.91,44.96,59.62,13.14,2.349,12.61,10.76,1.44,0.881,1,Clear,17.79,0,14.66,31.82,138.06,121.63,0.1142,0.8533,2,0.5,0.866,0,1,0,0,0
2026-06-12 03:00:00,TX-BETA-02,130.83,538.51,67.74,40.04,53.43,12.61,2.674,15.68,17.37,0.28,0.946,1,Overcast,14.39,0,13.39,27.43,122.03,115.44,0.0179,1.1078,3,0.7071,0.7071,0,0,0,1,0
2026-06-12 04:00:00,TX-BETA-02,133.42,485.15,59.8,41.5,49.95,13.38,2.307,39.55,15.7,1.49,0.901,0,Overcast,7.56,0,8.45,28.12,112.11,101.01,0.0377,0.397,4,0.866,0.5,0,0,0,1,0
2026-06-12 05:00:00,TX-BETA-02,132.53,420.4,54.71,40.68,48.67,16.1,2.007,61.16,10.09,1.44,0.916,0,Clear,2.79,0,7.99,24.58,96.5,88.39,0.0235,0.165,5,0.9659,0.2588,0,1,0,0,0
2026-06-12 06:00:00,TX-BETA-02,131.84,462.18,58.38,48.31,59.59,15.74,8.708,26.59,42.24,1.59,0.921,0,Clear,27.79,1,11.28,32.57,105.54,97.2,0.0598,1.5886,6,1.0,0.0,0,1,0,0,0
2026-06-12 07:00:00,TX-BETA-02,133.99,442.68,54.67,55.28,65.49,28.76,2.08,10.75,19.11,1.49,0.919,0,Heatwave,3.21,0,10.21,26.52,102.74,94.42,0.1386,1.7777,7,0.9659,-0.2588,0,0,1,0,0
2026-06-12 08:00:00,TX-BETA-02,130.79,485.89,60.1,47.89,58.67,23.95,2.185,42.2,18.33,0.55,0.924,1,Overcast,7.0,0,10.78,23.94,110.07,101.7,0.013,0.4344,8,0.866,-0.5,0,0,0,1,0
2026-06-12 09:00:00,TX-BETA-02,133.27,536.07,68.11,73.83,94.12,23.16,2.384,28.75,8.04,0.24,0.901,0,Clear,51.3,1,20.29,50.67,123.74,111.49,0.0083,0.2797,9,0.7071,-0.7071,1,1,0,0,0
2026-06-12 10:00:00,TX-BETA-02,129.7,647.42,81.08,61.98,77.49,27.34,2.729,56.72,8.35,0.38,0.893,1,Clear,37.08,0,15.51,34.64,145.44,129.88,0.0067,0.1472,10,0.5,-0.866,1,1,0,0,0
2026-06-12 11:00:00,TX-BETA-02,132.58,582.82,72.0,58.54,71.82,29.01,2.598,33.15,11.45,0.63,0.895,1,Rainy,26.27,0,13.28,29.53,133.84,119.79,0.019,0.3454,11,0.2588,-0.9659,1,0,0,0,1
2026-06-12 12:00:00,TX-BETA-02,132.65,599.23,75.86,63.37,79.56,30.88,2.561,21.04,16.02,0.89,0.916,1,Clear,34.75,0,16.19,32.49,137.68,126.11,0.0423,0.7614,12,0.0,-1.0,1,1,0,0,0
2026-06-12 13:00:00,TX-BETA-02,130.79,664.93,83.43,66.7,85.79,31.35,2.614,16.84,19.04,0.95,0.946,1,Rainy,44.68,0,19.09,35.35,150.63,142.5,0.0564,1.1306,13,-0.2588,-0.9659,0,0,0,0,1
2026-06-12 14:00:00,TX-BETA-02,132.0,600.91,74.94,56.85,72.51,28.11,2.675,33.31,22.77,0.43,0.922,1,Rainy,29.02,0,15.66,28.74,137.39,126.67,0.0129,0.6836,14,-0.5,-0.866,0,0,0,0,1
2026-06-12 15:00:00,TX-BETA-02,135.15,537.66,66.46,57.95,70.45,31.28,2.734,25.65,16.38,0.74,0.901,1,Clear,22.71,0,12.5,26.67,125.86,113.4,0.0288,0.6386,15,-0.7071,-0.7071,0,1,0,0,0
2026-06-12 16:00:00,TX-BETA-02,132.92,460.11,59.46,59.84,70.89,30.18,2.399,14.06,12.09,2.42,0.888,0,Overcast,16.99,0,11.05,29.66,105.93,94.07,0.1721,0.8599,16,-0.866,-0.5,0,0,0,1,0
2026-06-12 17:00:00,TX-BETA-02,130.02,430.71,53.53,53.45,63.37,28.89,2.028,37.53,12.69,1.66,0.985,0,Rainy,5.03,0,9.92,24.56,97.0,95.54,0.0442,0.3381,17,-0.9659,-0.2588,0,0,0,0,1
2026-06-12 18:00:00,TX-BETA-02,131.63,517.29,63.74,48.95,58.56,26.48,2.232,27.75,25.1,1.73,0.92,1,Clear,9.41,0,9.61,22.47,117.94,108.5,0.0623,0.9045,18,-1.0,-0.0,1,1,0,0,0
2026-06-12 19:00:00,TX-BETA-02,131.59,522.67,62.82,48.07,59.31,23.69,2.323,21.13,16.44,0.8,0.871,1,Rainy,9.41,0,11.24,24.38,119.13,103.76,0.0379,0.778,19,-0.9659,0.2588,1,0,0,0,1
2026-06-12 20:00:00,TX-BETA-02,129.18,445.95,57.03,51.6,62.47,21.51,2.272,34.59,9.7,1.2,0.923,0,Clear,7.79,0,10.87,30.09,99.78,92.1,0.0347,0.2804,20,-0.866,0.5,1,1,0,0,0
2026-06-12 21:00:00,TX-BETA-02,130.07,511.79,64.91,46.32,58.49,19.39,2.486,15.83,11.4,0.21,0.951,1,Clear,11.61,0,12.17,26.93,115.3,109.65,0.0133,0.7202,21,-0.7071,0.7071,1,1,0,0,0
2026-06-12 22:00:00,TX-BETA-02,135.69,609.91,75.26,48.24,63.13,15.65,2.83,19.05,16.63,1.2,0.894,1,Clear,22.32,0,14.89,32.59,143.34,128.15,0.063,0.873,22,-0.5,0.866,0,1,0,0,0
2026-06-12 23:00:00,TX-BETA-02,135.0,638.61,80.8,46.06,64.76,12.63,2.716,28.36,17.17,1.11,0.99,1,Clear,26.23,0,18.7,33.43,149.32,147.83,0.0391,0.6054,23,-0.2588,0.9659,0,1,0,0,0
2026-06-13 00:00:00,TX-BETA-02,130.92,626.03,78.08,48.55,63.25,15.08,2.988,16.02,9.14,0.86,0.945,1,Clear,25.01,0,14.7,33.47,141.96,134.15,0.0537,0.5705,0,0.0,1.0,0,1,0,0,0
2026-06-13 01:00:00,TX-BETA-02,132.43,650.4,81.06,47.64,64.36,14.08,2.807,12.6,14.86,0.61,0.937,1,Overcast,26.59,0,16.72,33.56,149.19,139.79,0.0484,1.1794,1,0.2588,0.9659,0,0,0,1,0
2026-06-13 02:00:00,TX-BETA-02,131.76,640.78,80.4,45.3,61.98,12.08,2.876,49.58,18.71,1.0,0.922,1,Clear,24.64,0,16.68,33.22,146.24,134.83,0.0202,0.3774,2,0.5,0.866,0,1,0,0,0
2026-06-13 03:00:00,TX-BETA-02,131.49,543.83,66.46,40.17,54.03,13.21,2.903,15.82,8.94,2.01,0.92,1,Clear,15.02,0,13.86,26.96,123.86,113.95,0.1271,0.5651,3,0.7071,0.7071,0,1,0,0,0
2026-06-13 04:00:00,TX-BETA-02,129.74,525.52,66.39,41.73,56.36,14.04,2.586,11.43,15.71,0.37,0.933,1,Overcast,13.08,0,14.63,27.69,118.09,110.18,0.0324,1.3745,4,0.866,0.5,0,0,0,1,0
2026-06-13 05:00:00,TX-BETA-02,132.88,467.42,59.87,44.89,55.54,14.7,2.496,30.91,9.81,0.54,0.931,0,Clear,8.73,0,10.65,30.19,107.58,100.16,0.0175,0.3174,5,0.9659,0.2588,0,1,0,0,0
2026-06-13 06:00:00,TX-BETA-02,129.95,424.13,54.18,43.68,52.76,16.78,2.236,37.32,16.94,0.39,0.944,0,Overcast,3.86,0,9.08,26.9,95.46,90.11,0.0105,0.4539,6,1.0,0.0,0,0,0,1,0
2026-06-13 07:00:00,TX-BETA-02,129.88,462.62,59.54,48.43,59.69,18.42,2.437,14.63,18.18,2.0,0.918,0,Rainy,8.19,0,11.26,30.01,104.07,95.54,0.1367,1.2427,7,0.9659,-0.2588,0,0,0,0,1
2026-06-13 08:00:00,TX-BETA-02,132.94,525.59,65.91,45.03,59.38,22.28,2.045,19.54,8.59,1.91,0.961,1,Overcast,9.55,0,14.35,22.75,121.02,116.3,0.0977,0.4396,8,0.866,-0.5,0,0,0,1,0
2026-06-13 09:00:00,TX-BETA-02,131.04,501.28,63.43,51.14,61.51,25.57,2.43,15.04,15.75,2.67,0.933,1,Overcast,11.67,0,10.37,25.57,113.77,106.15,0.1775,1.0472,9,0.7071,-0.7071,1,0,0,1,0
2026-06-13 10:00:00,TX-BETA-02,130.85,572.16,71.62,60.08,74.83,32.86,2.519,56.55,10.57,1.91,0.901,1,Heatwave,23.09,0,14.75,27.22,129.67,116.83,0.0338,0.1869,10,0.5,-0.866,1,0,1,0,0
2026-06-13 11:00:00,TX-BETA-02,130.28,616.43,77.64,62.92,80.67,31.19,2.847,21.59,21.02,0.3,0.883,1,Clear,38.43,0,17.75,31.73,139.1,122.83,0.0139,0.9736,11,0.2588,-0.9659,1,1,0,0,0
2026-06-13 12:00:00,TX-BETA-02,130.35,627.33,77.5,61.61,76.69,29.6,2.913,16.99,15.3,0.36,0.95,1,Clear,35.42,0,15.08,32.01,141.63,134.55,0.0212,0.9005,12,0.0,-1.0,1,1,0,0,0
2026-06-13 13:00:00,TX-BETA-02,129.62,658.7,80.72,64.72,80.19,32.18,2.638,13.26,10.17,1.4,0.939,1,Clear,38.57,0,15.47,32.54,147.88,138.86,0.1056,0.767,13,-0.2588,-0.9659,0,1,0,0,0
2026-06-13 14:00:00,TX-BETA-02,131.52,546.55,68.36,60.17,75.19,34.66,2.582,12.51,20.48,0.36,0.977,1,Clear,26.86,0,15.02,25.51,124.5,121.64,0.0288,1.6371,14,-0.5,-0.866,0,1,0,0,0
2026-06-13 15:00:00,TX-BETA-02,134.45,534.16,67.69,57.76,71.79,31.54,2.776,16.54,15.9,0.93,0.941,1,Overcast,24.79,0,14.03,26.22,124.39,117.05,0.0562,0.9613,15,-0.7071,-0.7071,0,0,0,1,0
2026-06-13 16:00:00,TX-BETA-02,133.57,471.84,60.03,53.32,63.91,29.01,2.397,47.33,22.72,1.23,0.902,1,Clear,11.5,0,10.59,24.31,109.16,98.46,0.026,0.48,16,-0.866,-0.5,0,1,0,0,0
2026-06-13 17:00:00,TX-BETA-02,133.55,428.23,54.18,56.74,64.73,30.45,1.828,16.43,25.31,0.28,0.915,0,Rainy,6.38,0,7.99,26.29,99.06,90.64,0.017,1.5405,17,-0.9659,-0.2588,0,0,0,0,1
2026-06-13 18:00:00,TX-BETA-02,132.72,407.67,49.23,51.13,59.48,25.94,2.426,43.07,22.46,0.38,0.958,0,Clear,2.55,0,8.35,25.19,93.71,89.77,0.0088,0.5215,18,-1.0,-0.0,1,1,0,0,0
2026-06-13 19:00:00,TX-BETA-02,131.31,429.97,53.74,51.6,60.15,25.06,1.992,14.42,16.48,2.91,0.873,0,Rainy,2.31,0,8.55,26.54,97.79,85.37,0.2018,1.1429,19,-0.9659,0.2588,1,0,0,0,1
2026-06-13 20:00:00,TX-BETA-02,131.86,570.38,69.84,50.87,65.29,21.58,2.499,51.67,8.66,0.76,0.908,1,Overcast,18.98,0,14.42,29.29,130.27,118.29,0.0147,0.1676,20,-0.866,0.5,1,0,0,1,0
2026-06-13 21:00:00,TX-BETA-02,134.65,573.38,71.07,52.01,67.43,26.61,2.505,16.22,9.37,0.76,0.927,1,Heatwave,16.51,0,15.42,25.4,133.72,123.96,0.0469,0.5777,21,-0.7071,0.7071,1,0,1,0,0
2026-06-13 22:00:00,TX-BETA-02,132.26,597.61,75.47,46.23,61.23,14.29,2.67,18.96,17.42,0.28,0.871,1,Clear,19.91,0,15.0,31.94,136.9,119.24,0.0148,0.9188,22,-0.5,0.866,0,1,0,0,0
2026-06-13 23:00:00,TX-BETA-02,132.51,628.42,75.42,45.87,61.97,14.69,2.443,11.25,31.21,0.28,0.91,1,Clear,19.13,0,16.1,31.18,144.23,131.25,0.0249,2.7742,23,-0.2588,0.9659,0,1,0,0,0
2026-06-14 00:00:00,TX-BETA-02,131.42,643.43,81.38,46.57,64.41,12.06,2.892,24.08,14.37,0.71,0.99,1,Rainy,27.34,0,17.84,34.51,146.46,145.0,0.0295,0.5968,0,0.0,1.0,0,0,0,0,1
2026-06-14 01:00:00,TX-BETA-02,135.7,643.96,80.63,43.02,58.31,10.98,2.834,10.39,24.64,0.39,0.949,1,Clear,22.87,0,15.29,32.04,151.36,143.64,0.0375,2.3715,1,0.2588,0.9659,0,1,0,0,0
2026-06-14 02:00:00,TX-BETA-02,131.49,606.37,74.59,42.76,56.42,13.23,2.485,268.06,129.5,53.86,0.939,1,Rainy,42.26,1,13.66,29.53,138.1,129.68,0.2009,0.4831,2,0.5,0.866,0,0,0,0,1
2026-06-14 03:00:00,TX-BETA-02,132.49,514.98,66.45,38.04,50.98,13.2,2.595,17.53,24.36,2.02,0.911,1,Clear,13.17,0,12.94,24.84,118.18,107.66,0.1152,1.3896,3,0.7071,0.7071,0,1,0,0,0
2026-06-14 04:00:00,TX-BETA-02,131.53,464.4,59.32,42.28,53.83,13.65,2.061,14.37,25.06,0.86,0.886,0,Clear,5.81,0,11.55,28.63,105.8,93.74,0.0598,1.7439,4,0.866,0.5,0,1,0,0,0
2026-06-14 05:00:00,TX-BETA-02,132.3,451.88,57.79,43.02,53.19,15.65,2.148,12.88,18.89,1.64,0.943,0,Overcast,5.44,0,10.17,27.37,103.55,97.65,0.1273,1.4666,5,0.9659,0.2588,0,0,0,1,0
2026-06-14 06:00:00,TX-BETA-02,133.17,443.09,55.18,49.81,59.3,18.19,1.894,12.27,32.45,1.1,0.932,0,Clear,3.02,0,9.49,31.62,102.2,95.25,0.0896,2.6447,6,1.0,0.0,0,1,0,0,0
2026-06-14 07:00:00,TX-BETA-02,130.87,419.19,55.33,48.82,58.22,20.0,2.179,10.47,35.09,0.24,0.922,0,Clear,4.18,0,9.4,28.82,95.02,87.61,0.0229,3.3515,7,0.9659,-0.2588,0,1,0,0,0
2026-06-14 08:00:00,TX-BETA-02,132.41,523.52,66.12,48.18,60.5,21.85,2.338,11.34,9.19,0.45,0.878,1,Clear,11.84,0,12.32,26.33,120.06,105.41,0.0397,0.8104,8,0.866,-0.5,0,1,0,0,0
2026-06-14 09:00:00,TX-BETA-02,129.13,552.57,69.56,52.21,66.12,24.2,2.328,30.76,17.3,1.81,0.967,1,Overcast,18.48,0,13.91,28.01,123.59,119.51,0.0588,0.5624,9,0.7071,-0.7071,1,0,0,1,0
2026-06-14 10:00:00,TX-BETA-02,130.95,531.04,68.08,51.06,64.95,24.39,2.232,10.75,20.64,0.4,0.911,1,Clear,16.06,0,13.89,26.67,120.45,109.73,0.0372,1.92,10,0.5,-0.866,1,1,0,0,0
2026-06-14 11:00:00,TX-BETA-02,132.46,577.84,72.35,59.64,75.56,29.41,2.567,13.67,8.76,0.34,0.918,1,Clear,29.41,0,15.92,30.23,132.57,121.7,0.0249,0.6408,11,0.2588,-0.9659,1,1,0,0,0
2026-06-14 12:00:00,TX-BETA-02,134.33,572.58,71.79,63.07,79.27,37.42,2.664,29.89,15.63,0.39,0.927,1,Heatwave,27.76,0,16.2,25.65,133.22,123.49,0.013,0.5229,12,0.0,-1.0,1,0,1,0,0
2026-06-14 13:00:00,TX-BETA-02,132.37,626.73,78.44,66.36,83.4,39.47,2.623,44.21,16.79,0.7,0.895,1,Heatwave,34.83,0,17.04,26.89,143.69,128.6,0.0158,0.3798,13,-0.2588,-0.9659,0,0,1,0,0
2026-06-14 14:00:00,TX-BETA-02,131.43,593.15,72.6,58.17,73.88,30.53,2.775,44.87,16.52,0.62,0.963,1,Overcast,29.4,0,15.71,27.64,135.03,130.03,0.0138,0.3682,14,-0.5,-0.866,0,0,0,1,0
2026-06-14 15:00:00,TX-BETA-02,133.21,459.85,59.01,58.56,67.84,30.51,2.332,12.61,8.17,1.42,0.957,0,Clear,13.78,0,9.28,28.05,106.1,101.54,0.1126,0.6479,15,-0.7071,-0.7071,0,1,0,0,0
2026-06-14 16:00:00,TX-BETA-02,132.94,528.06,67.69,56.27,69.24,30.12,2.272,44.87,8.14,0.75,0.937,1,Overcast,19.65,0,12.97,26.15,121.59,113.93,0.0167,0.1814,16,-0.866,-0.5,0,0,0,1,0
2026-06-14 17:00:00,TX-BETA-02,130.12,517.16,63.98,50.09,60.08,27.62,2.605,14.93,11.84,0.35,0.942,1,Clear,11.85,0,9.99,22.47,116.55,109.79,0.0234,0.793,17,-0.9659,-0.2588,0,1,0,0,0
2026-06-14 18:00:00,TX-BETA-02,129.68,491.89,62.79,50.61,62.22,28.21,2.438,30.46,29.58,0.55,0.926,1,Overcast,11.94,0,11.61,22.4,110.48,102.3,0.0181,0.9711,18,-1.0,-0.0,1,0,0,1,0
2026-06-14 19:00:00,TX-BETA-02,133.25,418.54,51.44,47.27,56.69,24.94,2.213,31.49,61.05,0.21,0.924,0,Clear,2.12,0,9.42,22.33,96.6,89.26,0.0067,1.9387,19,-0.9659,0.2588,1,1,0,0,0
2026-06-14 20:00:00,TX-BETA-02,133.08,515.51,64.59,44.51,56.4,21.38,2.172,27.89,11.8,0.48,0.903,1,Clear,9.54,0,11.89,23.13,118.83,107.3,0.0172,0.4231,20,-0.866,0.5,1,1,0,0,0
2026-06-14 21:00:00,TX-BETA-02,133.51,579.17,74.01,50.0,64.76,17.89,2.434,431.6,117.94,33.12,0.926,1,Clear,45.58,1,14.76,32.11,133.93,124.02,0.0767,0.2733,21,-0.7071,0.7071,1,1,0,0,0
2026-06-14 22:00:00,TX-BETA-02,130.06,1052.67,131.58,51.72,97.01,16.83,2.699,44.8,12.78,2.64,0.925,1,Clear,69.15,1,45.29,34.89,237.14,219.35,0.0589,0.2853,22,-0.5,0.866,0,1,0,0,0
2026-06-14 23:00:00,TX-BETA-02,132.84,629.95,80.6,44.43,62.26,12.52,2.713,21.42,25.08,1.35,0.901,1,Clear,24.01,0,17.83,31.91,144.94,130.59,0.063,1.1709,23,-0.2588,0.9659,0,1,0,0,0
2026-06-15 00:00:00,TX-BETA-02,132.67,666.09,84.28,49.65,67.37,13.12,2.743,24.23,11.07,2.08,0.928,1,Clear,30.59,0,17.72,36.53,153.06,142.04,0.0858,0.4569,0,0.0,1.0,0,1,0,0,0
2026-06-15 01:00:00,TX-BETA-02,133.32,641.85,80.87,42.92,59.17,11.81,2.591,10.6,23.47,1.03,0.896,1,Clear,21.55,0,16.25,31.11,148.21,132.8,0.0972,2.2141,1,0.2588,0.9659,0,1,0,0,0
2026-06-15 02:00:00,TX-BETA-02,130.66,927.47,115.93,44.7,86.41,13.69,2.594,25.32,25.75,1.78,0.935,1,Rainy,57.13,1,41.71,31.01,209.9,196.26,0.0703,1.017,2,0.5,0.866,0,0,0,0,1
2026-06-15 03:00:00,TX-BETA-02,130.87,485.78,60.08,36.05,46.94,11.65,2.231,17.75,14.1,0.35,0.866,1,Rainy,7.26,0,10.89,24.4,110.11,95.36,0.0197,0.7944,3,0.7071,0.7071,0,0,0,0,1
2026-06-15 04:00:00,TX-BETA-02,132.39,483.25,60.69,35.32,45.73,13.89,2.352,11.76,38.63,1.31,0.94,1,Overcast,8.35,0,10.41,21.43,110.81,104.16,0.1114,3.2849,4,0.866,0.5,0,0,0,1,0
2026-06-15 05:00:00,TX-BETA-02,130.0,433.3,55.0,46.12,56.06,16.76,2.062,18.51,37.94,0.68,0.903,0,Clear,3.29,0,9.94,29.36,97.56,88.1,0.0367,2.0497,5,0.9659,0.2588,0,1,0,0,0
2026-06-15 06:00:00,TX-BETA-02,134.29,415.9,52.54,43.27,51.68,16.19,1.783,10.68,28.41,3.88,0.968,0,Clear,1.48,0,8.41,27.08,96.74,93.64,0.3633,2.6601,6,1.0,0.0,0,1,0,0,0
2026-06-15 07:00:00,TX-BETA-02,133.94,425.66,52.58,44.58,52.03,19.98,2.383,21.83,9.91,0.68,0.945,0,Clear,3.8,0,7.45,24.6,98.75,93.32,0.0311,0.454,7,0.9659,-0.2588,0,1,0,0,0
2026-06-15 08:00:00,TX-BETA-02,132.51,513.76,65.84,48.86,60.92,22.37,2.19,11.13,9.25,0.63,0.844,1,Rainy,11.15,0,12.06,26.49,117.92,99.52,0.0566,0.8311,8,0.866,-0.5,0,0,0,0,1
2026-06-15 09:00:00,TX-BETA-02,134.79,522.0,64.91,52.19,63.4,26.2,2.316,26.8,8.09,0.72,0.958,1,Overcast,13.42,0,11.21,25.99,121.87,116.75,0.0269,0.3019,9,0.7071,-0.7071,1,0,0,1,0
2026-06-15 10:00:00,TX-BETA-02,132.05,616.12,75.33,57.87,73.32,26.96,2.615,15.27,17.45,0.4,0.943,1,Clear,29.56,0,15.45,30.91,140.92,132.89,0.0262,1.1428,10,0.5,-0.866,1,1,0,0,0
2026-06-15 11:00:00,TX-BETA-02,131.67,627.43,78.13,61.12,77.44,28.73,2.599,11.59,14.61,0.49,0.912,1,Rainy,34.53,0,16.32,32.39,143.09,130.5,0.0423,1.2606,11,0.2588,-0.9659,1,0,0,0,1
2026-06-15 12:00:00,TX-BETA-02,129.78,647.84,79.54,68.48,86.49,38.44,2.474,13.58,31.39,0.25,0.917,1,Heatwave,37.15,0,18.01,30.04,145.63,133.54,0.0184,2.3115,12,0.0,-1.0,1,0,1,0,0
2026-06-15 13:00:00,TX-BETA-02,132.62,596.2,76.02,66.71,82.53,33.76,2.801,17.39,17.79,0.89,0.892,1,Clear,38.76,0,15.82,32.95,136.95,122.16,0.0512,1.023,13,-0.2588,-0.9659,0,1,0,0,0
2026-06-15 14:00:00,TX-BETA-02,131.84,552.18,67.02,58.02,72.02,30.72,2.325,21.85,17.5,0.24,0.916,1,Clear,21.9,0,14.0,27.3,126.09,115.5,0.011,0.8009,14,-0.5,-0.866,0,1,0,0,0
2026-06-15 15:00:00,TX-BETA-02,132.83,543.48,70.47,59.16,72.53,32.07,2.446,23.68,31.16,0.58,0.906,1,Overcast,25.07,0,13.37,27.09,125.04,113.29,0.0245,1.3159,15,-0.7071,-0.7071,0,0,0,1,0
2026-06-15 16:00:00,TX-BETA-02,133.14,483.5,59.88,59.45,71.84,29.47,2.386,63.32,9.05,2.05,0.966,0,Clear,17.94,0,12.39,29.98,111.5,107.71,0.0324,0.1429,16,-0.866,-0.5,0,1,0,0,0
2026-06-15 17:00:00,TX-BETA-02,133.25,464.2,57.37,64.94,72.98,40.16,2.02,18.27,16.54,2.52,0.926,0,Heatwave,10.24,0,8.04,24.78,107.14,99.21,0.1379,0.9053,17,-0.9659,-0.2588,0,0,1,0,0
2026-06-15 18:00:00,TX-BETA-02,132.86,423.88,51.74,56.06,64.66,27.69,2.186,11.96,30.65,0.63,0.957,0,Rainy,6.01,0,8.6,28.37,97.54,93.35,0.0527,2.5627,18,-1.0,-0.0,1,0,0,0,1
2026-06-15 19:00:00,TX-BETA-02,130.58,443.95,55.51,54.78,63.28,26.18,2.176,15.07,26.25,0.33,0.895,0,Rainy,7.0,0,8.5,28.6,100.41,89.87,0.0219,1.7419,19,-0.9659,0.2588,1,0,0,0,1
2026-06-15 20:00:00,TX-BETA-02,131.56,503.79,63.55,49.2,62.2,23.19,2.582,18.02,8.55,1.43,0.929,1,Clear,13.23,0,13.0,26.01,114.8,106.65,0.0794,0.4745,20,-0.866,0.5,1,1,0,0,0
2026-06-15 21:00:00,TX-BETA-02,133.05,558.76,70.33,49.69,63.01,19.06,2.382,26.02,13.83,1.65,0.922,1,Rainy,16.66,0,13.32,30.63,128.77,118.73,0.0634,0.5315,21,-0.7071,0.7071,1,0,0,0,1
2026-06-15 22:00:00,TX-BETA-02,130.46,568.35,71.62,47.02,60.85,18.51,2.556,13.47,50.01,0.22,0.917,1,Clear,16.66,0,13.83,28.51,128.43,117.77,0.0163,3.7127,22,-0.5,0.866,0,1,0,0,0
2026-06-15 23:00:00,TX-BETA-02,131.62,589.61,73.86,45.03,60.51,15.12,2.502,46.25,23.09,1.93,0.856,1,Clear,17.36,0,15.48,29.91,134.41,115.05,0.0417,0.4992,23,-0.2588,0.9659,0,1,0,0,0
2026-06-16 00:00:00,TX-BETA-02,128.27,680.67,85.66,44.45,62.66,15.18,2.685,16.52,14.19,0.21,0.97,2,Clear,27.13,0,18.21,29.27,151.22,146.68,0.0127,0.859,0,0.0,1.0,0,1,0,0,0
2026-06-16 01:00:00,TX-BETA-02,132.81,632.38,78.89,43.46,60.48,11.45,2.75,16.59,18.25,1.63,0.943,1,Clear,21.75,0,17.02,32.01,145.47,137.18,0.0983,1.1001,1,0.2588,0.9659,0,1,0,0,0
2026-06-16 02:00:00,TX-BETA-02,132.43,574.88,72.1,37.96,50.66,10.92,2.534,12.69,11.24,0.76,0.948,1,Rainy,16.09,0,12.7,27.04,131.86,125.0,0.0599,0.8857,2,0.5,0.866,0,0,0,0,1
2026-06-16 03:00:00,TX-BETA-02,130.66,550.15,67.27,39.83,54.0,11.51,2.487,49.47,11.63,0.53,0.881,1,Rainy,13.0,0,14.17,28.32,124.5,109.68,0.0107,0.2351,3,0.7071,0.7071,0,0,0,0,1
2026-06-16 04:00:00,TX-BETA-02,131.55,446.95,56.82,39.69,50.71,13.32,1.888,39.1,9.5,1.14,0.932,0,Clear,3.98,0,11.02,26.37,101.84,94.91,0.0292,0.243,4,0.866,0.5,0,1,0,0,0
2026-06-16 05:00:00,TX-BETA-02,130.4,456.49,56.01,40.96,50.42,14.06,2.433,22.73,18.11,0.62,0.898,0,Overcast,6.1,0,9.46,26.9,103.1,92.58,0.0273,0.7967,5,0.9659,0.2588,0,0,0,1,0
2026-06-16 06:00:00,TX-BETA-02,131.63,442.29,57.69,43.5,54.94,15.88,2.494,28.78,12.15,0.51,0.974,0,Clear,7.45,0,11.44,27.62,100.84,98.22,0.0177,0.4222,6,1.0,0.0,0,1,0,0,0
2026-06-16 07:00:00,TX-BETA-02,132.65,427.67,52.64,43.31,53.27,19.52,2.155,37.41,36.86,0.77,0.906,0,Clear,2.47,0,9.96,23.79,98.26,89.02,0.0206,0.9853,7,0.9659,-0.2588,0,1,0,0,0
2026-06-16 08:00:00,TX-BETA-02,134.93,493.08,62.88,43.87,55.41,20.12,2.119,39.27,21.6,0.48,0.897,1,Overcast,8.23,0,11.54,23.75,115.24,103.37,0.0122,0.55,8,0.866,-0.5,0,0,0,1,0
2026-06-16 09:00:00,TX-BETA-02,129.52,597.71,72.38,55.86,70.03,25.66,2.235,40.84,11.06,0.72,0.953,1,Clear,22.82,0,14.17,30.2,134.09,127.79,0.0176,0.2708,9,0.7071,-0.7071,1,1,0,0,0
2026-06-16 10:00:00,TX-BETA-02,131.33,550.8,69.36,52.01,63.91,26.44,2.521,31.2,12.44,2.24,0.923,1,Clear,17.67,0,11.9,25.57,125.29,115.64,0.0718,0.3987,10,0.5,-0.866,1,1,0,0,0
2026-06-16 11:00:00,TX-BETA-02,130.54,630.62,80.41,62.31,79.83,29.76,2.783,47.8,17.14,0.28,0.918,1,Overcast,38.96,0,17.52,32.55,142.58,130.89,0.0059,0.3586,11,0.2588,-0.9659,1,0,0,1,0
2026-06-16 12:00:00,TX-BETA-02,132.5,642.32,79.35,63.09,79.96,30.7,2.724,22.43,9.53,0.81,0.938,1,Overcast,38.1,0,16.87,32.39,147.41,138.27,0.0361,0.4249,12,0.0,-1.0,1,0,0,1,0
2026-06-16 13:00:00,TX-BETA-02,132.07,630.85,79.07,63.26,80.84,32.01,2.709,51.42,27.5,0.65,0.87,1,Rainy,38.57,0,17.58,31.25,144.31,125.55,0.0126,0.5348,13,-0.2588,-0.9659,0,0,0,0,1
2026-06-16 14:00:00,TX-BETA-02,131.12,591.71,73.55,58.7,71.29,30.19,2.768,26.84,8.69,0.31,0.896,1,Clear,27.76,0,12.59,28.51,134.38,120.4,0.0115,0.3238,14,-0.5,-0.866,0,1,0,0,0
2026-06-16 15:00:00,TX-BETA-02,132.47,540.75,66.79,56.9,70.24,31.21,2.544,19.75,14.74,0.21,0.971,1,Overcast,21.59,0,13.34,25.69,124.07,120.47,0.0106,0.7463,15,-0.7071,-0.7071,0,0,0,1,0
2026-06-16 16:00:00,TX-BETA-02,131.2,481.2,59.35,59.92,68.73,31.42,2.227,27.56,18.0,0.26,0.941,0,Clear,14.09,0,8.81,28.5,109.35,102.9,0.0094,0.6531,16,-0.866,-0.5,0,1,0,0,0
2026-06-16 17:00:00,TX-BETA-02,130.73,433.34,54.39,56.31,64.99,29.71,2.076,39.44,39.02,1.6,0.893,0,Clear,7.18,0,8.68,26.6,98.12,87.62,0.0406,0.9894,17,-0.9659,-0.2588,0,1,0,0,0
2026-06-16 18:00:00,TX-BETA-02,132.16,449.8,56.54,57.21,67.12,29.08,2.241,20.73,37.42,2.95,0.929,0,Clear,11.19,0,9.91,28.13,102.96,95.65,0.1423,1.8051,18,-1.0,-0.0,1,1,0,0,0
2026-06-16 19:00:00,TX-BETA-02,133.55,408.05,51.17,49.26,57.09,24.85,2.167,15.8,13.88,0.98,0.912,0,Rainy,1.68,0,7.83,24.41,94.39,86.08,0.062,0.8785,19,-0.9659,0.2588,1,0,0,0,1
2026-06-16 20:00:00,TX-BETA-02,129.36,484.16,60.83,46.93,59.18,22.99,1.947,14.84,10.31,1.39,0.891,1,Clear,6.32,0,12.25,23.94,108.48,96.66,0.0937,0.6947,20,-0.866,0.5,1,1,0,0,0
2026-06-16 21:00:00,TX-BETA-02,133.66,521.55,66.83,51.31,65.05,27.87,2.71,49.46,14.72,1.83,0.916,1,Heatwave,14.08,0,13.74,23.44,120.74,110.6,0.037,0.2976,21,-0.7071,0.7071,1,0,1,0,0
2026-06-16 22:00:00,TX-BETA-02,132.81,585.79,74.79,44.75,59.11,16.88,2.527,30.74,17.99,0.68,0.963,1,Clear,17.62,0,14.36,27.87,134.75,129.76,0.0221,0.5852,22,-0.5,0.866,0,1,0,0,0
2026-06-16 23:00:00,TX-BETA-02,133.57,603.77,75.32,47.67,63.08,16.37,2.786,13.48,19.72,0.55,0.873,1,Clear,22.06,0,15.41,31.3,139.68,121.94,0.0408,1.4629,23,-0.2588,0.9659,0,1,0,0,0
2026-06-17 00:00:00,TX-BETA-02,132.31,648.15,81.08,47.09,63.29,12.76,2.417,25.76,24.98,1.31,0.907,1,Rainy,23.37,0,16.2,34.33,148.54,134.73,0.0509,0.9697,0,0.0,1.0,0,0,0,0,1
2026-06-17 01:00:00,TX-BETA-02,132.89,621.95,77.64,45.21,61.77,11.11,2.637,18.39,12.83,3.23,0.931,1,Clear,21.42,0,16.56,34.1,143.16,133.28,0.1756,0.6977,1,0.2588,0.9659,0,1,0,0,0
2026-06-17 02:00:00,TX-BETA-02,133.47,554.87,69.67,35.26,50.54,9.13,2.692,10.8,10.84,0.26,0.926,1,Overcast,15.63,0,15.28,26.13,128.27,118.78,0.0241,1.0037,2,0.5,0.866,0,0,0,1,0
2026-06-17 03:00:00,TX-BETA-02,129.43,581.44,72.22,43.53,58.12,14.74,2.71,13.1,10.34,1.85,0.903,1,Overcast,17.22,0,14.59,28.79,130.35,117.71,0.1412,0.7893,3,0.7071,0.7071,0,0,0,1,0
2026-06-17 04:00:00,TX-BETA-02,133.23,466.22,58.86,46.88,56.86,19.51,2.199,11.77,23.39,0.45,0.896,0,Heatwave,6.36,0,9.98,27.37,107.59,96.4,0.0382,1.9873,4,0.866,0.5,0,0,1,0,0
2026-06-17 05:00:00,TX-BETA-02,132.88,433.62,53.44,47.91,59.94,22.87,1.944,64.71,12.76,2.25,0.899,0,Heatwave,2.01,0,12.03,25.04,99.8,89.72,0.0348,0.1972,5,0.9659,0.2588,0,0,1,0,0
2026-06-17 06:00:00,TX-BETA-02,129.79,511.61,63.03,40.87,52.0,16.48,2.174,31.59,19.24,0.29,0.903,1,Overcast,8.65,0,11.13,24.39,115.01,103.85,0.0092,0.6091,6,1.0,0.0,0,0,0,1,0
2026-06-17 07:00:00,TX-BETA-02,131.84,448.32,57.67,47.88,57.37,19.52,1.925,20.03,9.78,1.1,0.914,0,Clear,4.47,0,9.49,28.36,102.38,93.58,0.0549,0.4883,7,0.9659,-0.2588,0,1,0,0,0
2026-06-17 08:00:00,TX-BETA-02,134.2,465.07,59.9,50.46,62.16,20.7,1.963,39.58,24.79,0.84,0.874,0,Clear,7.57,0,11.7,29.76,108.1,94.48,0.0212,0.6263,8,0.866,-0.5,0,1,0,0,0
2026-06-17 09:00:00,TX-BETA-02,131.47,566.64,67.75,50.77,63.75,24.39,2.614,18.0,8.91,1.2,0.911,1,Overcast,17.16,0,12.98,26.38,129.03,117.55,0.0667,0.495,9,0.7071,-0.7071,1,0,0,1,0
2026-06-17 10:00:00,TX-BETA-02,129.86,608.89,75.49,55.59,70.37,23.64,2.184,34.57,10.12,0.48,0.924,1,Clear,24.61,0,14.78,31.95,136.95,126.54,0.0139,0.2927,10,0.5,-0.866,1,1,0,0,0
2026-06-17 11:00:00,TX-BETA-02,129.26,646.28,79.53,59.57,76.44,28.61,2.633,71.31,20.1,0.67,0.938,1,Overcast,34.72,0,16.87,30.96,144.69,135.72,0.0094,0.2819,11,0.2588,-0.9659,1,0,0,1,0
2026-06-17 12:00:00,TX-BETA-02,131.9,603.79,77.23,64.4,79.63,30.3,2.542,21.99,11.8,0.96,0.918,1,Clear,35.5,0,15.23,34.1,137.94,126.63,0.0437,0.5366,12,0.0,-1.0,1,1,0,0,0
2026-06-17 13:00:00,TX-BETA-02,131.56,586.52,72.43,60.66,74.99,31.49,2.519,32.61,25.96,0.81,0.915,1,Overcast,28.69,0,14.33,29.17,133.65,122.29,0.0248,0.7961,13,-0.2588,-0.9659,0,0,0,1,0
2026-06-17 14:00:00,TX-BETA-02,133.96,532.41,66.38,59.68,71.78,32.73,2.44,32.5,13.57,0.23,0.918,1,Overcast,22.01,0,12.1,26.95,123.53,113.4,0.0071,0.4175,14,-0.5,-0.866,0,0,0,1,0
2026-06-17 15:00:00,TX-BETA-02,134.18,572.43,72.38,61.39,75.41,30.46,2.016,78.88,10.89,0.63,0.97,1,Overcast,25.99,0,14.02,30.93,133.04,129.05,0.008,0.1381,15,-0.7071,-0.7071,0,0,0,1,0
2026-06-01 00:00:00,TX-GAMMA-03,131.95,630.41,79.07,45.56,60.37,12.78,2.582,43.28,16.11,0.93,0.925,1,Clear,20.76,0,14.81,32.78,144.08,133.27,0.0215,0.3722,0,0.0,1.0,0,1,0,0,0
2026-06-01 01:00:00,TX-GAMMA-03,133.81,631.39,80.79,46.82,64.47,12.49,2.655,12.84,23.26,0.96,0.913,1,Clear,25.61,0,17.65,34.33,146.33,133.6,0.0748,1.8115,1,0.2588,0.9659,0,1,0,0,0
2026-06-01 02:00:00,TX-GAMMA-03,131.41,539.46,69.18,41.99,53.98,13.36,2.522,33.42,26.37,0.3,0.918,1,Clear,14.32,0,11.99,28.63,122.79,112.72,0.009,0.789,2,0.5,0.866,0,1,0,0,0
2026-06-01 03:00:00,TX-GAMMA-03,130.87,537.77,67.6,37.59,49.95,12.46,2.494,26.17,12.69,0.53,0.92,1,Clear,13.23,0,12.36,25.13,121.9,112.15,0.0203,0.4849,3,0.7071,0.7071,0,1,0,0,0
2026-06-01 04:00:00,TX-GAMMA-03,132.84,490.75,62.71,38.58,50.38,12.86,1.93,13.57,28.0,1.39,0.907,1,Clear,7.41,0,11.8,25.72,112.91,102.41,0.1024,2.0634,4,0.866,0.5,0,1,0,0,0
2026-06-01 05:00:00,TX-GAMMA-03,131.27,491.71,61.28,38.7,49.21,14.11,2.512,14.96,30.06,0.24,0.888,1,Clear,9.66,0,10.51,24.59,111.8,99.28,0.016,2.0094,5,0.9659,0.2588,0,1,0,0,0
2026-06-01 06:00:00,TX-GAMMA-03,132.35,450.12,54.0,45.04,54.02,17.58,2.724,20.09,15.31,0.38,0.911,0,Clear,6.68,0,8.98,27.46,103.18,94.0,0.0189,0.7621,6,1.0,0.0,0,1,0,0,0
2026-06-01 07:00:00,TX-GAMMA-03,133.26,462.39,57.34,49.65,58.4,19.89,2.297,21.5,11.14,1.29,0.906,0,Clear,6.06,0,8.75,29.76,106.73,96.7,0.06,0.5181,7,0.9659,-0.2588,0,1,0,0,0
2026-06-01 08:00:00,TX-GAMMA-03,134.14,505.13,62.68,46.38,56.6,21.68,2.285,19.41,21.64,1.63,0.925,1,Overcast,9.11,0,10.22,24.7,117.36,108.56,0.084,1.1149,8,0.866,-0.5,0,0,0,1,0
2026-06-01 09:00:00,TX-GAMMA-03,132.24,507.8,62.25,49.83,60.51,25.58,2.18,36.83,19.44,2.16,0.858,1,Clear,8.66,0,10.68,24.25,116.31,99.79,0.0586,0.5278,9,0.7071,-0.7071,1,1,0,0,0
2026-06-01 10:00:00,TX-GAMMA-03,133.1,579.24,72.87,58.14,72.19,27.0,2.404,19.48,14.64,0.47,0.903,1,Overcast,25.92,0,14.05,31.14,133.54,120.59,0.0241,0.7515,10,0.5,-0.866,1,0,0,1,0
2026-06-01 11:00:00,TX-GAMMA-03,131.32,596.99,75.07,60.28,76.48,27.85,2.785,15.19,12.81,1.12,0.985,1,Clear,33.06,0,16.2,32.43,135.79,133.75,0.0737,0.8433,11,0.2588,-0.9659,1,1,0,0,0
2026-06-01 12:00:00,TX-GAMMA-03,131.4,620.07,76.88,60.48,75.76,28.96,2.322,10.99,11.08,1.46,0.922,1,Clear,30.75,0,15.28,31.52,141.12,130.11,0.1328,1.0082,12,0.0,-1.0,1,1,0,0,0
2026-06-01 13:00:00,TX-GAMMA-03,132.83,634.83,76.79,63.04,79.3,30.63,2.368,17.07,56.53,1.08,0.938,1,Clear,33.91,0,16.26,32.41,146.05,136.99,0.0633,3.3117,13,-0.2588,-0.9659,0,1,0,0,0
2026-06-01 14:00:00,TX-GAMMA-03,134.19,617.12,77.04,59.6,75.37,31.52,2.637,23.9,8.67,1.68,0.885,1,Clear,32.4,0,15.77,28.08,143.43,126.94,0.0703,0.3628,14,-0.5,-0.866,0,1,0,0,0
2026-06-01 15:00:00,TX-GAMMA-03,130.2,536.71,66.53,56.74,69.1,31.71,2.33,12.43,18.42,1.07,0.936,1,Clear,19.21,0,12.36,25.03,121.04,113.29,0.0861,1.4819,15,-0.7071,-0.7071,0,1,0,0,0
2026-06-01 16:00:00,TX-GAMMA-03,130.94,478.46,60.83,54.01,65.94,31.41,2.571,39.61,16.0,0.32,0.927,1,Overcast,14.7,0,11.93,22.6,108.51,100.59,0.0081,0.4039,16,-0.866,-0.5,0,0,0,1,0
2026-06-01 17:00:00,TX-GAMMA-03,133.59,541.86,65.97,57.67,69.29,29.83,2.547,27.01,35.9,0.59,0.927,1,Overcast,20.33,0,11.62,27.84,125.38,116.23,0.0218,1.3291,17,-0.9659,-0.2588,0,0,0,1,0
2026-06-01 18:00:00,TX-GAMMA-03,131.91,419.61,52.39,51.41,59.68,27.14,2.125,21.7,13.89,0.29,0.927,0,Rainy,2.15,0,8.27,24.27,95.87,88.87,0.0134,0.6401,18,-1.0,-0.0,1,0,0,0,1
2026-06-01 19:00:00,TX-GAMMA-03,130.94,462.46,58.87,53.23,63.57,25.41,2.284,41.99,20.22,0.59,0.94,0,Clear,9.85,0,10.34,27.82,104.88,98.59,0.0141,0.4815,19,-0.9659,0.2588,1,1,0,0,0
2026-06-01 20:00:00,TX-GAMMA-03,129.44,428.51,53.01,47.06,56.93,24.1,2.072,19.0,19.11,2.01,0.846,0,Rainy,2.19,0,9.87,22.96,96.07,81.28,0.1058,1.0058,20,-0.866,0.5,1,0,0,0,1
2026-06-01 21:00:00,TX-GAMMA-03,132.38,516.23,63.66,42.04,54.35,18.34,2.431,52.36,10.7,0.5,0.932,1,Clear,10.55,0,12.31,23.7,118.37,110.32,0.0095,0.2044,21,-0.7071,0.7071,1,1,0,0,0
2026-06-01 22:00:00,TX-GAMMA-03,131.89,633.24,77.01,49.44,65.95,17.18,2.406,34.96,14.37,1.3,0.973,1,Overcast,23.14,0,16.51,32.26,144.66,140.75,0.0372,0.411,22,-0.5,0.866,0,0,0,1,0
2026-06-01 23:00:00,TX-GAMMA-03,131.33,565.25,71.29,43.08,55.85,13.71,2.405,15.03,15.28,0.47,0.936,1,Overcast,14.84,0,12.77,29.37,128.58,120.35,0.0313,1.0166,23,-0.2588,0.9659,0,0,0,1,0
2026-06-02 00:00:00,TX-GAMMA-03,131.0,641.2,79.1,47.7,63.5,13.36,3.022,16.38,29.69,1.34,0.969,1,Clear,26.03,0,15.8,34.34,145.49,140.98,0.0818,1.8126,0,0.0,1.0,0,1,0,0,0
2026-06-02 01:00:00,TX-GAMMA-03,133.8,622.43,78.77,43.12,58.66,11.62,2.782,29.57,24.53,0.61,0.95,1,Clear,21.47,0,15.54,31.5,144.25,137.04,0.0206,0.8296,1,0.2588,0.9659,0,1,0,0,0
2026-06-02 02:00:00,TX-GAMMA-03,132.79,601.57,76.37,41.5,57.21,12.26,2.922,35.23,23.37,0.96,0.977,1,Rainy,20.91,0,15.71,29.24,138.36,135.18,0.0272,0.6634,2,0.5,0.866,0,0,0,0,1
2026-06-02 03:00:00,TX-GAMMA-03,133.24,546.8,67.17,36.46,47.18,10.3,2.31,12.58,10.2,1.07,0.935,1,Clear,11.87,0,10.72,26.16,126.19,117.99,0.0851,0.8108,3,0.7071,0.7071,0,1,0,0,0
2026-06-02 04:00:00,TX-GAMMA-03,132.14,515.21,65.24,41.26,53.64,14.38,2.621,15.48,10.95,0.52,0.928,1,Clear,12.62,0,12.38,26.88,117.92,109.43,0.0336,0.7074,4,0.866,0.5,0,1,0,0,0
2026-06-02 05:00:00,TX-GAMMA-03,132.72,385.18,49.95,39.54,48.33,14.66,2.455,20.04,10.48,2.0,0.924,0,Clear,2.73,0,8.79,24.88,88.54,81.81,0.0998,0.523,5,0.9659,0.2588,0,1,0,0,0
2026-06-02 06:00:00,TX-GAMMA-03,131.56,456.66,57.18,43.88,53.85,16.15,2.139,37.21,13.61,1.86,0.914,0,Clear,5.02,0,9.97,27.73,104.06,95.11,0.05,0.3658,6,1.0,0.0,0,1,0,0,0
2026-06-02 07:00:00,TX-GAMMA-03,134.77,407.05,52.52,47.98,57.14,19.84,2.18,15.33,13.34,1.21,0.928,0,Clear,2.55,0,9.16,28.14,95.02,88.18,0.0789,0.8702,7,0.9659,-0.2588,0,1,0,0,0
2026-06-02 08:00:00,TX-GAMMA-03,130.14,414.57,52.21,47.05,57.54,21.3,2.098,44.14,9.76,0.43,0.921,0,Overcast,1.88,0,10.49,25.75,93.45,86.07,0.0097,0.2211,8,0.866,-0.5,0,0,0,1,0
2026-06-02 09:00:00,TX-GAMMA-03,130.71,512.98,64.81,47.72,59.63,22.07,2.629,26.81,14.85,0.85,0.937,1,Overcast,12.41,0,11.91,25.65,116.14,108.82,0.0317,0.5539,9,0.7071,-0.7071,1,0,0,1,0
2026-06-02 10:00:00,TX-GAMMA-03,131.68,590.81,76.38,63.94,78.9,34.36,2.725,10.86,8.03,0.29,0.872,1,Heatwave,30.49,0,14.96,29.58,134.75,117.5,0.0267,0.7394,10,0.5,-0.866,1,0,1,0,0
2026-06-02 11:00:00,TX-GAMMA-03,132.25,527.99,67.44,55.19,67.11,29.64,2.359,16.52,10.29,0.57,0.93,1,Clear,18.25,0,11.92,25.55,120.94,112.47,0.0345,0.6229,11,0.2588,-0.9659,1,1,0,0,0
2026-06-02 12:00:00,TX-GAMMA-03,130.12,643.43,80.94,64.47,80.17,31.41,3.108,12.43,15.17,0.46,0.941,1,Rainy,41.5,0,15.7,33.06,145.01,136.45,0.037,1.2204,12,0.0,-1.0,1,0,0,0,1
2026-06-02 13:00:00,TX-GAMMA-03,131.31,585.17,74.91,64.06,78.08,31.7,2.424,34.17,19.75,0.7,0.922,1,Clear,32.14,0,14.02,32.36,133.09,122.71,0.0205,0.578,13,-0.2588,-0.9659,0,1,0,0,0
2026-06-02 14:00:00,TX-GAMMA-03,132.8,583.71,76.05,65.1,80.91,32.03,2.322,26.41,22.97,1.91,0.9,1,Clear,34.55,0,15.81,33.07,134.26,120.83,0.0723,0.8697,14,-0.5,-0.866,0,1,0,0,0
2026-06-02 15:00:00,TX-GAMMA-03,134.26,568.77,69.7,60.12,74.33,31.57,2.578,22.08,16.05,0.3,0.877,1,Clear,26.9,0,14.21,28.55,132.26,115.99,0.0136,0.7269,15,-0.7071,-0.7071,0,1,0,0,0
2026-06-02 16:00:00,TX-GAMMA-03,132.97,498.19,60.85,54.92,65.71,30.95,2.336,11.7,16.17,1.86,0.882,1,Clear,13.1,0,10.79,23.97,114.74,101.2,0.159,1.3821,16,-0.866,-0.5,0,1,0,0,0
2026-06-02 17:00:00,TX-GAMMA-03,132.41,481.8,58.94,58.07,68.66,28.67,2.304,22.07,49.17,4.65,0.959,0,Rainy,14.25,0,10.59,29.4,110.5,105.97,0.2107,2.2279,17,-0.9659,-0.2588,0,0,0,0,1
2026-06-02 18:00:00,TX-GAMMA-03,131.14,441.33,54.98,51.09,59.95,24.07,1.909,52.07,14.72,0.55,0.953,0,Clear,2.91,0,8.86,27.02,100.24,95.53,0.0106,0.2827,18,-1.0,-0.0,1,1,0,0,0
2026-06-02 19:00:00,TX-GAMMA-03,133.97,468.09,58.76,55.51,67.03,26.01,2.443,22.25,8.7,0.35,0.858,0,Clear,13.63,0,11.52,29.5,108.62,93.2,0.0157,0.391,19,-0.9659,0.2588,1,1,0,0,0
2026-06-02 20:00:00,TX-GAMMA-03,132.43,499.14,64.81,46.46,58.34,21.02,2.199,38.4,19.48,0.48,0.93,1,Overcast,9.84,0,11.88,25.44,114.49,106.48,0.0125,0.5073,20,-0.866,0.5,1,0,0,1,0
2026-06-02 21:00:00,TX-GAMMA-03,134.43,551.3,69.56,47.94,62.16,18.84,2.453,35.31,12.68,3.43,0.88,1,Clear,15.94,0,14.22,29.1,128.36,112.96,0.0971,0.3591,21,-0.7071,0.7071,1,1,0,0,0
2026-06-02 22:00:00,TX-GAMMA-03,130.64,608.92,76.08,48.31,63.79,16.03,2.53,10.37,36.72,0.78,0.913,1,Clear,21.56,0,15.48,32.28,137.78,125.79,0.0752,3.541,22,-0.5,0.866,0,1,0,0,0
2026-06-02 23:00:00,TX-GAMMA-03,133.15,625.6,77.7,47.6,63.48,15.64,2.7,10.15,22.02,3.35,0.907,1,Clear,23.26,0,15.88,31.96,144.28,130.86,0.33,2.1695,23,-0.2588,0.9659,0,1,0,0,0
2026-06-03 00:00:00,TX-GAMMA-03,134.01,606.59,74.86,45.01,57.78,13.66,2.766,66.7,18.47,1.81,0.95,1,Overcast,19.1,0,12.77,31.35,140.8,133.76,0.0271,0.2769,0,0.0,1.0,0,0,0,1,0
2026-06-03 01:00:00,TX-GAMMA-03,131.12,619.39,78.36,42.61,57.98,12.23,2.576,10.65,21.45,0.82,0.89,1,Overcast,20.0,0,15.37,30.38,140.67,125.2,0.077,2.0141,1,0.2588,0.9659,0,0,0,1,0
2026-06-03 02:00:00,TX-GAMMA-03,132.65,630.81,78.68,46.07,61.35,11.67,2.712,22.33,55.77,0.78,0.912,1,Clear,22.13,0,15.28,34.4,144.93,132.18,0.0349,2.4975,2,0.5,0.866,0,1,0,0,0
2026-06-03 03:00:00,TX-GAMMA-03,131.15,531.39,65.41,39.95,53.34,12.46,2.044,24.12,17.86,2.17,0.9,1,Clear,9.25,0,13.39,27.49,120.71,108.64,0.09,0.7405,3,0.7071,0.7071,0,1,0,0,0
2026-06-03 04:00:00,TX-GAMMA-03,132.94,499.62,62.38,38.35,50.62,13.04,2.412,53.37,11.82,0.35,0.955,1,Overcast,9.69,0,12.27,25.31,115.04,109.86,0.0066,0.2215,4,0.866,0.5,0,0,0,1,0
2026-06-03 05:00:00,TX-GAMMA-03,130.77,467.49,56.41,41.17,50.32,15.17,1.815,13.44,12.3,0.38,0.904,0,Overcast,3.74,0,9.15,26.0,105.89,95.72,0.0283,0.9152,5,0.9659,0.2588,0,0,0,1,0
2026-06-03 06:00:00,TX-GAMMA-03,131.23,484.19,61.27,39.59,52.54,15.43,1.995,21.07,12.82,0.83,0.893,1,Clear,6.58,0,12.95,24.16,110.05,98.27,0.0394,0.6084,6,1.0,0.0,0,1,0,0,0
2026-06-03 07:00:00,TX-GAMMA-03,132.13,450.01,57.16,45.18,54.04,18.98,2.358,26.55,10.42,0.96,0.927,0,Overcast,6.33,0,8.86,26.2,102.99,95.47,0.0362,0.3925,7,0.9659,-0.2588,0,0,0,1,0
2026-06-03 08:00:00,TX-GAMMA-03,132.13,443.3,55.36,49.39,57.91,21.04,2.371,10.69,8.02,0.55,0.965,0,Clear,5.35,0,8.52,28.35,101.45,97.9,0.0514,0.7502,8,0.866,-0.5,0,1,0,0,0
2026-06-03 09:00:00,TX-GAMMA-03,135.52,544.81,66.91,51.38,63.67,24.38,2.377,17.55,10.51,0.86,0.892,1,Clear,15.19,0,12.29,27.0,127.88,114.07,0.049,0.5989,9,0.7071,-0.7071,1,1,0,0,0
2026-06-03 10:00:00,TX-GAMMA-03,131.33,558.02,69.08,53.73,65.31,24.6,2.308,19.54,9.17,0.24,0.947,1,Clear,17.41,0,11.58,29.13,126.93,120.2,0.0123,0.4693,10,0.5,-0.866,1,1,0,0,0
2026-06-03 11:00:00,TX-GAMMA-03,131.37,637.51,78.38,61.87,79.28,30.51,2.65,92.79,16.52,0.54,0.924,1,Clear,36.52,0,17.41,31.36,145.06,134.04,0.0058,0.178,11,0.2588,-0.9659,1,1,0,0,0
2026-06-03 12:00:00,TX-GAMMA-03,132.03,668.45,81.92,69.44,86.67,34.16,2.715,39.0,21.49,0.35,0.927,1,Rainy,45.14,0,17.23,35.28,152.86,141.7,0.009,0.551,12,0.0,-1.0,1,0,0,0,1
2026-06-03 13:00:00,TX-GAMMA-03,133.66,598.04,76.32,64.62,80.51,31.61,2.564,32.98,35.3,0.66,0.907,1,Clear,35.83,0,15.89,33.01,138.45,125.57,0.02,1.0703,13,-0.2588,-0.9659,0,1,0,0,0
2026-06-03 14:00:00,TX-GAMMA-03,133.86,597.87,75.05,63.56,77.55,31.29,2.801,12.79,18.43,0.73,0.952,1,Clear,34.04,0,13.99,32.27,138.62,131.97,0.0571,1.441,14,-0.5,-0.866,0,1,0,0,0
2026-06-03 15:00:00,TX-GAMMA-03,130.97,499.87,63.54,54.27,65.07,30.14,2.575,26.55,23.14,0.9,0.912,1,Clear,15.58,0,10.8,24.13,113.39,103.41,0.0339,0.8716,15,-0.7071,-0.7071,0,1,0,0,0
2026-06-03 16:00:00,TX-GAMMA-03,130.55,491.07,62.02,56.02,67.62,30.45,1.929,27.61,14.56,1.74,0.967,1,Clear,13.36,0,11.6,25.57,111.04,107.38,0.063,0.5273,16,-0.866,-0.5,0,1,0,0,0
2026-06-03 17:00:00,TX-GAMMA-03,132.85,473.7,59.12,57.94,67.3,27.47,2.109,367.11,198.85,31.02,0.913,0,Rainy,37.06,1,9.36,30.47,109.0,99.52,0.0845,0.5417,17,-0.9659,-0.2588,0,0,0,0,1
2026-06-03 18:00:00,TX-GAMMA-03,134.02,393.8,47.82,51.94,60.21,27.81,1.853,12.93,15.49,0.22,0.911,0,Overcast,0.17,0,8.27,24.13,91.41,83.27,0.017,1.198,18,-1.0,-0.0,1,0,0,1,0
2026-06-03 19:00:00,TX-GAMMA-03,131.56,461.76,57.97,52.17,63.85,23.99,2.154,27.25,11.95,1.1,0.889,0,Clear,8.78,0,11.68,28.18,105.22,93.54,0.0404,0.4385,19,-0.9659,0.2588,1,1,0,0,0
2026-06-03 20:00:00,TX-GAMMA-03,133.11,418.72,53.89,51.27,61.32,22.92,2.435,10.59,10.43,1.99,0.915,0,Overcast,5.98,0,10.05,28.35,96.54,88.33,0.1879,0.9849,20,-0.866,0.5,1,0,0,1,0
2026-06-03 21:00:00,TX-GAMMA-03,131.04,542.01,69.49,47.98,60.86,19.14,2.217,26.49,15.11,2.38,0.866,1,Clear,13.39,0,12.88,28.84,123.02,106.54,0.0898,0.5704,21,-0.7071,0.7071,1,1,0,0,0
2026-06-03 22:00:00,TX-GAMMA-03,133.06,557.49,70.5,46.8,58.02,17.47,2.355,40.97,8.39,2.01,0.877,1,Overcast,14.09,0,11.22,29.33,128.48,112.68,0.0491,0.2048,22,-0.5,0.866,0,0,0,1,0
2026-06-03 23:00:00,TX-GAMMA-03,132.42,716.82,87.8,48.04,67.03,16.12,2.876,35.16,41.85,0.53,0.908,2,Overcast,33.16,0,18.99,31.92,164.41,149.28,0.0151,1.1903,23,-0.2588,0.9659,0,0,0,1,0
2026-06-04 00:00:00,TX-GAMMA-03,133.34,610.03,76.67,46.02,62.98,13.33,2.749,16.84,14.22,0.85,0.931,1,Overcast,22.53,0,16.96,32.69,140.89,131.17,0.0505,0.8444,0,0.0,1.0,0,0,0,1,0
2026-06-04 01:00:00,TX-GAMMA-03,134.09,627.96,79.47,46.21,64.4,14.16,2.816,19.22,18.0,1.15,0.872,1,Rainy,25.75,0,18.19,32.05,145.84,127.17,0.0598,0.9365,1,0.2588,0.9659,0,0,0,0,1
2026-06-04 02:00:00,TX-GAMMA-03,133.82,591.27,73.19,43.44,58.17,12.52,2.455,20.73,22.54,0.72,0.891,1,Clear,16.25,0,14.73,30.92,137.05,122.11,0.0347,1.0873,2,0.5,0.866,0,1,0,0,0
2026-06-04 03:00:00,TX-GAMMA-03,130.79,585.52,71.33,40.85,55.46,11.23,2.281,22.32,10.74,2.07,0.904,1,Clear,14.13,0,14.61,29.62,132.64,119.91,0.0927,0.4812,3,0.7071,0.7071,0,1,0,0,0
2026-06-04 04:00:00,TX-GAMMA-03,129.17,448.94,56.21,42.43,51.13,12.77,2.346,17.1,8.1,1.34,0.904,0,Rainy,5.7,0,8.7,29.66,100.44,90.8,0.0784,0.4737,4,0.866,0.5,0,0,0,0,1
2026-06-04 05:00:00,TX-GAMMA-03,131.94,429.94,55.85,44.28,54.12,16.61,2.57,279.52,182.49,42.23,0.901,0,Overcast,31.83,1,9.84,27.67,98.25,88.52,0.1511,0.6529,5,0.9659,0.2588,0,0,0,1,0
2026-06-04 06:00:00,TX-GAMMA-03,131.5,428.1,55.42,44.0,52.54,18.46,1.959,19.56,8.33,0.28,0.929,0,Clear,3.16,0,8.54,25.54,97.51,90.59,0.0143,0.4259,6,1.0,0.0,0,1,0,0,0
2026-06-04 07:00:00,TX-GAMMA-03,132.19,476.19,59.75,49.61,59.04,19.9,2.428,18.63,31.26,0.35,0.92,0,Clear,8.26,0,9.43,29.71,109.03,100.31,0.0188,1.6779,7,0.9659,-0.2588,0,1,0,0,0
2026-06-04 08:00:00,TX-GAMMA-03,134.15,527.68,67.07,46.14,60.21,20.98,2.456,16.07,18.78,0.75,0.94,1,Overcast,12.87,0,14.07,25.16,122.61,115.25,0.0467,1.1686,8,0.866,-0.5,0,0,0,1,0
2026-06-04 09:00:00,TX-GAMMA-03,131.81,619.95,77.22,52.21,67.55,22.65,2.517,39.22,17.8,1.78,0.902,1,Clear,25.27,0,15.34,29.56,141.54,127.67,0.0454,0.4538,9,0.7071,-0.7071,1,1,0,0,0
2026-06-04 10:00:00,TX-GAMMA-03,131.73,600.84,74.13,55.12,68.35,26.0,2.482,17.05,27.31,1.64,0.873,1,Clear,23.93,0,13.23,29.12,137.09,119.68,0.0962,1.6018,10,0.5,-0.866,1,1,0,0,0
2026-06-04 11:00:00,TX-GAMMA-03,133.22,654.65,79.64,62.13,78.52,28.79,2.485,21.59,28.01,0.4,0.954,1,Clear,35.63,0,16.39,33.34,151.06,144.11,0.0185,1.2974,11,0.2588,-0.9659,1,1,0,0,0
2026-06-04 12:00:00,TX-GAMMA-03,132.05,608.45,77.17,67.42,85.45,39.37,3.012,17.78,14.73,0.41,0.915,1,Heatwave,38.14,0,18.03,28.05,139.16,127.33,0.0231,0.8285,12,0.0,-1.0,1,0,1,0,0
2026-06-04 13:00:00,TX-GAMMA-03,135.78,646.73,78.61,65.74,82.58,31.57,2.611,26.73,10.0,0.31,0.899,1,Overcast,39.18,0,16.84,34.17,152.1,136.74,0.0116,0.3741,13,-0.2588,-0.9659,0,0,0,1,0
2026-06-04 14:00:00,TX-GAMMA-03,128.56,531.62,67.84,59.29,71.67,31.48,2.313,19.59,16.12,0.21,0.873,1,Clear,22.01,0,12.38,27.81,118.38,103.35,0.0107,0.8229,14,-0.5,-0.866,0,1,0,0,0
2026-06-04 15:00:00,TX-GAMMA-03,134.3,542.69,70.41,60.03,73.69,30.37,2.245,214.87,106.3,49.78,0.91,1,Overcast,49.79,1,13.66,29.66,126.24,114.88,0.2317,0.4947,15,-0.7071,-0.7071,0,0,0,1,0
2026-06-04 16:00:00,TX-GAMMA-03,133.51,517.96,62.75,52.75,64.24,31.01,2.512,22.92,22.65,0.45,0.965,1,Overcast,14.04,0,11.49,21.74,119.78,115.59,0.0196,0.9882,16,-0.866,-0.5,0,0,0,1,0
2026-06-04 17:00:00,TX-GAMMA-03,128.41,421.61,52.88,53.25,61.9,28.94,1.728,26.84,49.39,0.32,0.905,0,Clear,3.27,0,8.65,24.31,93.77,84.86,0.0119,1.8402,17,-0.9659,-0.2588,0,1,0,0,0
2026-06-04 18:00:00,TX-GAMMA-03,134.56,516.05,63.96,52.27,63.61,28.38,2.453,12.98,8.19,0.39,0.874,1,Clear,13.87,0,11.34,23.89,120.27,105.12,0.03,0.631,18,-1.0,-0.0,1,1,0,0,0
2026-06-04 19:00:00,TX-GAMMA-03,133.27,457.71,56.21,52.39,61.38,24.34,2.242,42.48,15.89,1.16,0.891,0,Clear,6.23,0,8.99,28.05,105.65,94.13,0.0273,0.3741,19,-0.9659,0.2588,1,1,0,0,0
2026-06-04 20:00:00,TX-GAMMA-03,130.18,428.12,57.28,50.48,59.34,20.71,2.743,20.28,27.88,0.53,0.915,0,Overcast,8.7,0,8.86,29.77,96.53,88.32,0.0261,1.3748,20,-0.866,0.5,1,0,0,1,0
2026-06-04 21:00:00,TX-GAMMA-03,130.78,497.17,61.03,45.62,55.39,21.67,2.074,13.88,12.58,0.39,0.942,1,Rainy,6.88,0,9.77,23.95,112.62,106.09,0.0281,0.9063,21,-0.7071,0.7071,1,0,0,0,1
2026-06-04 22:00:00,TX-GAMMA-03,132.06,610.09,77.87,48.26,65.18,16.66,2.882,11.57,39.15,0.85,0.878,1,Clear,25.86,0,16.92,31.6,139.55,122.52,0.0735,3.3837,22,-0.5,0.866,0,1,0,0,0
2026-06-04 23:00:00,TX-GAMMA-03,131.64,581.99,74.06,43.62,58.72,14.66,2.824,27.09,41.44,1.01,0.933,1,Clear,18.98,0,15.1,28.96,132.7,123.81,0.0373,1.5297,23,-0.2588,0.9659,0,1,0,0,0
2026-06-05 00:00:00,TX-GAMMA-03,133.68,590.06,72.82,43.39,57.83,14.3,2.326,35.66,25.87,2.42,0.895,1,Clear,15.27,0,14.44,29.09,136.62,122.27,0.0679,0.7255,0,0.0,1.0,0,1,0,0,0
2026-06-05 01:00:00,TX-GAMMA-03,131.3,612.82,76.62,47.1,63.74,13.19,2.594,14.45,11.3,0.44,0.895,1,Clear,22.21,0,16.64,33.91,139.37,124.74,0.0304,0.782,1,0.2588,0.9659,0,1,0,0,0
2026-06-05 02:00:00,TX-GAMMA-03,130.71,600.76,76.39,44.55,60.67,10.83,2.693,49.78,24.96,0.24,0.908,1,Rainy,20.11,0,16.12,33.72,136.01,123.5,0.0048,0.5014,2,0.5,0.866,0,0,0,0,1
2026-06-05 03:00:00,TX-GAMMA-03,133.33,546.44,69.38,39.39,52.85,10.85,2.357,17.39,34.46,0.49,0.922,1,Clear,13.45,0,13.46,28.54,126.19,116.35,0.0282,1.9816,3,0.7071,0.7071,0,1,0,0,0
2026-06-05 04:00:00,TX-GAMMA-03,128.37,470.59,60.24,38.73,49.22,13.89,2.314,13.03,44.15,1.68,0.906,1,Overcast,7.86,0,10.49,24.84,104.63,94.79,0.1289,3.3883,4,0.866,0.5,0,0,0,1,0
2026-06-05 05:00:00,TX-GAMMA-03,131.55,427.71,53.89,43.48,54.31,15.0,2.301,18.47,9.47,0.29,0.922,0,Clear,4.08,0,10.83,28.48,97.45,89.85,0.0157,0.5127,5,0.9659,0.2588,0,1,0,0,0
2026-06-05 06:00:00,TX-GAMMA-03,132.33,443.35,55.73,42.33,50.62,16.94,2.27,13.55,11.99,0.77,0.908,0,Rainy,4.96,0,8.29,25.39,101.62,92.27,0.0568,0.8849,6,1.0,0.0,0,0,0,0,1
2026-06-05 07:00:00,TX-GAMMA-03,131.23,466.22,57.4,44.83,54.59,19.77,2.178,22.63,16.75,1.05,0.92,0,Clear,5.39,0,9.76,25.06,105.97,97.49,0.0464,0.7402,7,0.9659,-0.2588,0,1,0,0,0
2026-06-05 08:00:00,TX-GAMMA-03,130.41,456.31,57.36,49.22,59.77,20.92,2.42,391.72,196.09,26.92,0.983,0,Rainy,31.81,1,10.55,28.3,103.07,101.32,0.0687,0.5006,8,0.866,-0.5,0,0,0,0,1
2026-06-05 09:00:00,TX-GAMMA-03,130.55,927.67,115.96,54.01,96.5,26.79,2.527,20.88,13.68,2.24,0.943,1,Overcast,61.61,1,42.49,27.22,209.76,197.8,0.1073,0.6552,9,0.7071,-0.7071,1,0,0,1,0
2026-06-05 10:00:00,TX-GAMMA-03,134.42,603.05,75.19,54.04,68.96,25.41,2.405,30.55,19.8,0.63,0.887,1,Overcast,24.58,0,14.92,28.63,140.4,124.53,0.0206,0.6481,10,0.5,-0.866,1,0,0,1,0
2026-06-05 11:00:00,TX-GAMMA-03,133.01,614.17,78.01,60.83,78.08,29.1,2.297,15.05,37.9,1.41,0.943,1,Rainy,33.19,0,17.25,31.73,141.49,133.43,0.0937,2.5183,11,0.2588,-0.9659,1,0,0,0,1
2026-06-05 12:00:00,TX-GAMMA-03,131.83,602.34,74.87,62.55,77.14,32.3,2.598,11.87,23.07,0.26,0.932,1,Overcast,32.38,0,14.59,30.25,137.54,128.19,0.0219,1.9436,12,0.0,-1.0,1,0,0,1,0
2026-06-05 13:00:00,TX-GAMMA-03,128.61,582.38,72.67,63.12,78.18,30.24,2.272,27.36,21.87,0.22,0.879,1,Clear,30.0,0,15.06,32.88,129.73,114.03,0.008,0.7993,13,-0.2588,-0.9659,0,1,0,0,0
2026-06-05 14:00:00,TX-GAMMA-03,130.28,631.9,76.94,64.95,80.38,33.02,2.631,17.58,9.31,1.65,0.906,1,Overcast,36.48,0,15.43,31.93,142.59,129.19,0.0939,0.5296,14,-0.5,-0.866,0,0,0,1,0
2026-06-05 15:00:00,TX-GAMMA-03,132.56,546.61,69.41,60.91,73.64,32.73,2.283,11.13,13.26,0.22,0.907,1,Clear,24.38,0,12.73,28.18,125.5,113.83,0.0198,1.1914,15,-0.7071,-0.7071,0,1,0,0,0
2026-06-05 16:00:00,TX-GAMMA-03,129.36,481.98,60.22,55.46,66.24,31.26,2.327,27.76,12.93,0.29,0.881,1,Overcast,13.13,0,10.78,24.2,107.99,95.14,0.0104,0.4658,16,-0.866,-0.5,0,0,0,1,0
2026-06-05 17:00:00,TX-GAMMA-03,133.04,490.27,59.09,56.17,66.04,28.98,2.89,20.81,10.15,0.7,0.93,0,Clear,15.67,0,9.87,27.19,112.97,105.06,0.0336,0.4877,17,-0.9659,-0.2588,0,1,0,0,0
2026-06-05 18:00:00,TX-GAMMA-03,131.13,429.26,54.91,50.67,59.78,26.02,2.206,10.23,15.16,0.65,0.974,0,Rainy,4.1,0,9.11,24.65,97.5,94.96,0.0635,1.4819,18,-1.0,-0.0,1,0,0,0,1
2026-06-05 19:00:00,TX-GAMMA-03,130.27,498.03,61.15,47.39,56.95,26.31,2.788,26.04,9.9,1.67,0.937,1,Rainy,11.23,0,9.56,21.08,112.37,105.29,0.0641,0.3802,19,-0.9659,0.2588,1,0,0,0,1
2026-06-05 20:00:00,TX-GAMMA-03,131.54,432.47,53.29,70.56,87.51,24.36,1.835,14.83,31.98,0.95,0.913,0,Overcast,36.92,1,16.95,46.2,98.53,89.96,0.0641,2.1564,20,-0.866,0.5,1,0,0,1,0
2026-06-05 21:00:00,TX-GAMMA-03,133.02,528.83,68.45,50.04,63.94,26.25,2.164,30.66,11.97,0.22,0.936,1,Heatwave,11.75,0,13.9,23.79,121.84,114.04,0.0072,0.3904,21,-0.7071,0.7071,1,0,1,0,0
2026-06-05 22:00:00,TX-GAMMA-03,132.73,548.0,66.37,42.89,54.45,15.37,2.598,15.42,26.33,0.48,0.929,1,Clear,13.14,0,11.56,27.52,125.98,117.04,0.0311,1.7075,22,-0.5,0.866,0,1,0,0,0
2026-06-05 23:00:00,TX-GAMMA-03,132.27,650.38,82.98,48.33,65.6,15.36,2.657,73.99,8.38,1.07,0.891,1,Overcast,27.84,0,17.27,32.97,149.0,132.76,0.0145,0.1133,23,-0.2588,0.9659,0,0,0,1,0
2026-06-06 00:00:00,TX-GAMMA-03,133.38,614.66,75.45,44.85,58.62,14.99,2.168,19.44,22.64,0.5,0.93,1,Clear,15.85,0,13.77,29.86,142.0,132.06,0.0257,1.1646,0,0.0,1.0,0,1,0,0,0
2026-06-06 01:00:00,TX-GAMMA-03,133.99,674.66,85.55,46.67,67.63,13.13,2.778,26.18,12.09,0.32,0.862,2,Overcast,31.76,0,20.96,33.54,156.57,134.96,0.0122,0.4618,1,0.2588,0.9659,0,0,0,1,0
2026-06-06 02:00:00,TX-GAMMA-03,132.78,615.33,77.75,44.33,60.65,11.71,2.497,11.08,16.23,0.71,0.951,1,Rainy,19.71,0,16.32,32.62,141.51,134.58,0.0641,1.4648,2,0.5,0.866,0,0,0,0,1
2026-06-06 03:00:00,TX-GAMMA-03,133.51,512.16,63.33,34.29,45.68,11.78,2.284,11.48,12.54,1.86,0.945,1,Overcast,9.48,0,11.39,22.51,118.44,111.93,0.162,1.0923,3,0.7071,0.7071,0,0,0,1,0
2026-06-06 04:00:00,TX-GAMMA-03,130.25,434.39,51.98,36.06,45.27,11.62,2.32,22.49,15.58,1.95,0.919,0,Rainy,3.08,0,9.21,24.44,98.0,90.06,0.0867,0.6928,4,0.866,0.5,0,0,0,0,1
2026-06-06 05:00:00,TX-GAMMA-03,133.66,487.71,61.12,38.97,48.97,15.54,2.246,11.26,10.04,0.43,0.939,1,Overcast,7.97,0,10.0,23.43,112.91,106.02,0.0382,0.8917,5,0.9659,0.2588,0,0,0,1,0
2026-06-06 06:00:00,TX-GAMMA-03,135.9,470.76,56.13,48.8,57.38,16.96,2.342,43.77,39.67,3.18,0.959,0,Clear,5.63,0,8.58,31.84,110.81,106.27,0.0727,0.9063,6,1.0,0.0,0,1,0,0,0
2026-06-06 07:00:00,TX-GAMMA-03,132.25,455.95,56.83,47.44,56.81,17.84,2.268,10.62,24.79,0.64,0.914,0,Clear,5.6,0,9.37,29.6,104.44,95.46,0.0603,2.3343,7,0.9659,-0.2588,0,1,0,0,0
2026-06-06 08:00:00,TX-GAMMA-03,132.64,531.59,65.9,49.03,61.21,21.92,2.225,36.43,15.7,1.61,0.913,1,Clear,11.64,0,12.18,27.11,122.13,111.5,0.0442,0.431,8,0.866,-0.5,0,1,0,0,0
2026-06-06 09:00:00,TX-GAMMA-03,127.91,559.91,69.98,50.99,63.99,24.22,2.345,13.11,16.06,1.48,0.906,1,Rainy,17.05,0,13.0,26.77,124.05,112.39,0.1129,1.225,9,0.7071,-0.7071,1,0,0,0,1
2026-06-06 10:00:00,TX-GAMMA-03,131.11,642.29,77.83,61.21,77.66,28.7,2.699,14.22,25.53,0.21,0.906,1,Clear,35.15,0,16.45,32.51,145.86,132.15,0.0148,1.7954,10,0.5,-0.866,1,1,0,0,0
2026-06-06 11:00:00,TX-GAMMA-03,134.83,651.54,81.43,62.43,81.84,29.92,2.598,12.37,10.46,0.38,0.933,1,Clear,40.12,0,19.41,32.51,152.16,141.97,0.0307,0.8456,11,0.2588,-0.9659,1,1,0,0,0
2026-06-06 12:00:00,TX-GAMMA-03,134.21,600.85,75.52,64.28,79.65,32.63,2.52,23.1,60.03,1.94,0.9,1,Clear,34.38,0,15.37,31.65,139.67,125.7,0.084,2.5987,12,0.0,-1.0,1,1,0,0,0
2026-06-06 13:00:00,TX-GAMMA-03,131.55,607.1,76.45,67.28,83.17,38.69,2.141,15.89,10.42,0.32,0.927,1,Heatwave,30.58,0,15.89,28.59,138.33,128.23,0.0201,0.6558,13,-0.2588,-0.9659,0,0,1,0,0
2026-06-06 14:00:00,TX-GAMMA-03,130.63,576.63,72.5,59.56,73.19,30.46,2.452,18.38,57.08,0.52,0.868,1,Rainy,26.83,0,13.63,29.1,130.47,113.25,0.0283,3.1055,14,-0.5,-0.866,0,0,0,0,1
2026-06-06 15:00:00,TX-GAMMA-03,131.9,545.01,69.12,61.72,75.16,32.75,2.765,48.7,28.92,1.69,0.931,1,Clear,28.38,0,13.44,28.97,124.51,115.92,0.0347,0.5938,15,-0.7071,-0.7071,0,1,0,0,0
2026-06-06 16:00:00,TX-GAMMA-03,132.4,509.95,64.1,54.75,65.23,28.66,2.637,15.44,8.1,1.63,0.932,1,Overcast,16.4,0,10.48,26.09,116.94,108.99,0.1056,0.5246,16,-0.866,-0.5,0,0,0,1,0
2026-06-06 17:00:00,TX-GAMMA-03,131.88,464.75,58.74,62.01,72.36,33.12,2.166,34.61,14.91,0.85,0.906,0,Overcast,16.4,0,10.35,28.89,106.16,96.18,0.0246,0.4308,17,-0.9659,-0.2588,0,0,0,1,0
2026-06-06 18:00:00,TX-GAMMA-03,134.08,404.96,49.67,52.17,62.0,27.66,2.183,11.57,13.75,1.37,0.93,0,Clear,2.77,0,9.83,24.51,94.05,87.47,0.1184,1.1884,18,-1.0,-0.0,1,1,0,0,0
2026-06-06 19:00:00,TX-GAMMA-03,131.66,463.01,57.06,54.15,62.64,23.55,2.478,15.84,14.63,0.33,0.906,0,Clear,9.19,0,8.49,30.6,105.59,95.66,0.0208,0.9236,19,-0.9659,0.2588,1,1,0,0,0
2026-06-06 20:00:00,TX-GAMMA-03,136.66,480.48,60.36,44.77,55.39,23.06,2.346,16.97,10.6,0.3,0.917,1,Overcast,8.12,0,10.62,21.71,113.73,104.29,0.0177,0.6246,20,-0.866,0.5,1,0,0,1,0
2026-06-06 21:00:00,TX-GAMMA-03,129.93,535.15,66.38,43.14,54.77,20.14,2.257,11.26,17.9,0.21,0.936,1,Clear,11.09,0,11.63,23.0,120.43,112.72,0.0187,1.5897,21,-0.7071,0.7071,1,1,0,0,0
2026-06-06 22:00:00,TX-GAMMA-03,131.32,592.01,73.35,45.85,59.66,16.41,2.663,11.12,23.09,0.6,0.945,1,Clear,17.59,0,13.81,29.44,134.65,127.24,0.054,2.0764,22,-0.5,0.866,0,1,0,0,0
2026-06-06 23:00:00,TX-GAMMA-03,132.6,564.24,70.22,41.67,55.27,14.16,2.362,42.48,13.39,2.36,0.921,1,Rainy,13.96,0,13.6,27.51,129.59,119.35,0.0556,0.3152,23,-0.2588,0.9659,0,0,0,0,1
2026-06-07 00:00:00,TX-GAMMA-03,131.19,634.48,81.03,44.71,62.45,12.86,2.651,18.53,26.48,2.48,0.919,1,Clear,24.05,0,17.74,31.85,144.17,132.49,0.1338,1.429,0,0.0,1.0,0,1,0,0,0
2026-06-07 01:00:00,TX-GAMMA-03,129.48,612.7,78.1,43.98,60.51,9.72,2.609,10.93,16.03,1.39,0.914,1,Overcast,20.48,0,16.53,34.26,137.41,125.59,0.1272,1.4666,1,0.2588,0.9659,0,0,0,1,0
2026-06-07 02:00:00,TX-GAMMA-03,130.21,565.96,72.25,42.68,56.31,12.63,2.173,16.55,16.93,0.93,0.883,1,Overcast,14.02,0,13.63,30.05,127.64,112.71,0.0562,1.023,2,0.5,0.866,0,0,0,1,0
2026-06-07 03:00:00,TX-GAMMA-03,132.88,532.16,65.97,35.58,51.2,11.45,2.359,26.16,8.51,1.22,0.903,1,Clear,11.47,0,15.62,24.13,122.48,110.6,0.0466,0.3253,3,0.7071,0.7071,0,1,0,0,0
2026-06-07 04:00:00,TX-GAMMA-03,132.39,534.37,66.33,39.15,51.65,13.11,2.533,38.69,13.02,0.53,0.883,1,Clear,12.72,0,12.5,26.04,122.53,108.19,0.0137,0.3365,4,0.866,0.5,0,1,0,0,0
2026-06-07 05:00:00,TX-GAMMA-03,131.11,437.8,54.75,39.71,48.24,14.48,2.427,70.73,10.39,0.92,0.849,0,Overcast,5.34,0,8.53,25.23,99.42,84.41,0.013,0.1469,5,0.9659,0.2588,0,0,0,1,0
2026-06-07 06:00:00,TX-GAMMA-03,131.47,528.57,66.34,41.48,54.33,16.07,2.496,24.96,16.66,1.19,0.947,1,Rainy,12.51,0,12.85,25.41,120.36,113.98,0.0477,0.6675,6,1.0,0.0,0,0,0,0,1
2026-06-07 07:00:00,TX-GAMMA-03,133.51,488.31,60.92,42.65,53.47,20.83,2.603,43.0,13.1,0.57,0.9,1,Clear,9.99,0,10.82,21.82,112.92,101.63,0.0133,0.3047,7,0.9659,-0.2588,0,1,0,0,0
2026-06-07 08:00:00,TX-GAMMA-03,133.34,483.63,62.05,44.83,56.86,19.51,2.638,13.06,11.83,0.62,0.901,1,Overcast,10.86,0,12.03,25.32,111.7,100.64,0.0475,0.9058,8,0.866,-0.5,0,0,0,1,0
2026-06-07 09:00:00,TX-GAMMA-03,132.94,559.68,68.25,55.63,68.93,26.46,2.611,35.92,17.48,0.4,0.901,1,Clear,21.75,0,13.3,29.17,128.87,116.11,0.0111,0.4866,9,0.7071,-0.7071,1,1,0,0,0
2026-06-07 10:00:00,TX-GAMMA-03,132.73,660.22,81.37,61.7,78.31,26.72,2.883,21.51,9.77,0.82,0.889,1,Overcast,38.86,0,16.61,34.98,151.78,134.93,0.0381,0.4542,10,0.5,-0.866,1,0,0,1,0
2026-06-07 11:00:00,TX-GAMMA-03,133.6,677.92,84.75,84.88,111.87,27.65,2.59,17.79,32.72,0.8,0.926,0,Clear,77.03,1,26.99,57.23,156.87,145.26,0.045,1.8392,11,0.2588,-0.9659,1,1,0,0,0
2026-06-07 12:00:00,TX-GAMMA-03,131.64,642.16,80.4,65.99,84.01,31.53,2.579,34.67,19.76,0.45,0.952,1,Clear,41.22,0,18.02,34.46,146.42,139.39,0.013,0.5699,12,0.0,-1.0,1,1,0,0,0
2026-06-07 13:00:00,TX-GAMMA-03,129.83,665.07,84.73,71.86,89.67,33.88,2.43,34.73,48.75,1.01,0.888,1,Clear,47.57,0,17.81,37.98,149.56,132.81,0.0291,1.4037,13,-0.2588,-0.9659,0,1,0,0,0
2026-06-07 14:00:00,TX-GAMMA-03,132.35,586.24,73.34,58.93,72.06,31.14,2.665,27.99,9.99,0.29,0.883,1,Overcast,27.65,0,13.13,27.79,134.39,118.67,0.0104,0.3569,14,-0.5,-0.866,0,0,0,1,0
2026-06-07 15:00:00,TX-GAMMA-03,133.49,541.41,68.46,58.05,70.98,30.29,2.249,16.17,20.8,2.27,0.879,1,Rainy,21.42,0,12.93,27.76,125.18,110.03,0.1404,1.2863,15,-0.7071,-0.7071,0,0,0,0,1
2026-06-07 16:00:00,TX-GAMMA-03,133.63,543.25,67.94,55.34,68.5,28.73,2.373,31.5,16.26,0.46,0.895,1,Clear,19.78,0,13.16,26.61,125.74,112.54,0.0146,0.5162,16,-0.866,-0.5,0,1,0,0,0
2026-06-07 17:00:00,TX-GAMMA-03,132.01,499.99,61.97,56.78,67.4,34.71,2.298,21.56,42.65,0.62,0.973,1,Heatwave,9.94,0,10.62,22.07,114.32,111.23,0.0288,1.9782,17,-0.9659,-0.2588,0,0,1,0,0
2026-06-07 18:00:00,TX-GAMMA-03,132.23,473.0,59.02,58.85,68.87,27.58,2.066,52.96,34.47,0.79,0.878,0,Clear,13.05,0,10.02,31.27,108.33,95.11,0.0149,0.6509,18,-1.0,-0.0,1,1,0,0,0
2026-06-07 19:00:00,TX-GAMMA-03,130.13,437.45,55.17,54.14,63.34,26.72,2.257,46.06,11.07,0.37,0.874,0,Overcast,7.33,0,9.2,27.42,98.6,86.18,0.008,0.2403,19,-0.9659,0.2588,1,0,0,1,0
2026-06-07 20:00:00,TX-GAMMA-03,132.16,497.55,62.72,43.71,54.43,20.22,2.387,12.04,8.76,4.63,0.909,1,Rainy,9.74,0,10.72,23.49,113.89,103.53,0.3846,0.7276,20,-0.866,0.5,1,0,0,0,1
2026-06-07 21:00:00,TX-GAMMA-03,131.99,498.43,64.2,46.82,59.17,20.63,2.454,13.56,15.9,0.73,0.933,1,Clear,11.01,0,12.35,26.19,113.95,106.32,0.0538,1.1726,21,-0.7071,0.7071,1,1,0,0,0
2026-06-07 22:00:00,TX-GAMMA-03,130.2,622.7,76.73,47.53,64.01,16.9,2.586,30.04,17.97,1.94,0.969,1,Overcast,22.45,0,16.48,30.63,140.43,136.08,0.0646,0.5982,22,-0.5,0.866,0,0,0,1,0
2026-06-07 23:00:00,TX-GAMMA-03,133.03,584.06,72.6,42.85,56.54,14.22,2.536,28.8,22.57,0.55,0.889,1,Clear,16.4,0,13.69,28.63,134.58,119.64,0.0191,0.7837,23,-0.2588,0.9659,0,1,0,0,0
2026-06-08 00:00:00,TX-GAMMA-03,133.59,656.42,82.36,44.41,61.13,11.93,2.592,15.13,11.18,2.26,0.905,1,Clear,23.37,0,16.72,32.48,151.89,137.46,0.1494,0.7389,0,0.0,1.0,0,1,0,0,0
2026-06-08 01:00:00,TX-GAMMA-03,132.78,627.37,79.03,43.1,60.2,10.36,2.929,16.33,11.97,0.26,0.913,1,Clear,22.67,0,17.1,32.74,144.28,131.73,0.0159,0.733,1,0.2588,0.9659,0,1,0,0,0
2026-06-08 02:00:00,TX-GAMMA-03,132.75,552.0,71.12,38.66,51.57,10.94,2.153,23.24,38.2,0.6,0.919,1,Clear,13.24,0,12.91,27.72,126.92,116.64,0.0258,1.6437,2,0.5,0.866,0,1,0,0,0
2026-06-08 03:00:00,TX-GAMMA-03,129.39,508.53,63.12,38.17,49.55,12.98,2.388,48.46,12.73,1.42,0.89,1,Overcast,9.99,0,11.38,25.19,113.97,101.43,0.0293,0.2627,3,0.7071,0.7071,0,0,0,1,0
2026-06-08 04:00:00,TX-GAMMA-03,133.32,442.05,53.1,39.72,48.88,13.47,1.846,10.28,11.46,0.41,0.899,0,Clear,1.81,0,9.16,26.25,102.08,91.77,0.0399,1.1148,4,0.866,0.5,0,1,0,0,0
2026-06-08 05:00:00,TX-GAMMA-03,133.02,456.93,57.34,49.46,60.82,23.93,2.413,16.6,11.31,0.4,0.94,0,Heatwave,6.76,0,11.36,25.53,105.28,98.96,0.0241,0.6813,5,0.9659,0.2588,0,0,1,0,0
2026-06-08 06:00:00,TX-GAMMA-03,132.03,459.46,56.38,48.16,57.25,17.71,2.197,18.53,21.43,0.64,0.885,0,Clear,4.91,0,9.09,30.45,105.07,92.99,0.0345,1.1565,6,1.0,0.0,0,1,0,0,0
2026-06-08 07:00:00,TX-GAMMA-03,130.29,451.65,55.5,48.26,57.77,19.71,2.323,12.59,16.37,1.79,0.85,0,Rainy,5.14,0,9.51,28.55,101.92,86.63,0.1422,1.3002,7,0.9659,-0.2588,0,0,0,0,1
2026-06-08 08:00:00,TX-GAMMA-03,133.23,489.37,60.03,45.57,57.16,22.57,2.358,16.72,9.89,0.52,0.944,1,Clear,8.0,0,11.59,23.0,112.93,106.61,0.0311,0.5915,8,0.866,-0.5,0,1,0,0,0
2026-06-08 09:00:00,TX-GAMMA-03,131.53,565.72,70.31,61.19,77.89,36.18,2.761,19.75,17.55,0.38,0.941,1,Heatwave,26.32,0,16.7,25.01,128.88,121.28,0.0192,0.8886,9,0.7071,-0.7071,1,0,1,0,0
2026-06-08 10:00:00,TX-GAMMA-03,131.33,605.52,74.08,61.1,75.31,34.32,2.597,26.68,46.02,1.37,0.969,1,Heatwave,25.39,0,14.21,26.78,137.74,133.47,0.0513,1.7249,10,0.5,-0.866,1,0,1,0,0
2026-06-08 11:00:00,TX-GAMMA-03,132.66,634.86,78.01,62.06,77.06,28.9,2.512,48.78,9.31,0.83,0.928,1,Clear,33.63,0,15.0,33.16,145.87,135.37,0.017,0.1909,11,0.2588,-0.9659,1,1,0,0,0
2026-06-08 12:00:00,TX-GAMMA-03,131.74,669.16,82.68,70.14,89.47,37.18,2.746,13.94,9.08,0.25,0.955,1,Heatwave,43.1,0,19.33,32.96,152.69,145.82,0.0179,0.6514,12,0.0,-1.0,1,0,1,0,0
2026-06-08 13:00:00,TX-GAMMA-03,131.36,593.28,73.93,62.65,77.18,32.95,2.84,24.93,17.31,0.24,0.982,1,Clear,33.32,0,14.53,29.7,134.98,132.55,0.0096,0.6943,13,-0.2588,-0.9659,0,1,0,0,0
2026-06-08 14:00:00,TX-GAMMA-03,133.63,555.87,71.8,60.36,75.3,31.94,2.704,20.03,13.45,0.58,0.936,1,Clear,29.69,0,14.94,28.42,128.66,120.43,0.029,0.6715,14,-0.5,-0.866,0,1,0,0,0
2026-06-08 15:00:00,TX-GAMMA-03,130.89,573.93,72.89,60.44,75.69,30.34,2.502,13.56,17.71,0.31,0.952,1,Overcast,29.44,0,15.25,30.1,130.11,123.86,0.0229,1.306,15,-0.7071,-0.7071,0,0,0,1,0
2026-06-08 16:00:00,TX-GAMMA-03,132.33,524.94,66.37,55.24,67.83,28.71,2.422,11.56,68.28,0.61,0.886,1,Rainy,18.61,0,12.59,26.53,120.32,106.6,0.0528,5.9066,16,-0.866,-0.5,0,0,0,0,1
2026-06-08 17:00:00,TX-GAMMA-03,131.89,393.4,50.53,57.03,65.06,29.25,1.955,19.49,11.64,2.24,0.865,0,Rainy,4.52,0,8.03,27.78,89.87,77.74,0.1149,0.5972,17,-0.9659,-0.2588,0,0,0,0,1
2026-06-08 18:00:00,TX-GAMMA-03,131.49,405.39,52.19,50.77,58.04,26.61,2.012,25.42,44.17,0.39,0.916,0,Overcast,1.35,0,7.27,24.16,92.33,84.57,0.0153,1.7376,18,-1.0,-0.0,1,0,0,1,0
2026-06-08 19:00:00,TX-GAMMA-03,131.86,456.45,56.66,55.4,63.4,25.74,2.045,50.71,26.73,0.3,0.96,0,Rainy,6.99,0,8.0,29.66,104.25,100.08,0.0059,0.5271,19,-0.9659,0.2588,1,0,0,0,1
2026-06-08 20:00:00,TX-GAMMA-03,131.76,467.26,59.12,50.21,59.29,22.29,2.559,30.37,16.08,0.65,0.925,0,Clear,8.67,0,9.08,27.92,106.64,98.64,0.0214,0.5295,20,-0.866,0.5,1,1,0,0,0
2026-06-08 21:00:00,TX-GAMMA-03,130.79,507.8,63.93,45.91,58.6,20.77,2.288,17.34,13.17,5.28,0.969,1,Rainy,9.85,0,12.69,25.14,115.03,111.46,0.3045,0.7595,21,-0.7071,0.7071,1,0,0,0,1
2026-06-08 22:00:00,TX-GAMMA-03,132.53,592.1,72.13,46.47,60.88,16.73,2.138,14.87,10.83,0.27,0.883,1,Overcast,14.47,0,14.41,29.74,135.92,120.02,0.0182,0.7283,22,-0.5,0.866,0,0,0,1,0
2026-06-08 23:00:00,TX-GAMMA-03,133.45,576.88,72.77,45.31,57.79,15.27,6.349,23.97,9.12,0.21,0.929,1,Clear,37.35,1,12.48,30.04,133.34,123.87,0.0088,0.3805,23,-0.2588,0.9659,0,1,0,0,0
2026-06-09 00:00:00,TX-GAMMA-03,131.22,629.8,78.26,47.5,63.75,14.9,2.469,21.63,31.65,0.28,0.954,1,Clear,22.42,0,16.25,32.6,143.14,136.56,0.0129,1.4632,0,0.0,1.0,0,1,0,0,0
2026-06-09 01:00:00,TX-GAMMA-03,132.68,584.49,74.54,65.7,88.6,11.85,2.352,17.07,18.34,0.66,0.918,0,Clear,51.43,1,22.9,53.85,134.32,123.31,0.0387,1.0744,1,0.2588,0.9659,0,1,0,0,0
2026-06-09 02:00:00,TX-GAMMA-03,131.8,648.07,80.45,43.42,58.63,11.27,2.805,24.15,48.88,1.09,0.907,1,Rainy,22.59,0,15.21,32.15,147.94,134.18,0.0451,2.024,2,0.5,0.866,0,0,0,0,1
2026-06-09 03:00:00,TX-GAMMA-03,135.26,545.76,68.24,37.89,51.06,11.09,2.375,33.78,14.32,0.6,0.894,1,Rainy,12.89,0,13.17,26.8,127.86,114.31,0.0178,0.4239,3,0.7071,0.7071,0,0,0,0,1
2026-06-09 04:00:00,TX-GAMMA-03,130.43,471.45,58.47,42.2,53.23,14.22,1.95,17.06,14.01,0.82,0.888,0,Overcast,4.94,0,11.03,27.98,106.51,94.58,0.0481,0.8212,4,0.866,0.5,0,0,0,1,0
2026-06-09 05:00:00,TX-GAMMA-03,131.96,374.6,46.73,39.71,47.61,14.33,1.828,11.01,47.62,0.54,0.885,0,Clear,0.0,0,7.9,25.38,85.62,75.77,0.049,4.3252,5,0.9659,0.2588,0,1,0,0,0
2026-06-09 06:00:00,TX-GAMMA-03,129.16,452.97,57.56,39.79,49.87,14.55,1.962,392.1,162.43,47.58,0.936,0,Overcast,29.41,1,10.08,25.24,101.33,94.84,0.1213,0.4143,6,1.0,0.0,0,0,0,1,0
2026-06-09 07:00:00,TX-GAMMA-03,130.43,409.85,50.66,45.3,55.06,19.76,2.257,21.17,29.6,0.23,0.92,0,Clear,1.93,0,9.76,25.54,92.59,85.18,0.0109,1.3982,7,0.9659,-0.2588,0,1,0,0,0
2026-06-09 08:00:00,TX-GAMMA-03,129.74,468.85,59.49,53.17,62.14,22.26,2.341,24.6,8.15,0.74,0.909,0,Rainy,9.36,0,8.97,30.91,105.36,95.77,0.0301,0.3313,8,0.866,-0.5,0,0,0,0,1
2026-06-09 09:00:00,TX-GAMMA-03,133.06,522.36,65.09,50.78,62.71,26.2,2.594,10.06,14.16,0.37,0.871,1,Overcast,14.62,0,11.93,24.58,120.39,104.86,0.0368,1.4076,9,0.7071,-0.7071,1,0,0,1,0
2026-06-09 10:00:00,TX-GAMMA-03,133.46,593.93,73.69,57.28,72.22,26.3,2.493,15.83,8.16,1.68,0.944,1,Overcast,26.96,0,14.94,30.98,137.29,129.6,0.1061,0.5155,10,0.5,-0.866,1,0,0,1,0
2026-06-09 11:00:00,TX-GAMMA-03,133.42,599.53,75.04,58.54,74.6,28.16,2.429,47.94,14.69,0.56,0.929,1,Clear,29.35,0,16.06,30.38,138.55,128.71,0.0117,0.3064,11,0.2588,-0.9659,1,1,0,0,0
2026-06-09 12:00:00,TX-GAMMA-03,132.31,685.96,86.01,60.74,78.62,31.86,2.517,15.57,24.53,0.85,0.945,2,Clear,39.62,0,17.88,28.88,157.2,148.55,0.0546,1.5755,12,0.0,-1.0,1,1,0,0,0
2026-06-09 13:00:00,TX-GAMMA-03,131.53,641.76,81.58,66.61,85.12,32.95,2.444,13.65,22.83,2.39,0.854,1,Overcast,42.02,0,18.51,33.66,146.2,124.85,0.1751,1.6725,13,-0.2588,-0.9659,0,0,0,1,0
2026-06-09 14:00:00,TX-GAMMA-03,132.09,545.14,67.77,62.79,75.72,32.96,2.174,23.64,15.34,0.53,0.908,1,Clear,24.51,0,12.93,29.83,124.72,113.25,0.0224,0.6489,14,-0.5,-0.866,0,1,0,0,0
2026-06-09 15:00:00,TX-GAMMA-03,129.72,515.95,64.01,55.16,66.81,29.27,2.073,40.2,8.26,1.11,0.92,1,Clear,14.29,0,11.65,25.89,115.92,106.65,0.0276,0.2055,15,-0.7071,-0.7071,0,1,0,0,0
2026-06-09 16:00:00,TX-GAMMA-03,133.28,520.87,65.78,56.8,70.45,30.1,2.531,37.16,8.68,1.4,0.943,1,Clear,21.1,0,13.65,26.7,120.24,113.39,0.0377,0.2336,16,-0.866,-0.5,0,1,0,0,0
2026-06-09 17:00:00,TX-GAMMA-03,132.5,470.74,56.74,56.63,67.81,28.05,2.373,29.22,28.25,1.74,0.881,0,Clear,12.68,0,11.18,28.58,108.03,95.17,0.0595,0.9668,17,-0.9659,-0.2588,0,1,0,0,0
2026-06-09 18:00:00,TX-GAMMA-03,132.34,489.99,62.93,49.72,60.78,26.98,2.586,10.4,8.72,1.75,0.869,1,Overcast,11.71,0,11.06,22.74,112.32,97.61,0.1683,0.8385,18,-1.0,-0.0,1,0,0,1,0
2026-06-09 19:00:00,TX-GAMMA-03,133.41,452.33,55.98,54.75,62.88,25.26,2.189,15.18,26.07,2.0,0.902,0,Clear,7.02,0,8.13,29.49,104.52,94.28,0.1318,1.7174,19,-0.9659,0.2588,1,1,0,0,0
2026-06-09 20:00:00,TX-GAMMA-03,132.18,430.67,52.35,46.4,55.16,21.23,2.51,20.84,9.1,1.05,0.929,0,Clear,4.43,0,8.76,25.17,98.6,91.6,0.0504,0.4367,20,-0.866,0.5,1,1,0,0,0
2026-06-09 21:00:00,TX-GAMMA-03,133.39,518.51,66.44,47.86,58.65,19.96,2.254,10.75,24.36,1.3,0.99,1,Overcast,11.11,0,10.79,27.9,119.8,118.6,0.1209,2.266,21,-0.7071,0.7071,1,0,0,1,0
2026-06-09 22:00:00,TX-GAMMA-03,131.06,631.35,79.3,49.09,65.72,16.95,2.807,13.72,27.2,0.39,0.915,1,Clear,26.7,0,16.63,32.14,143.32,131.14,0.0284,1.9825,22,-0.5,0.866,0,1,0,0,0
2026-06-09 23:00:00,TX-GAMMA-03,131.76,620.16,79.01,46.83,63.08,12.5,2.676,12.74,18.28,0.7,0.926,1,Overcast,23.54,0,16.25,34.33,141.53,131.06,0.0549,1.4348,23,-0.2588,0.9659,0,0,0,1,0
2026-06-10 00:00:00,TX-GAMMA-03,130.54,626.82,78.19,43.16,58.45,11.78,2.56,10.49,20.83,0.95,0.892,1,Overcast,19.8,0,15.29,31.38,141.73,126.42,0.0906,1.9857,0,0.0,1.0,0,0,0,1,0
2026-06-10 01:00:00,TX-GAMMA-03,130.83,612.68,75.78,43.02,59.71,11.93,2.645,14.61,10.83,1.43,0.927,1,Overcast,18.91,0,16.69,31.09,138.84,128.7,0.0979,0.7413,1,0.2588,0.9659,0,0,0,1,0
2026-06-10 02:00:00,TX-GAMMA-03,130.65,654.03,80.6,47.53,64.98,14.48,2.275,28.19,121.95,0.66,0.946,1,Rainy,23.65,0,17.45,33.05,148.0,140.01,0.0234,4.326,2,0.5,0.866,0,0,0,0,1
2026-06-10 03:00:00,TX-GAMMA-03,129.03,1021.35,127.67,42.26,82.87,13.09,1.988,66.99,21.6,0.62,0.948,1,Clear,52.13,1,40.61,29.17,228.26,216.39,0.0093,0.3224,3,0.7071,0.7071,0,1,0,0,0
2026-06-10 04:00:00,TX-GAMMA-03,132.72,473.63,60.43,36.03,49.09,14.38,2.533,23.84,20.26,0.45,0.909,1,Clear,9.28,0,13.06,21.65,108.88,98.97,0.0189,0.8498,4,0.866,0.5,0,1,0,0,0
2026-06-10 05:00:00,TX-GAMMA-03,131.14,462.99,58.59,46.13,54.48,15.65,2.222,23.64,23.16,0.67,0.904,0,Clear,6.35,0,8.35,30.48,105.16,95.06,0.0283,0.9797,5,0.9659,0.2588,0,1,0,0,0
2026-06-10 06:00:00,TX-GAMMA-03,133.09,407.08,50.96,39.96,48.5,17.42,2.546,17.04,62.99,0.49,0.875,0,Rainy,3.84,0,8.54,22.54,93.84,82.11,0.0288,3.6966,6,1.0,0.0,0,0,0,0,1
2026-06-10 07:00:00,TX-GAMMA-03,131.96,466.53,57.91,46.94,57.78,18.02,1.941,21.96,26.41,0.45,0.886,0,Clear,4.62,0,10.84,28.92,106.63,94.47,0.0205,1.2026,7,0.9659,-0.2588,0,1,0,0,0
2026-06-10 08:00:00,TX-GAMMA-03,132.2,526.15,67.06,50.57,62.78,24.11,2.448,51.88,15.37,2.43,0.92,1,Rainy,14.96,0,12.21,26.46,120.48,110.84,0.0468,0.2963,8,0.866,-0.5,0,0,0,0,1
2026-06-10 09:00:00,TX-GAMMA-03,132.55,534.05,63.59,49.29,62.06,24.47,2.549,13.97,33.52,0.82,0.923,1,Clear,12.94,0,12.77,24.82,122.61,113.17,0.0587,2.3994,9,0.7071,-0.7071,1,1,0,0,0
2026-06-10 10:00:00,TX-GAMMA-03,131.83,633.24,79.85,59.07,75.31,27.53,2.169,23.76,18.15,0.23,0.905,1,Rainy,31.19,0,16.24,31.54,144.59,130.85,0.0097,0.7639,10,0.5,-0.866,1,0,0,0,1
2026-06-10 11:00:00,TX-GAMMA-03,134.75,614.13,76.32,61.63,77.41,27.8,2.529,18.32,11.0,0.27,0.95,1,Overcast,33.04,0,15.78,33.83,143.33,136.16,0.0147,0.6004,11,0.2588,-0.9659,1,0,0,1,0
2026-06-10 12:00:00,TX-GAMMA-03,131.09,663.24,80.35,65.42,83.15,30.96,2.582,26.48,22.4,2.01,0.93,1,Overcast,40.49,0,17.73,34.46,150.59,140.05,0.0759,0.8459,12,0.0,-1.0,1,0,0,1,0
2026-06-10 13:00:00,TX-GAMMA-03,132.12,677.86,84.89,67.98,86.22,31.29,2.66,22.39,42.31,0.77,0.912,1,Overcast,46.16,0,18.24,36.69,155.12,141.47,0.0344,1.8897,13,-0.2588,-0.9659,0,0,0,1,0
2026-06-10 14:00:00,TX-GAMMA-03,130.59,649.44,79.7,66.01,83.24,31.18,2.565,21.93,12.03,2.39,0.901,1,Clear,40.08,0,17.23,34.83,146.9,132.36,0.109,0.5486,14,-0.5,-0.866,0,1,0,0,0
2026-06-10 15:00:00,TX-GAMMA-03,130.42,557.63,68.69,62.84,75.56,32.82,2.524,28.04,8.33,1.15,0.957,1,Clear,27.02,0,12.72,30.02,125.97,120.55,0.041,0.2971,15,-0.7071,-0.7071,0,1,0,0,0
2026-06-10 16:00:00,TX-GAMMA-03,130.73,447.5,54.35,58.69,68.68,31.57,2.381,17.22,37.09,0.46,0.941,0,Clear,12.06,0,9.99,27.12,101.33,95.35,0.0267,2.1539,16,-0.866,-0.5,0,1,0,0,0
2026-06-10 17:00:00,TX-GAMMA-03,132.36,462.75,58.19,60.64,70.04,30.17,2.359,12.79,31.84,0.75,0.931,0,Overcast,15.31,0,9.4,30.47,106.09,98.77,0.0586,2.4894,17,-0.9659,-0.2588,0,0,0,1,0
2026-06-10 18:00:00,TX-GAMMA-03,131.64,444.81,58.3,53.73,62.21,27.33,2.462,15.32,8.51,0.23,0.914,0,Clear,9.46,0,8.48,26.4,101.42,92.7,0.015,0.5555,18,-1.0,-0.0,1,1,0,0,0
2026-06-10 19:00:00,TX-GAMMA-03,129.74,541.83,68.41,51.38,64.1,24.22,2.298,90.56,12.74,2.4,0.889,1,Clear,15.95,0,12.72,27.16,121.76,108.24,0.0265,0.1407,19,-0.9659,0.2588,1,1,0,0,0
2026-06-10 20:00:00,TX-GAMMA-03,131.82,500.88,61.28,44.84,54.99,21.27,1.949,27.21,13.23,0.99,0.93,1,Overcast,6.58,0,10.15,23.57,114.36,106.35,0.0364,0.4862,20,-0.866,0.5,1,0,0,1,0
2026-06-10 21:00:00,TX-GAMMA-03,130.61,500.38,64.19,42.83,54.55,17.63,2.336,16.3,17.91,0.92,0.84,1,Overcast,10.29,0,11.72,25.2,113.2,95.09,0.0564,1.0988,21,-0.7071,0.7071,1,0,0,1,0
2026-06-10 22:00:00,TX-GAMMA-03,132.13,630.65,80.16,49.28,66.11,16.41,2.659,24.74,16.08,0.32,0.89,1,Overcast,26.63,0,16.83,32.87,144.33,128.45,0.0129,0.65,22,-0.5,0.866,0,0,0,1,0
2026-06-10 23:00:00,TX-GAMMA-03,131.93,606.71,75.11,44.61,58.03,13.95,2.725,10.41,15.05,0.29,0.919,1,Overcast,19.0,0,13.42,30.66,138.64,127.41,0.0279,1.4457,23,-0.2588,0.9659,0,0,0,1,0
2026-06-11 00:00:00,TX-GAMMA-03,130.43,559.73,71.23,41.06,56.11,14.87,2.083,28.28,24.27,1.13,0.918,1,Clear,12.88,0,15.05,26.19,126.45,116.08,0.04,0.8582,0,0.0,1.0,0,1,0,0,0
2026-06-11 01:00:00,TX-GAMMA-03,131.36,597.73,75.6,43.02,57.05,11.25,2.498,13.76,15.02,1.37,0.927,1,Clear,17.92,0,14.03,31.77,136.0,126.07,0.0996,1.0916,1,0.2588,0.9659,0,1,0,0,0
2026-06-11 02:00:00,TX-GAMMA-03,129.29,620.78,75.91,40.91,56.13,10.3,2.659,15.85,8.82,0.96,0.917,1,Clear,19.07,0,15.22,30.61,139.02,127.48,0.0606,0.5565,2,0.5,0.866,0,1,0,0,0
2026-06-11 03:00:00,TX-GAMMA-03,130.47,583.69,73.85,45.85,59.83,12.86,2.537,20.77,28.76,2.55,0.926,1,Overcast,17.13,0,13.98,32.99,131.9,122.14,0.1228,1.3847,3,0.7071,0.7071,0,0,0,1,0
2026-06-11 04:00:00,TX-GAMMA-03,132.36,512.92,61.92,38.01,50.01,14.48,2.23,24.06,21.44,0.48,0.901,1,Clear,8.33,0,12.0,23.53,117.59,105.95,0.02,0.8911,4,0.866,0.5,0,1,0,0,0
2026-06-11 05:00:00,TX-GAMMA-03,131.39,438.39,54.66,39.64,50.02,15.69,2.445,12.68,11.54,0.43,0.963,0,Clear,5.39,0,10.38,23.95,99.77,96.08,0.0339,0.9101,5,0.9659,0.2588,0,1,0,0,0
2026-06-11 06:00:00,TX-GAMMA-03,132.96,438.97,54.2,45.36,54.57,18.25,1.946,12.57,24.0,0.23,0.918,0,Overcast,2.45,0,9.21,27.11,101.09,92.8,0.0183,1.9093,6,1.0,0.0,0,0,0,1,0
2026-06-11 07:00:00,TX-GAMMA-03,133.08,420.97,52.98,48.17,58.64,20.45,1.765,24.86,40.77,0.44,0.907,0,Clear,1.74,0,10.47,27.72,97.03,88.01,0.0177,1.64,7,0.9659,-0.2588,0,1,0,0,0
2026-06-11 08:00:00,TX-GAMMA-03,133.08,478.82,62.38,50.41,61.43,23.08,2.474,12.0,9.87,1.97,0.888,1,Clear,11.26,0,11.02,27.33,110.37,98.01,0.1642,0.8225,8,0.866,-0.5,0,1,0,0,0
2026-06-11 09:00:00,TX-GAMMA-03,133.22,518.07,62.86,51.01,63.63,24.52,2.125,18.67,12.07,0.33,0.924,1,Overcast,11.28,0,12.62,26.49,119.54,110.45,0.0177,0.6465,9,0.7071,-0.7071,1,0,0,1,0
2026-06-11 10:00:00,TX-GAMMA-03,130.17,598.22,74.46,59.17,74.56,25.82,2.646,29.33,22.48,0.86,0.896,1,Overcast,30.28,0,15.39,33.35,134.88,120.85,0.0293,0.7665,10,0.5,-0.866,1,0,0,1,0
2026-06-11 11:00:00,TX-GAMMA-03,132.98,551.68,69.19,52.85,66.9,26.55,2.249,22.08,17.24,1.21,0.896,1,Clear,18.44,0,14.05,26.3,127.07,113.85,0.0548,0.7808,11,0.2588,-0.9659,1,1,0,0,0
2026-06-11 12:00:00,TX-GAMMA-03,131.93,674.88,83.81,63.18,80.46,29.08,2.618,18.24,47.97,0.62,0.93,1,Clear,40.48,0,17.28,34.1,154.22,143.42,0.034,2.6299,12,0.0,-1.0,1,1,0,0,0
2026-06-11 13:00:00,TX-GAMMA-03,130.81,592.35,73.46,61.66,77.77,31.81,2.452,22.11,20.51,0.52,0.902,1,Clear,31.2,0,16.11,29.85,134.21,121.06,0.0235,0.9276,13,-0.2588,-0.9659,0,1,0,0,0
2026-06-11 14:00:00,TX-GAMMA-03,131.35,610.83,78.16,67.04,82.16,32.56,2.425,13.68,28.83,0.9,0.925,1,Rainy,37.44,0,15.12,34.48,138.97,128.55,0.0658,2.1075,14,-0.5,-0.866,0,0,0,0,1
2026-06-11 15:00:00,TX-GAMMA-03,132.52,504.92,62.22,55.47,67.81,31.47,2.241,16.41,8.42,0.46,0.902,1,Overcast,15.08,0,12.34,24.0,115.89,104.53,0.028,0.5131,15,-0.7071,-0.7071,0,0,0,1,0
2026-06-11 16:00:00,TX-GAMMA-03,130.25,500.2,62.36,52.8,63.69,30.89,2.447,11.94,17.82,0.36,0.95,1,Clear,12.96,0,10.89,21.91,112.84,107.2,0.0302,1.4925,16,-0.866,-0.5,0,1,0,0,0
2026-06-11 17:00:00,TX-GAMMA-03,133.65,431.35,51.1,53.1,60.34,28.44,2.172,20.54,44.38,1.16,0.933,0,Overcast,1.96,0,7.24,24.66,99.85,93.16,0.0565,2.1607,17,-0.9659,-0.2588,0,0,0,1,0
2026-06-11 18:00:00,TX-GAMMA-03,132.58,397.92,49.91,48.76,56.76,26.68,2.183,16.09,29.03,0.48,0.915,0,Overcast,1.1,0,8.0,22.08,91.38,83.61,0.0298,1.8042,18,-1.0,-0.0,1,0,0,1,0
2026-06-11 19:00:00,TX-GAMMA-03,132.26,458.91,57.95,53.45,63.04,25.63,2.413,23.68,13.93,0.61,0.887,0,Clear,9.65,0,9.59,27.82,105.13,93.25,0.0258,0.5883,19,-0.9659,0.2588,1,1,0,0,0
2026-06-11 20:00:00,TX-GAMMA-03,130.76,464.21,56.64,49.9,60.65,20.57,2.55,18.01,13.61,0.87,0.963,0,Rainy,7.71,0,10.75,29.33,105.14,101.25,0.0483,0.7557,20,-0.866,0.5,1,0,0,0,1
2026-06-11 21:00:00,TX-GAMMA-03,133.08,574.32,71.65,46.69,60.82,18.82,2.321,42.31,17.63,0.97,0.948,1,Overcast,15.23,0,14.13,27.87,132.38,125.5,0.0229,0.4167,21,-0.7071,0.7071,1,0,0,1,0
2026-06-11 22:00:00,TX-GAMMA-03,133.76,649.08,80.49,52.03,69.57,17.89,2.804,32.07,11.15,2.07,0.898,1,Clear,30.59,0,17.54,34.14,150.38,135.04,0.0645,0.3477,22,-0.5,0.866,0,1,0,0,0
2026-06-11 23:00:00,TX-GAMMA-03,133.7,653.79,83.04,50.82,68.04,16.44,3.067,33.89,31.72,1.7,0.909,1,Clear,32.38,0,17.22,34.38,151.4,137.62,0.0502,0.936,23,-0.2588,0.9659,0,1,0,0,0
2026-06-12 00:00:00,TX-GAMMA-03,131.99,670.21,84.51,48.05,67.64,11.74,7.838,18.88,31.95,1.17,0.903,1,Overcast,50.15,1,19.59,36.31,153.22,138.36,0.062,1.6923,0,0.0,1.0,0,0,0,1,0
2026-06-12 01:00:00,TX-GAMMA-03,131.91,647.65,80.73,43.11,61.05,12.59,2.82,30.61,13.08,0.79,0.938,1,Clear,23.72,0,17.94,30.52,147.97,138.8,0.0258,0.4273,1,0.2588,0.9659,0,1,0,0,0
2026-06-12 02:00:00,TX-GAMMA-03,132.2,593.23,74.43,41.33,56.41,10.77,2.412,16.45,30.26,0.56,0.931,1,Rainy,16.72,0,15.08,30.56,135.84,126.47,0.034,1.8395,2,0.5,0.866,0,0,0,0,1
2026-06-12 03:00:00,TX-GAMMA-03,134.41,527.94,67.42,36.97,49.87,12.25,2.289,31.18,14.4,0.64,0.907,1,Clear,11.89,0,12.9,24.72,122.91,111.48,0.0205,0.4618,3,0.7071,0.7071,0,1,0,0,0
2026-06-12 04:00:00,TX-GAMMA-03,132.97,451.61,56.4,39.89,51.23,13.26,2.784,40.97,10.76,0.23,0.925,0,Clear,8.43,0,11.34,26.63,104.01,96.21,0.0056,0.2626,4,0.866,0.5,0,1,0,0,0
2026-06-12 05:00:00,TX-GAMMA-03,131.52,392.39,50.56,39.03,47.19,16.05,2.226,33.82,14.75,0.68,0.834,0,Rainy,1.68,0,8.16,22.98,89.39,74.55,0.0201,0.4361,5,0.9659,0.2588,0,0,0,0,1
2026-06-12 06:00:00,TX-GAMMA-03,133.41,419.91,52.5,39.92,49.45,16.14,2.289,22.45,14.18,2.93,0.954,0,Overcast,3.19,0,9.53,23.78,97.03,92.57,0.1305,0.6316,6,1.0,0.0,0,0,0,1,0
2026-06-12 07:00:00,TX-GAMMA-03,130.71,407.22,51.92,49.2,56.47,20.97,2.316,23.7,15.04,0.93,0.925,0,Overcast,3.02,0,7.27,28.23,92.19,85.28,0.0392,0.6346,7,0.9659,-0.2588,0,0,0,1,0
2026-06-12 08:00:00,TX-GAMMA-03,133.54,502.53,64.41,48.44,59.38,21.26,2.679,17.53,11.53,0.34,0.953,1,Clear,12.48,0,10.94,27.18,116.23,110.77,0.0194,0.6577,8,0.866,-0.5,0,1,0,0,0
2026-06-12 09:00:00,TX-GAMMA-03,130.78,538.72,66.32,52.65,64.76,25.93,2.462,27.93,11.05,0.26,0.912,1,Clear,16.26,0,12.11,26.72,122.03,111.29,0.0093,0.3956,9,0.7071,-0.7071,1,1,0,0,0
2026-06-12 10:00:00,TX-GAMMA-03,133.22,596.27,76.91,55.49,70.79,25.91,2.675,11.29,12.78,0.64,0.895,1,Clear,28.75,0,15.3,29.58,137.59,123.14,0.0567,1.132,10,0.5,-0.866,1,1,0,0,0
2026-06-12 11:00:00,TX-GAMMA-03,132.43,590.89,73.75,56.92,71.31,26.7,2.3,15.7,9.23,0.65,0.93,1,Clear,25.08,0,14.39,30.22,135.54,126.05,0.0414,0.5879,11,0.2588,-0.9659,1,1,0,0,0
2026-06-12 12:00:00,TX-GAMMA-03,133.62,619.06,78.63,66.93,82.61,31.44,2.353,23.45,13.18,0.39,0.882,1,Rainy,37.66,0,15.68,35.49,143.27,126.36,0.0166,0.562,12,0.0,-1.0,1,0,0,0,1
2026-06-12 13:00:00,TX-GAMMA-03,133.63,595.14,74.43,68.85,84.01,34.11,2.615,11.77,10.35,1.44,0.886,1,Clear,37.95,0,15.16,34.74,137.75,122.05,0.1223,0.8794,13,-0.2588,-0.9659,0,1,0,0,0
2026-06-12 14:00:00,TX-GAMMA-03,134.79,611.05,77.17,68.38,83.34,34.48,2.492,17.9,21.0,1.0,0.941,1,Overcast,38.24,0,14.96,33.9,142.66,134.24,0.0559,1.1732,14,-0.5,-0.866,0,0,0,1,0
2026-06-12 15:00:00,TX-GAMMA-03,135.08,536.63,66.3,65.11,78.53,41.55,2.257,11.44,10.09,0.59,0.928,1,Heatwave,21.49,0,13.42,23.56,125.55,116.51,0.0516,0.882,15,-0.7071,-0.7071,0,0,1,0,0
2026-06-12 16:00:00,TX-GAMMA-03,132.79,525.06,62.92,62.09,74.59,38.48,2.668,44.98,36.69,0.79,0.934,1,Heatwave,18.71,0,12.5,23.61,120.76,112.79,0.0176,0.8157,16,-0.866,-0.5,0,0,1,0,0
2026-06-12 17:00:00,TX-GAMMA-03,131.3,418.06,51.9,53.37,63.78,27.82,2.237,35.55,13.63,1.71,0.978,0,Clear,5.68,0,10.41,25.55,95.07,92.98,0.0481,0.3834,17,-0.9659,-0.2588,0,1,0,0,0
2026-06-12 18:00:00,TX-GAMMA-03,133.81,421.74,53.31,55.94,64.26,26.85,2.19,12.98,19.83,1.02,0.896,0,Clear,6.62,0,8.32,29.09,97.74,87.58,0.0786,1.5277,18,-1.0,-0.0,1,1,0,0,0
2026-06-12 19:00:00,TX-GAMMA-03,135.25,500.95,61.24,50.27,59.66,25.72,2.333,10.73,18.2,0.53,0.856,1,Clear,8.55,0,9.39,24.55,117.35,100.45,0.0494,1.6962,19,-0.9659,0.2588,1,1,0,0,0
2026-06-12 20:00:00,TX-GAMMA-03,133.31,498.82,62.56,47.33,60.41,23.53,2.314,22.54,11.8,0.33,0.99,1,Clear,9.55,0,13.08,23.8,115.18,114.03,0.0146,0.5235,20,-0.866,0.5,1,1,0,0,0
2026-06-12 21:00:00,TX-GAMMA-03,133.95,514.24,64.21,48.76,62.07,27.16,2.568,15.14,30.4,0.74,0.913,1,Heatwave,11.7,0,13.31,21.6,119.31,108.93,0.0489,2.0079,21,-0.7071,0.7071,1,0,1,0,0
2026-06-12 22:00:00,TX-GAMMA-03,131.38,596.92,75.68,47.76,63.16,16.82,8.456,22.49,8.07,0.39,0.938,1,Rainy,42.29,1,15.4,30.94,135.83,127.41,0.0173,0.3588,22,-0.5,0.866,0,0,0,0,1
2026-06-12 23:00:00,TX-GAMMA-03,135.51,652.46,81.0,49.66,68.76,16.6,2.588,24.57,22.54,1.43,0.959,1,Rainy,28.91,0,19.1,33.06,153.14,146.86,0.0582,0.9174,23,-0.2588,0.9659,0,0,0,0,1
2026-06-13 00:00:00,TX-GAMMA-03,130.97,645.15,79.99,49.22,65.82,14.06,2.488,20.92,29.92,1.25,0.926,1,Overcast,25.26,0,16.6,35.16,146.35,135.52,0.0598,1.4302,0,0.0,1.0,0,0,0,1,0
2026-06-13 01:00:00,TX-GAMMA-03,130.93,621.4,79.16,43.44,58.94,11.12,2.42,13.46,15.74,0.78,0.908,1,Overcast,19.53,0,15.5,32.32,140.92,127.96,0.0579,1.1694,1,0.2588,0.9659,0,0,0,1,0
2026-06-13 02:00:00,TX-GAMMA-03,132.11,662.12,79.44,42.79,59.96,11.03,2.856,15.87,39.37,0.69,0.939,1,Clear,22.31,0,17.17,31.76,151.51,142.27,0.0435,2.4808,2,0.5,0.866,0,1,0,0,0
2026-06-13 03:00:00,TX-GAMMA-03,130.13,548.35,69.38,41.73,55.6,13.36,2.344,19.71,27.28,0.76,0.941,1,Overcast,13.37,0,13.87,28.37,123.59,116.3,0.0386,1.3841,3,0.7071,0.7071,0,0,0,1,0
2026-06-13 04:00:00,TX-GAMMA-03,129.69,508.81,63.88,37.41,49.72,12.99,2.23,18.41,71.7,0.38,0.936,1,Clear,9.48,0,12.31,24.42,114.29,106.98,0.0206,3.8946,4,0.866,0.5,0,1,0,0,0
2026-06-13 05:00:00,TX-GAMMA-03,132.32,494.94,61.54,36.84,47.81,14.66,2.645,12.51,11.34,3.08,0.9,1,Overcast,10.6,0,10.97,22.18,113.43,102.09,0.2462,0.9065,5,0.9659,0.2588,0,0,0,1,0
2026-06-13 06:00:00,TX-GAMMA-03,130.91,454.62,54.41,44.62,54.75,18.99,2.048,27.08,18.34,0.57,0.958,0,Overcast,2.86,0,10.13,25.63,103.08,98.75,0.021,0.6773,6,1.0,0.0,0,0,0,1,0
2026-06-13 07:00:00,TX-GAMMA-03,131.86,429.3,53.1,43.84,52.08,19.18,1.935,15.17,19.04,0.34,0.962,0,Rainy,1.81,0,8.24,24.66,98.05,94.32,0.0224,1.2551,7,0.9659,-0.2588,0,0,0,0,1
2026-06-13 08:00:00,TX-GAMMA-03,131.86,487.08,61.87,47.53,57.68,24.39,2.112,11.2,12.46,0.77,0.926,1,Clear,7.59,0,10.15,23.14,111.24,103.01,0.0687,1.1125,8,0.866,-0.5,0,1,0,0,0
2026-06-13 09:00:00,TX-GAMMA-03,133.89,611.07,76.21,55.07,71.27,24.4,2.587,20.94,29.4,1.33,0.889,1,Overcast,28.2,0,16.2,30.67,141.71,125.98,0.0635,1.404,9,0.7071,-0.7071,1,0,0,1,0
2026-06-13 10:00:00,TX-GAMMA-03,134.8,513.08,64.05,53.11,65.54,27.95,2.56,54.97,14.72,0.27,0.894,1,Overcast,16.17,0,12.43,25.16,119.79,107.09,0.0049,0.2678,10,0.5,-0.866,1,0,0,1,0
2026-06-13 11:00:00,TX-GAMMA-03,132.69,620.51,77.14,59.57,76.51,29.72,2.415,10.38,36.01,0.26,0.934,1,Clear,32.09,0,16.94,29.85,142.61,133.2,0.025,3.4692,11,0.2588,-0.9659,1,1,0,0,0
2026-06-13 12:00:00,TX-GAMMA-03,132.12,662.83,81.59,64.35,83.55,30.03,2.581,36.75,14.56,1.98,0.917,1,Overcast,41.53,0,19.2,34.32,151.68,139.09,0.0539,0.3962,12,0.0,-1.0,1,0,0,1,0
2026-06-13 13:00:00,TX-GAMMA-03,133.38,614.78,77.19,63.03,78.91,30.77,2.792,28.94,8.56,0.85,0.918,1,Clear,36.38,0,15.88,32.26,142.03,130.38,0.0294,0.2958,13,-0.2588,-0.9659,0,1,0,0,0
2026-06-13 14:00:00,TX-GAMMA-03,133.06,600.25,74.91,64.93,81.64,33.6,2.339,51.81,60.79,1.35,0.908,1,Overcast,34.59,0,16.71,31.33,138.34,125.61,0.0261,1.1733,14,-0.5,-0.866,0,0,0,1,0
2026-06-13 15:00:00,TX-GAMMA-03,133.29,511.93,63.55,55.98,68.04,30.53,2.418,24.64,13.13,0.97,0.918,1,Overcast,17.12,0,12.06,25.45,118.19,108.5,0.0394,0.5329,15,-0.7071,-0.7071,0,0,0,1,0
2026-06-13 16:00:00,TX-GAMMA-03,131.35,1070.67,133.83,57.67,98.09,31.92,2.312,11.25,28.62,0.88,0.871,1,Clear,57.69,1,40.42,25.75,243.58,212.16,0.0782,2.544,16,-0.866,-0.5,0,1,0,0,0
2026-06-13 17:00:00,TX-GAMMA-03,129.05,429.04,54.35,56.43,66.39,29.05,2.366,18.3,39.05,0.35,0.891,0,Clear,10.06,0,9.96,27.38,95.9,85.45,0.0191,2.1339,17,-0.9659,-0.2588,0,1,0,0,0
2026-06-13 18:00:00,TX-GAMMA-03,130.65,474.63,59.95,56.6,67.75,27.61,2.206,20.86,23.68,0.23,0.872,0,Clear,13.5,0,11.15,28.99,107.41,93.66,0.011,1.1352,18,-1.0,-0.0,1,1,0,0,0
2026-06-13 19:00:00,TX-GAMMA-03,131.66,442.12,56.05,51.98,61.46,24.36,2.291,12.66,10.71,1.96,0.927,0,Overcast,6.49,0,9.48,27.62,100.82,93.46,0.1548,0.846,19,-0.9659,0.2588,1,0,0,1,0
2026-06-13 20:00:00,TX-GAMMA-03,133.51,522.41,64.68,51.6,64.33,22.93,2.195,19.62,12.19,1.5,0.931,1,Rainy,13.34,0,12.73,28.67,120.81,112.47,0.0765,0.6213,20,-0.866,0.5,1,0,0,0,1
2026-06-13 21:00:00,TX-GAMMA-03,132.54,505.12,63.42,44.01,55.01,19.96,2.576,258.27,135.93,40.25,0.928,1,Clear,36.29,1,11.0,24.05,115.96,107.61,0.1558,0.5263,21,-0.7071,0.7071,1,1,0,0,0
2026-06-13 22:00:00,TX-GAMMA-03,131.83,624.27,77.64,47.49,65.85,17.51,2.793,16.4,8.07,0.23,0.929,1,Clear,25.76,0,18.36,29.98,142.54,132.42,0.014,0.4921,22,-0.5,0.866,0,1,0,0,0
2026-06-13 23:00:00,TX-GAMMA-03,131.55,668.16,81.92,48.8,65.1,14.26,2.957,30.65,32.51,0.59,0.989,1,Overcast,28.61,0,16.3,34.54,152.24,150.57,0.0192,1.0607,23,-0.2588,0.9659,0,0,0,1,0
2026-06-14 00:00:00,TX-GAMMA-03,132.35,597.75,75.83,45.77,61.38,12.66,2.304,37.02,12.33,1.63,0.934,1,Clear,18.04,0,15.61,33.11,137.03,127.99,0.044,0.3331,0,0.0,1.0,0,1,0,0,0
2026-06-14 01:00:00,TX-GAMMA-03,132.94,579.75,72.02,44.29,59.06,12.65,2.358,13.47,22.27,0.36,0.881,1,Clear,14.99,0,14.77,31.64,133.49,117.6,0.0267,1.6533,1,0.2588,0.9659,0,1,0,0,0
2026-06-14 02:00:00,TX-GAMMA-03,131.27,576.67,68.42,37.96,50.53,13.09,2.444,23.37,14.9,0.22,0.976,1,Clear,13.41,0,12.57,24.87,131.12,127.97,0.0094,0.6376,2,0.5,0.866,0,1,0,0,0
2026-06-14 03:00:00,TX-GAMMA-03,130.82,534.34,67.84,41.39,55.36,12.95,2.323,21.64,12.35,0.66,0.935,1,Rainy,12.34,0,13.97,28.44,121.07,113.2,0.0305,0.5707,3,0.7071,0.7071,0,0,0,0,1
2026-06-14 04:00:00,TX-GAMMA-03,133.75,525.99,64.21,40.04,51.76,15.06,2.466,15.14,17.11,1.49,0.921,1,Overcast,11.09,0,11.72,24.98,121.85,112.22,0.0984,1.1301,4,0.866,0.5,0,0,0,1,0
2026-06-14 05:00:00,TX-GAMMA-03,131.37,988.31,123.54,43.41,80.53,17.7,2.21,10.53,9.14,0.55,0.94,0,Rainy,45.15,1,37.12,25.71,224.88,211.39,0.0522,0.868,5,0.9659,0.2588,0,0,0,0,1
2026-06-14 06:00:00,TX-GAMMA-03,131.64,488.64,61.67,40.44,51.66,15.65,2.007,12.79,27.34,0.73,0.868,1,Clear,6.85,0,11.22,24.79,111.41,96.7,0.0571,2.1376,6,1.0,0.0,0,1,0,0,0
2026-06-14 07:00:00,TX-GAMMA-03,132.88,405.15,49.81,45.83,54.79,26.36,2.216,28.0,27.4,1.22,0.937,0,Heatwave,1.3,0,8.96,19.47,93.25,87.38,0.0436,0.9786,7,0.9659,-0.2588,0,0,1,0,0
2026-06-14 08:00:00,TX-GAMMA-03,132.66,537.76,66.09,51.66,63.03,24.05,2.316,20.57,15.3,4.89,0.893,1,Overcast,13.81,0,11.37,27.61,123.56,110.34,0.2377,0.7438,8,0.866,-0.5,0,0,0,1,0
2026-06-14 09:00:00,TX-GAMMA-03,134.29,533.27,65.54,54.23,68.62,33.76,2.734,47.01,35.43,3.03,0.933,1,Heatwave,15.65,0,14.39,20.47,124.04,115.73,0.0645,0.7537,9,0.7071,-0.7071,1,0,1,0,0
2026-06-14 10:00:00,TX-GAMMA-03,129.74,610.18,76.79,57.02,73.39,26.37,2.683,65.51,20.33,0.7,0.867,1,Clear,30.89,0,16.37,30.65,137.12,118.88,0.0107,0.3103,10,0.5,-0.866,1,1,0,0,0
2026-06-14 11:00:00,TX-GAMMA-03,131.19,577.92,72.89,60.33,73.64,28.56,2.484,17.79,9.31,0.81,0.893,1,Overcast,27.62,0,13.31,31.77,131.32,117.27,0.0455,0.5233,11,0.2588,-0.9659,1,0,0,1,0
2026-06-14 12:00:00,TX-GAMMA-03,129.24,643.26,81.99,65.52,80.02,32.67,2.946,30.24,29.44,1.31,0.922,1,Overcast,41.02,0,14.5,32.85,143.99,132.76,0.0433,0.9735,12,0.0,-1.0,1,0,0,1,0
2026-06-14 13:00:00,TX-GAMMA-03,130.55,607.3,76.3,64.9,80.22,31.94,2.558,21.56,38.8,0.93,0.929,1,Clear,35.54,0,15.32,32.96,137.32,127.57,0.0431,1.7996,13,-0.2588,-0.9659,0,1,0,0,0
2026-06-14 14:00:00,TX-GAMMA-03,130.66,600.58,75.0,66.48,82.54,33.64,2.709,32.1,21.07,0.39,0.975,1,Overcast,37.62,0,16.06,32.84,135.92,132.52,0.0121,0.6564,14,-0.5,-0.866,0,0,0,1,0
2026-06-14 15:00:00,TX-GAMMA-03,132.05,1021.05,127.63,58.0,97.78,29.34,2.819,16.12,18.01,1.42,0.938,1,Clear,64.12,1,39.78,28.66,233.53,219.05,0.0881,1.1172,15,-0.7071,-0.7071,0,1,0,0,0
2026-06-14 16:00:00,TX-GAMMA-03,135.27,487.73,60.98,56.96,67.26,32.17,2.334,16.28,62.47,0.38,0.953,1,Rainy,14.46,0,10.3,24.79,114.27,108.9,0.0233,3.8372,16,-0.866,-0.5,0,0,0,0,1
2026-06-14 17:00:00,TX-GAMMA-03,131.67,485.66,61.54,52.4,62.48,26.92,2.276,14.65,11.61,0.73,0.949,1,Clear,10.46,0,10.08,25.48,110.76,105.11,0.0498,0.7925,17,-0.9659,-0.2588,0,1,0,0,0
2026-06-14 18:00:00,TX-GAMMA-03,133.3,424.71,54.99,52.0,61.48,27.39,1.914,14.62,8.45,1.55,0.914,0,Clear,4.15,0,9.48,24.61,98.06,89.63,0.106,0.578,18,-1.0,-0.0,1,1,0,0,0
2026-06-14 19:00:00,TX-GAMMA-03,133.0,440.29,53.1,47.33,55.37,21.41,2.402,43.07,14.03,1.21,0.913,0,Overcast,4.22,0,8.04,25.92,101.43,92.61,0.0281,0.3257,19,-0.9659,0.2588,1,0,0,1,0
2026-06-14 20:00:00,TX-GAMMA-03,135.44,439.55,53.48,48.87,56.8,23.82,2.22,32.07,32.12,2.52,0.933,0,Clear,3.35,0,7.93,25.05,103.11,96.2,0.0786,1.0016,20,-0.866,0.5,1,1,0,0,0
2026-06-14 21:00:00,TX-GAMMA-03,131.2,458.56,58.69,49.13,60.25,19.25,2.088,12.94,11.39,0.21,0.892,0,Overcast,5.8,0,11.12,29.88,104.21,92.96,0.0162,0.8802,21,-0.7071,0.7071,1,0,0,1,0
2026-06-14 22:00:00,TX-GAMMA-03,133.28,628.42,76.49,44.34,59.69,15.79,3.138,25.4,10.4,0.82,0.892,1,Clear,22.28,0,15.35,28.55,145.07,129.4,0.0323,0.4094,22,-0.5,0.866,0,1,0,0,0
2026-06-14 23:00:00,TX-GAMMA-03,132.69,635.29,77.99,72.99,96.29,16.17,2.52,11.17,8.55,0.34,0.917,0,Clear,59.7,1,23.3,56.82,146.01,133.89,0.0304,0.7654,23,-0.2588,0.9659,0,1,0,0,0
2026-06-15 00:00:00,TX-GAMMA-03,133.2,600.49,75.79,40.47,56.83,12.59,2.728,13.75,16.34,0.54,0.911,1,Overcast,19.42,0,16.36,27.88,138.54,126.21,0.0393,1.1884,0,0.0,1.0,0,0,0,1,0
2026-06-15 01:00:00,TX-GAMMA-03,133.16,614.39,77.8,48.41,64.43,14.16,2.632,25.27,10.11,3.35,0.907,1,Overcast,23.71,0,16.02,34.25,141.7,128.52,0.1326,0.4001,1,0.2588,0.9659,0,0,0,1,0
2026-06-15 02:00:00,TX-GAMMA-03,131.86,607.05,78.22,43.75,59.22,12.84,2.359,12.66,11.14,0.26,0.918,1,Clear,18.62,0,15.47,30.91,138.64,127.27,0.0205,0.8799,2,0.5,0.866,0,1,0,0,0
2026-06-15 03:00:00,TX-GAMMA-03,133.02,467.27,58.15,40.52,50.54,13.29,2.293,10.34,9.92,0.22,0.903,0,Clear,6.51,0,10.02,27.23,107.66,97.22,0.0213,0.9594,3,0.7071,0.7071,0,1,0,0,0
2026-06-15 04:00:00,TX-GAMMA-03,131.94,484.47,61.61,34.85,46.63,12.83,2.289,21.48,22.2,2.01,0.97,1,Clear,8.51,0,11.78,22.02,110.71,107.39,0.0936,1.0335,4,0.866,0.5,0,1,0,0,0
2026-06-15 05:00:00,TX-GAMMA-03,132.45,457.47,57.24,38.8,48.34,12.5,2.1,21.25,43.17,0.6,0.924,0,Clear,4.83,0,9.54,26.3,104.95,96.97,0.0282,2.0315,5,0.9659,0.2588,0,1,0,0,0
2026-06-15 06:00:00,TX-GAMMA-03,131.04,424.43,52.84,41.33,49.66,16.51,2.141,73.52,13.49,1.41,0.989,0,Clear,2.5,0,8.33,24.82,96.33,95.27,0.0192,0.1835,6,1.0,0.0,0,1,0,0,0
2026-06-15 07:00:00,TX-GAMMA-03,131.95,416.15,52.16,44.13,52.88,17.5,1.923,43.42,22.45,0.33,0.93,0,Clear,1.26,0,8.75,26.63,95.11,88.45,0.0076,0.517,7,0.9659,-0.2588,0,1,0,0,0
2026-06-15 08:00:00,TX-GAMMA-03,132.17,389.26,50.83,48.03,56.91,23.78,2.108,14.13,11.84,2.23,0.99,0,Overcast,1.13,0,8.88,24.25,89.11,88.22,0.1578,0.8379,8,0.866,-0.5,0,0,0,1,0
2026-06-15 09:00:00,TX-GAMMA-03,130.65,609.67,75.54,55.5,72.8,24.66,2.665,52.51,24.13,0.82,0.898,1,Clear,29.55,0,17.3,30.84,137.96,123.89,0.0156,0.4595,9,0.7071,-0.7071,1,1,0,0,0
2026-06-15 10:00:00,TX-GAMMA-03,133.73,628.74,78.98,60.26,77.21,29.46,2.676,42.3,16.53,1.02,0.927,1,Clear,35.3,0,16.95,30.8,145.63,135.0,0.0241,0.3908,10,0.5,-0.866,1,1,0,0,0
2026-06-15 11:00:00,TX-GAMMA-03,132.49,569.63,69.38,57.78,72.07,29.43,2.583,20.22,31.34,0.83,0.919,1,Clear,24.86,0,14.29,28.35,130.72,120.13,0.041,1.5499,11,0.2588,-0.9659,1,1,0,0,0
2026-06-15 12:00:00,TX-GAMMA-03,131.77,620.92,77.29,63.77,79.78,32.44,2.601,25.36,19.52,0.85,0.89,1,Overcast,36.01,0,16.01,31.33,141.71,126.12,0.0335,0.7697,12,0.0,-1.0,1,0,0,1,0
2026-06-15 13:00:00,TX-GAMMA-03,132.25,662.51,82.52,68.4,85.95,33.65,2.49,33.24,8.34,0.25,0.921,1,Overcast,43.54,0,17.55,34.75,151.76,139.77,0.0075,0.2509,13,-0.2588,-0.9659,0,0,0,1,0
2026-06-15 14:00:00,TX-GAMMA-03,132.45,585.53,73.83,58.15,73.69,29.22,2.923,16.75,20.31,0.45,0.885,1,Clear,30.85,0,15.54,28.93,134.33,118.88,0.0269,1.2125,14,-0.5,-0.866,0,1,0,0,0
2026-06-15 15:00:00,TX-GAMMA-03,130.68,528.59,65.35,59.94,71.26,32.19,2.446,20.61,8.23,0.6,0.899,1,Clear,21.02,0,11.32,27.75,119.64,107.56,0.0291,0.3993,15,-0.7071,-0.7071,0,1,0,0,0
2026-06-15 16:00:00,TX-GAMMA-03,131.8,418.67,52.87,56.82,64.62,28.88,2.435,18.25,17.96,2.61,0.9,0,Clear,8.13,0,7.8,27.94,95.58,86.02,0.143,0.9841,16,-0.866,-0.5,0,1,0,0,0
2026-06-15 17:00:00,TX-GAMMA-03,131.99,460.45,57.2,57.1,68.97,29.73,2.4,41.07,24.46,0.75,0.985,0,Overcast,14.08,0,11.87,27.37,105.27,103.69,0.0183,0.5956,17,-0.9659,-0.2588,0,0,0,1,0
2026-06-15 18:00:00,TX-GAMMA-03,133.98,372.39,46.61,44.8,51.12,24.6,1.98,57.66,31.15,0.27,0.925,0,Clear,0.0,0,6.32,20.2,86.42,79.94,0.0047,0.5402,18,-1.0,-0.0,1,1,0,0,0
2026-06-15 19:00:00,TX-GAMMA-03,131.38,409.3,50.6,50.12,58.17,25.06,2.284,18.92,51.48,3.92,0.911,0,Clear,2.05,0,8.05,25.06,93.14,84.85,0.2072,2.7209,19,-0.9659,0.2588,1,1,0,0,0
2026-06-15 20:00:00,TX-GAMMA-03,136.1,517.93,64.03,51.9,65.44,25.94,2.718,27.21,9.07,0.99,0.901,1,Clear,17.03,0,13.54,25.96,122.09,110.0,0.0364,0.3333,20,-0.866,0.5,1,1,0,0,0
2026-06-15 21:00:00,TX-GAMMA-03,132.34,561.91,71.44,50.55,63.83,20.3,2.673,15.09,36.38,0.56,0.934,1,Overcast,19.73,0,13.28,30.25,128.8,120.3,0.0371,2.4109,21,-0.7071,0.7071,1,0,0,1,0
2026-06-15 22:00:00,TX-GAMMA-03,133.32,582.74,72.43,69.22,92.86,17.31,2.39,18.1,51.06,1.26,0.911,0,Clear,52.8,1,23.64,51.91,134.56,122.58,0.0696,2.821,22,-0.5,0.866,0,1,0,0,0
2026-06-15 23:00:00,TX-GAMMA-03,128.19,599.37,76.37,46.09,61.33,15.7,2.685,11.5,9.77,1.46,0.95,1,Clear,20.61,0,15.24,30.39,133.08,126.43,0.127,0.8496,23,-0.2588,0.9659,0,1,0,0,0
2026-06-16 00:00:00,TX-GAMMA-03,132.59,581.76,71.5,42.16,55.46,13.57,2.457,31.13,14.16,0.54,0.909,1,Overcast,15.28,0,13.3,28.59,133.6,121.44,0.0173,0.4549,0,0.0,1.0,0,0,0,1,0
2026-06-16 01:00:00,TX-GAMMA-03,133.86,642.04,79.56,47.93,63.62,13.96,2.818,21.73,66.3,1.75,0.892,1,Clear,25.17,0,15.69,33.97,148.86,132.78,0.0805,3.0511,1,0.2588,0.9659,0,1,0,0,0
2026-06-16 02:00:00,TX-GAMMA-03,134.12,561.72,72.01,39.12,53.54,8.97,2.733,32.72,16.14,2.62,0.942,1,Rainy,17.24,0,14.42,30.15,130.49,122.92,0.0801,0.4933,2,0.5,0.866,0,0,0,0,1
2026-06-16 03:00:00,TX-GAMMA-03,135.08,520.17,66.38,36.1,47.95,11.79,2.55,23.02,12.97,0.8,0.929,1,Clear,12.85,0,11.85,24.31,121.7,113.06,0.0348,0.5634,3,0.7071,0.7071,0,1,0,0,0
2026-06-16 04:00:00,TX-GAMMA-03,132.83,501.37,61.67,38.07,49.08,13.36,2.004,38.69,10.64,3.03,0.912,1,Clear,6.83,0,11.01,24.71,115.35,105.2,0.0783,0.275,4,0.866,0.5,0,1,0,0,0
2026-06-16 05:00:00,TX-GAMMA-03,131.73,418.57,51.93,41.11,48.62,15.3,2.197,20.14,20.78,0.89,0.882,0,Clear,2.31,0,7.51,25.81,95.5,84.23,0.0442,1.0318,5,0.9659,0.2588,0,1,0,0,0
2026-06-16 06:00:00,TX-GAMMA-03,131.89,461.98,57.29,45.35,54.61,18.24,2.39,20.81,21.02,0.84,0.981,0,Overcast,6.59,0,9.26,27.11,105.53,103.52,0.0404,1.0101,6,1.0,0.0,0,0,0,1,0
2026-06-16 07:00:00,TX-GAMMA-03,134.08,461.03,58.51,47.91,57.96,19.25,2.412,13.41,17.73,0.4,0.906,0,Clear,7.43,0,10.05,28.66,107.07,97.01,0.0298,1.3221,7,0.9659,-0.2588,0,1,0,0,0
2026-06-16 08:00:00,TX-GAMMA-03,134.36,442.23,53.56,51.19,59.85,23.55,1.856,34.83,38.74,0.42,0.929,0,Clear,2.08,0,8.66,27.64,102.92,95.61,0.0121,1.1123,8,0.866,-0.5,0,1,0,0,0
2026-06-16 09:00:00,TX-GAMMA-03,132.25,545.1,67.47,49.25,62.23,23.52,2.606,25.31,14.28,1.1,0.937,1,Clear,15.69,0,12.98,25.73,124.86,116.99,0.0435,0.5642,9,0.7071,-0.7071,1,1,0,0,0
2026-06-16 10:00:00,TX-GAMMA-03,132.65,583.55,73.61,57.67,71.89,26.53,2.333,47.0,25.93,0.51,0.942,1,Overcast,25.68,0,14.22,31.14,134.07,126.29,0.0109,0.5517,10,0.5,-0.866,1,0,0,1,0
2026-06-16 11:00:00,TX-GAMMA-03,132.16,579.57,71.63,59.56,74.45,29.33,2.544,23.3,19.45,1.21,0.915,1,Clear,27.92,0,14.89,30.23,132.67,121.39,0.0519,0.8348,11,0.2588,-0.9659,1,1,0,0,0
2026-06-16 12:00:00,TX-GAMMA-03,131.75,590.66,73.38,57.8,73.04,29.41,1.985,47.39,9.46,0.26,0.948,1,Overcast,24.5,0,15.24,28.39,134.79,127.78,0.0055,0.1996,12,0.0,-1.0,1,0,0,1,0
2026-06-16 13:00:00,TX-GAMMA-03,133.58,575.74,73.66,59.7,74.63,30.62,2.475,17.19,17.0,0.22,0.919,1,Overcast,28.84,0,14.93,29.08,133.21,122.42,0.0128,0.9889,13,-0.2588,-0.9659,0,0,0,1,0
2026-06-16 14:00:00,TX-GAMMA-03,131.27,624.21,77.66,65.9,82.15,32.92,2.525,43.03,23.14,1.51,0.892,1,Clear,37.74,0,16.25,32.98,141.92,126.59,0.0351,0.5378,14,-0.5,-0.866,0,1,0,0,0
2026-06-16 15:00:00,TX-GAMMA-03,132.78,564.74,69.23,60.66,74.51,31.77,2.402,11.84,12.59,0.23,0.972,1,Clear,25.72,0,13.85,28.89,129.88,126.24,0.0194,1.0633,15,-0.7071,-0.7071,0,1,0,0,0
2026-06-16 16:00:00,TX-GAMMA-03,130.78,468.72,58.67,58.45,67.72,30.65,2.541,19.02,10.05,1.12,0.91,0,Clear,14.74,0,9.27,27.8,106.17,96.61,0.0589,0.5284,16,-0.866,-0.5,0,1,0,0,0
2026-06-16 17:00:00,TX-GAMMA-03,130.19,465.36,58.2,56.18,67.79,28.01,1.92,16.87,22.65,1.28,0.902,0,Rainy,11.27,0,11.61,28.17,104.94,94.66,0.0759,1.3426,17,-0.9659,-0.2588,0,0,0,0,1
2026-06-16 18:00:00,TX-GAMMA-03,134.18,438.05,52.65,52.02,61.36,26.17,2.166,16.11,49.15,0.55,0.914,0,Clear,3.68,0,9.34,25.85,101.81,93.05,0.0341,3.0509,18,-1.0,-0.0,1,1,0,0,0
2026-06-16 19:00:00,TX-GAMMA-03,136.8,454.55,56.29,54.55,63.52,27.37,2.156,14.27,11.82,3.26,0.938,0,Rainy,7.54,0,8.97,27.18,107.7,101.02,0.2285,0.8283,19,-0.9659,0.2588,1,0,0,0,1
2026-06-16 20:00:00,TX-GAMMA-03,133.6,543.05,66.01,50.03,64.02,22.34,2.062,10.55,15.91,1.77,0.884,1,Overcast,13.06,0,13.99,27.69,125.66,111.08,0.1678,1.5081,20,-0.866,0.5,1,0,0,1,0
2026-06-16 21:00:00,TX-GAMMA-03,132.61,519.59,65.11,45.16,57.38,20.12,2.539,19.82,9.35,1.66,0.913,1,Clear,12.05,0,12.22,25.04,119.34,108.96,0.0838,0.4717,21,-0.7071,0.7071,1,1,0,0,0
2026-06-16 22:00:00,TX-GAMMA-03,130.78,548.69,68.07,43.84,57.8,17.34,2.605,33.7,13.29,1.37,0.898,1,Overcast,14.17,0,13.96,26.5,124.29,111.61,0.0407,0.3944,22,-0.5,0.866,0,0,0,1,0
2026-06-16 23:00:00,TX-GAMMA-03,132.52,604.51,75.81,49.12,63.09,16.89,2.398,20.36,40.71,0.33,0.919,1,Rainy,20.02,0,13.97,32.23,138.75,127.51,0.0162,1.9995,23,-0.2588,0.9659,0,0,0,0,1
2026-06-17 00:00:00,TX-GAMMA-03,133.85,613.63,77.27,47.05,62.9,14.8,2.652,19.98,12.34,0.5,0.918,1,Clear,22.23,0,15.85,32.25,142.26,130.59,0.025,0.6176,0,0.0,1.0,0,1,0,0,0
2026-06-17 01:00:00,TX-GAMMA-03,132.1,664.34,85.58,43.65,62.28,12.72,2.912,34.66,13.42,1.76,0.898,2,Clear,28.13,0,18.63,30.93,152.0,136.5,0.0508,0.3872,1,0.2588,0.9659,0,1,0,0,0
2026-06-17 02:00:00,TX-GAMMA-03,132.71,599.14,78.06,44.66,61.16,14.19,2.861,33.27,23.76,0.42,0.933,1,Clear,22.5,0,16.5,30.47,137.72,128.49,0.0126,0.7142,2,0.5,0.866,0,1,0,0,0
2026-06-17 03:00:00,TX-GAMMA-03,135.57,517.57,64.79,38.33,49.5,12.01,2.284,10.27,15.08,2.11,0.974,1,Clear,10.33,0,11.17,26.32,121.53,118.37,0.2055,1.4684,3,0.7071,0.7071,0,1,0,0,0
2026-06-17 04:00:00,TX-GAMMA-03,133.24,553.4,68.09,39.63,52.95,12.54,2.446,61.0,13.69,0.91,0.923,1,Clear,13.23,0,13.32,27.09,127.71,117.88,0.0149,0.2244,4,0.866,0.5,0,1,0,0,0
2026-06-17 05:00:00,TX-GAMMA-03,129.24,450.76,54.13,49.49,59.15,25.09,2.211,33.88,38.22,0.25,0.935,0,Heatwave,3.67,0,9.66,24.4,100.9,94.34,0.0074,1.1281,5,0.9659,0.2588,0,0,1,0,0
2026-06-17 06:00:00,TX-GAMMA-03,132.39,507.73,65.05,43.09,53.91,17.41,2.344,29.68,51.63,0.71,0.889,1,Clear,10.85,0,10.82,25.68,116.43,103.51,0.0239,1.7396,6,1.0,0.0,0,1,0,0,0
2026-06-17 07:00:00,TX-GAMMA-03,130.32,431.28,54.57,50.32,58.92,21.87,1.95,13.62,16.79,1.08,0.906,0,Clear,2.67,0,8.6,28.45,97.35,88.2,0.0793,1.2327,7,0.9659,-0.2588,0,1,0,0,0
2026-06-17 08:00:00,TX-GAMMA-03,129.22,489.76,59.63,48.93,60.07,20.88,2.064,16.8,9.91,0.54,0.914,0,Overcast,6.06,0,11.14,28.05,109.62,100.19,0.0321,0.5899,8,0.866,-0.5,0,0,0,1,0
2026-06-17 09:00:00,TX-GAMMA-03,131.52,576.81,71.05,52.34,66.8,23.27,2.352,49.16,28.29,1.29,0.92,1,Clear,20.05,0,14.46,29.07,131.4,120.89,0.0262,0.5755,9,0.7071,-0.7071,1,1,0,0,0
2026-06-17 10:00:00,TX-GAMMA-03,131.19,553.43,68.18,54.8,65.14,26.7,2.271,29.06,17.85,4.19,0.944,1,Clear,16.52,0,10.34,28.1,125.75,118.71,0.1442,0.6142,10,0.5,-0.866,1,1,0,0,0
2026-06-17 11:00:00,TX-GAMMA-03,130.44,622.95,77.66,58.81,76.38,27.18,2.612,13.71,8.75,0.83,0.911,1,Clear,33.46,0,17.57,31.63,140.74,128.21,0.0605,0.6382,11,0.2588,-0.9659,1,1,0,0,0
2026-06-17 12:00:00,TX-GAMMA-03,131.72,595.75,75.48,63.64,77.86,30.7,2.59,16.29,16.56,2.07,0.929,1,Overcast,33.28,0,14.22,32.94,135.92,126.27,0.1271,1.0166,12,0.0,-1.0,1,0,0,1,0
2026-06-17 13:00:00,TX-GAMMA-03,128.79,638.27,79.21,65.9,83.43,33.26,2.643,20.85,24.12,0.48,0.912,1,Clear,40.42,0,17.53,32.64,142.38,129.85,0.023,1.1568,13,-0.2588,-0.9659,0,1,0,0,0
2026-06-17 14:00:00,TX-GAMMA-03,131.17,574.3,70.04,61.23,75.85,31.76,2.337,16.21,11.55,0.4,0.957,1,Overcast,26.92,0,14.62,29.47,130.48,124.87,0.0247,0.7125,14,-0.5,-0.866,0,0,0,1,0
2026-06-17 15:00:00,TX-GAMMA-03,131.62,547.01,69.08,61.42,76.33,31.33,2.509,17.88,105.14,0.48,0.884,1,Clear,27.8,0,14.91,30.09,124.7,110.23,0.0268,5.8803,15,-0.7071,-0.7071,0,1,0,0,0
2026-06-01 00:00:00,TX-DELTA-04,131.19,683.76,84.13,45.05,58.92,14.34,2.63,10.92,12.94,0.69,0.938,1,Overcast,23.69,0,13.87,30.71,155.37,145.74,0.0632,1.185,0,0.0,1.0,0,0,0,1,0
2026-06-01 01:00:00,TX-DELTA-04,131.92,580.3,69.95,36.41,48.76,12.06,2.653,12.5,8.73,0.89,0.926,1,Clear,15.56,0,12.35,24.35,132.59,122.78,0.0712,0.6984,1,0.2588,0.9659,0,1,0,0,0
2026-06-01 02:00:00,TX-DELTA-04,132.2,599.04,72.71,33.6,46.14,9.7,2.365,22.5,8.13,0.38,0.92,1,Clear,15.44,0,12.54,23.9,137.17,126.2,0.0169,0.3613,2,0.5,0.866,0,1,0,0,0
2026-06-01 03:00:00,TX-DELTA-04,132.11,547.9,67.47,32.5,44.48,9.97,2.189,22.63,13.63,1.05,0.904,1,Clear,11.32,0,11.98,22.53,125.37,113.33,0.0464,0.6023,3,0.7071,0.7071,0,1,0,0,0
2026-06-01 04:00:00,TX-DELTA-04,129.99,536.44,65.76,34.71,45.43,13.58,2.597,11.31,27.59,0.67,0.899,1,Clear,12.78,0,10.72,21.13,120.78,108.58,0.0592,2.4394,4,0.866,0.5,0,1,0,0,0
2026-06-01 05:00:00,TX-DELTA-04,133.27,445.08,53.75,38.89,45.57,15.73,2.139,29.45,12.93,1.47,0.911,0,Clear,3.02,0,6.68,23.16,102.74,93.6,0.0499,0.439,5,0.9659,0.2588,0,1,0,0,0
2026-06-01 06:00:00,TX-DELTA-04,130.96,438.32,55.08,38.67,47.43,15.87,2.035,13.04,21.44,2.18,0.956,0,Rainy,3.17,0,8.76,22.8,99.42,95.05,0.1672,1.6442,6,1.0,0.0,0,0,0,0,1
2026-06-01 07:00:00,TX-DELTA-04,132.12,451.59,56.91,46.91,56.42,25.01,2.244,15.99,22.21,1.77,0.939,0,Heatwave,5.5,0,9.51,21.9,103.34,97.04,0.1107,1.389,7,0.9659,-0.2588,0,0,1,0,0
2026-06-01 08:00:00,TX-DELTA-04,130.94,449.68,56.73,46.5,54.15,20.94,2.311,64.44,13.44,0.99,0.97,0,Clear,5.79,0,7.65,25.56,101.99,98.93,0.0154,0.2086,8,0.866,-0.5,0,1,0,0,0
2026-06-01 09:00:00,TX-DELTA-04,130.92,555.47,69.91,53.03,64.73,33.93,2.328,21.2,8.81,0.61,0.93,1,Heatwave,13.58,0,11.7,19.1,125.96,117.14,0.0288,0.4156,9,0.7071,-0.7071,1,0,1,0,0
2026-06-01 10:00:00,TX-DELTA-04,132.86,586.78,72.41,50.3,62.74,25.38,2.493,12.58,21.36,0.42,0.909,1,Rainy,18.32,0,12.44,24.92,135.03,122.74,0.0334,1.6979,10,0.5,-0.866,1,0,0,0,1
2026-06-01 11:00:00,TX-DELTA-04,130.28,622.83,78.12,56.46,70.07,30.75,2.843,23.54,30.36,1.54,0.965,1,Rainy,29.85,0,13.61,25.71,140.54,135.62,0.0654,1.2897,11,0.2588,-0.9659,1,0,0,0,1
2026-06-01 12:00:00,TX-DELTA-04,132.52,609.47,75.72,55.49,68.85,30.31,2.254,28.43,11.81,2.43,0.939,1,Clear,23.9,0,13.36,25.18,139.89,131.36,0.0855,0.4154,12,0.0,-1.0,1,1,0,0,0
2026-06-01 13:00:00,TX-DELTA-04,133.23,607.13,77.03,56.45,70.01,31.33,2.757,14.63,45.77,0.42,0.913,1,Overcast,28.65,0,13.56,25.12,140.1,127.91,0.0287,3.1285,13,-0.2588,-0.9659,0,0,0,1,0
2026-06-01 14:00:00,TX-DELTA-04,134.04,615.17,76.86,60.68,74.98,33.03,2.537,21.16,32.2,0.99,0.907,1,Clear,31.37,0,14.3,27.65,142.82,129.54,0.0468,1.5217,14,-0.5,-0.866,0,1,0,0,0
2026-06-01 15:00:00,TX-DELTA-04,134.68,494.33,60.29,52.78,61.4,31.68,2.444,25.39,8.63,0.72,0.948,1,Clear,9.83,0,8.62,21.1,115.31,109.31,0.0284,0.3399,15,-0.7071,-0.7071,0,1,0,0,0
2026-06-01 16:00:00,TX-DELTA-04,132.28,484.3,60.55,47.96,55.17,30.03,2.396,11.41,10.92,1.42,0.952,1,Clear,8.53,0,7.21,17.93,110.96,105.63,0.1245,0.9571,16,-0.866,-0.5,0,1,0,0,0
2026-06-01 17:00:00,TX-DELTA-04,130.73,412.12,49.6,50.64,58.82,30.13,2.475,30.78,21.32,0.46,0.827,0,Clear,2.85,0,8.18,20.51,93.32,77.18,0.0149,0.6927,17,-0.9659,-0.2588,0,1,0,0,0
2026-06-01 18:00:00,TX-DELTA-04,132.09,454.59,56.02,48.21,56.26,26.47,2.086,19.98,10.12,1.65,0.953,0,Clear,4.03,0,8.05,21.74,104.0,99.11,0.0826,0.5065,18,-1.0,-0.0,1,1,0,0,0
2026-06-01 19:00:00,TX-DELTA-04,131.33,453.76,55.61,45.9,54.97,23.65,2.034,30.65,16.75,1.06,0.864,0,Clear,3.48,0,9.07,22.25,103.22,89.18,0.0346,0.5465,19,-0.9659,0.2588,1,1,0,0,0
2026-06-01 20:00:00,TX-DELTA-04,132.48,471.72,58.72,45.87,55.21,21.8,2.146,38.06,10.77,1.19,0.918,0,Clear,5.97,0,9.34,24.07,108.24,99.36,0.0313,0.283,20,-0.866,0.5,1,1,0,0,0
2026-06-01 21:00:00,TX-DELTA-04,131.89,501.3,63.11,40.35,50.21,21.8,2.58,10.55,8.36,0.94,0.924,1,Overcast,11.13,0,9.86,18.55,114.52,105.82,0.0891,0.7924,21,-0.7071,0.7071,1,0,0,1,0
2026-06-01 22:00:00,TX-DELTA-04,133.57,558.91,71.46,40.21,52.46,17.57,2.393,18.69,31.22,1.27,0.948,1,Rainy,14.88,0,12.25,22.64,129.3,122.58,0.068,1.6704,22,-0.5,0.866,0,0,0,0,1
2026-06-01 23:00:00,TX-DELTA-04,132.97,627.44,78.99,44.02,58.8,15.28,2.454,18.87,21.62,1.73,0.899,1,Clear,19.63,0,14.78,28.74,144.51,129.91,0.0917,1.1457,23,-0.2588,0.9659,0,1,0,0,0
2026-06-02 00:00:00,TX-DELTA-04,131.76,662.76,83.49,40.73,54.67,12.43,2.46,31.38,15.04,1.41,0.907,1,Overcast,22.3,0,13.94,28.3,151.25,137.18,0.0449,0.4793,0,0.0,1.0,0,0,0,1,0
2026-06-02 01:00:00,TX-DELTA-04,132.74,635.04,80.21,40.43,56.47,11.82,2.561,16.08,44.86,0.26,0.927,1,Overcast,20.99,0,16.04,28.61,146.0,135.34,0.0162,2.7898,1,0.2588,0.9659,0,0,0,1,0
2026-06-02 02:00:00,TX-DELTA-04,132.19,585.96,72.97,40.68,53.9,21.94,2.685,27.17,15.52,0.3,0.938,1,Heatwave,17.51,0,13.22,18.74,134.16,125.84,0.011,0.5712,2,0.5,0.866,0,0,1,0,0
2026-06-02 03:00:00,TX-DELTA-04,132.11,559.23,68.46,34.4,45.72,11.32,2.599,30.11,8.38,0.5,0.906,1,Rainy,14.36,0,11.32,23.08,127.96,115.93,0.0166,0.2783,3,0.7071,0.7071,0,0,0,0,1
2026-06-02 04:00:00,TX-DELTA-04,133.66,455.48,57.69,40.02,48.12,14.04,2.308,16.09,8.35,0.31,0.914,0,Rainy,6.34,0,8.1,25.98,105.45,96.38,0.0193,0.519,4,0.866,0.5,0,0,0,0,1
2026-06-02 05:00:00,TX-DELTA-04,131.49,466.74,59.68,39.11,46.97,14.06,2.257,11.26,10.54,0.44,0.894,0,Overcast,7.19,0,7.86,25.05,106.3,95.03,0.0391,0.9361,5,0.9659,0.2588,0,0,0,1,0
2026-06-02 06:00:00,TX-DELTA-04,134.09,440.65,54.11,39.07,46.69,17.32,2.062,22.81,35.28,1.91,0.883,0,Clear,2.77,0,7.62,21.75,102.34,90.37,0.0837,1.5467,6,1.0,0.0,0,1,0,0,0
2026-06-02 07:00:00,TX-DELTA-04,132.01,436.27,53.9,41.06,48.15,18.82,2.577,16.95,11.69,0.26,0.881,0,Clear,5.74,0,7.09,22.24,99.75,87.88,0.0153,0.6897,7,0.9659,-0.2588,0,1,0,0,0
2026-06-02 08:00:00,TX-DELTA-04,133.83,508.49,65.08,65.0,84.06,23.23,2.224,11.03,10.5,0.56,0.946,0,Overcast,45.14,1,19.06,41.77,117.87,111.51,0.0508,0.9519,8,0.866,-0.5,0,0,0,1,0
2026-06-02 09:00:00,TX-DELTA-04,128.74,531.38,67.57,47.55,56.79,24.66,2.312,22.99,8.73,0.33,0.904,1,Clear,12.12,0,9.24,22.89,118.49,107.11,0.0144,0.3797,9,0.7071,-0.7071,1,1,0,0,0
2026-06-02 10:00:00,TX-DELTA-04,131.8,560.42,71.14,51.97,63.3,27.87,2.432,10.08,14.3,0.99,0.904,1,Rainy,17.68,0,11.33,24.1,127.94,115.66,0.0982,1.4186,10,0.5,-0.866,1,0,0,0,1
2026-06-02 11:00:00,TX-DELTA-04,132.12,669.18,83.59,56.0,71.15,27.98,2.059,21.72,12.29,1.08,0.912,1,Overcast,29.24,0,15.15,28.02,153.13,139.65,0.0497,0.5658,11,0.2588,-0.9659,1,0,0,1,0
2026-06-02 12:00:00,TX-DELTA-04,131.79,585.38,75.96,57.53,70.64,30.59,2.51,35.78,26.17,0.78,0.919,1,Clear,27.07,0,13.11,26.94,133.62,122.8,0.0218,0.7314,12,0.0,-1.0,1,1,0,0,0
2026-06-02 13:00:00,TX-DELTA-04,128.68,657.8,82.39,63.75,78.71,33.3,2.716,11.06,21.77,0.24,0.919,1,Clear,38.78,0,14.96,30.45,146.61,134.73,0.0217,1.9684,13,-0.2588,-0.9659,0,1,0,0,0
2026-06-02 14:00:00,TX-DELTA-04,132.12,641.57,80.61,59.37,75.69,31.95,2.65,13.71,25.17,1.22,0.943,1,Clear,34.83,0,16.32,27.42,146.82,138.45,0.089,1.8359,14,-0.5,-0.866,0,1,0,0,0
2026-06-02 15:00:00,TX-DELTA-04,131.72,513.68,65.27,56.19,67.11,33.95,2.703,20.41,50.42,0.31,0.917,1,Overcast,19.05,0,10.92,22.24,117.19,107.46,0.0152,2.4704,15,-0.7071,-0.7071,0,0,0,1,0
2026-06-02 16:00:00,TX-DELTA-04,133.94,478.68,60.2,49.82,57.92,31.19,2.357,25.73,10.55,0.62,0.952,1,Clear,8.09,0,8.1,18.63,111.05,105.72,0.0241,0.41,16,-0.866,-0.5,0,1,0,0,0
2026-06-02 17:00:00,TX-DELTA-04,132.44,370.4,50.82,48.86,54.81,29.29,2.389,41.95,20.39,1.2,0.944,0,Clear,2.82,0,5.95,19.57,84.97,80.21,0.0286,0.4861,17,-0.9659,-0.2588,0,1,0,0,0
2026-06-02 18:00:00,TX-DELTA-04,131.54,438.6,55.96,52.59,59.76,27.25,2.177,17.4,8.18,2.03,0.957,0,Rainy,4.54,0,7.17,25.34,99.93,95.63,0.1167,0.4701,18,-1.0,-0.0,1,0,0,0,1
2026-06-02 19:00:00,TX-DELTA-04,131.31,419.76,50.92,44.77,53.4,23.78,2.034,27.2,9.75,0.32,0.923,0,Overcast,0.74,0,8.63,20.99,95.47,88.12,0.0118,0.3585,19,-0.9659,0.2588,1,0,0,1,0
2026-06-02 20:00:00,TX-DELTA-04,130.52,481.54,60.46,40.62,51.05,21.17,2.06,446.92,153.58,45.29,0.941,1,Overcast,31.46,1,10.43,19.45,108.86,102.44,0.1013,0.3436,20,-0.866,0.5,1,0,0,1,0
2026-06-02 21:00:00,TX-DELTA-04,130.87,552.11,67.35,62.0,81.06,18.64,2.422,53.87,51.33,2.63,0.941,0,Clear,47.65,1,19.06,43.36,125.15,117.77,0.0488,0.9528,21,-0.7071,0.7071,1,1,0,0,0
2026-06-02 22:00:00,TX-DELTA-04,131.25,591.81,73.72,42.6,55.01,17.23,2.713,10.75,10.5,0.26,0.951,1,Clear,18.12,0,12.41,25.37,134.54,127.95,0.0242,0.9767,22,-0.5,0.866,0,1,0,0,0
2026-06-02 23:00:00,TX-DELTA-04,128.28,593.86,75.65,38.41,51.49,12.56,2.798,31.81,10.91,1.61,0.936,1,Overcast,19.75,0,13.08,25.85,131.95,123.51,0.0506,0.343,23,-0.2588,0.9659,0,0,0,1,0
2026-06-03 00:00:00,TX-DELTA-04,131.45,659.99,83.1,43.61,59.87,14.14,3.019,11.72,20.81,2.26,0.872,1,Overcast,25.42,0,16.26,29.47,150.27,131.04,0.1928,1.7756,0,0.0,1.0,0,0,0,1,0
2026-06-03 01:00:00,TX-DELTA-04,130.62,547.57,70.12,38.52,50.85,11.71,2.013,17.17,13.35,0.7,0.92,1,Clear,11.82,0,12.33,26.81,123.88,113.97,0.0408,0.7775,1,0.2588,0.9659,0,1,0,0,0
2026-06-03 02:00:00,TX-DELTA-04,132.52,608.1,74.54,39.68,53.12,13.43,2.284,17.13,19.81,0.49,0.917,1,Clear,16.02,0,13.44,26.25,139.58,127.99,0.0286,1.1564,2,0.5,0.866,0,1,0,0,0
2026-06-03 03:00:00,TX-DELTA-04,130.44,578.51,72.11,36.28,48.42,13.51,2.661,28.86,9.4,0.45,0.902,1,Clear,16.86,0,12.14,22.77,130.7,117.89,0.0156,0.3257,3,0.7071,0.7071,0,1,0,0,0
2026-06-03 04:00:00,TX-DELTA-04,131.47,465.04,58.74,39.89,47.57,12.22,2.287,34.3,26.39,0.22,0.9,0,Clear,6.82,0,7.68,27.67,105.9,95.31,0.0064,0.7694,4,0.866,0.5,0,1,0,0,0
2026-06-03 05:00:00,TX-DELTA-04,131.67,483.2,59.98,40.5,49.91,15.74,1.823,10.82,23.06,0.83,0.88,0,Clear,5.82,0,9.41,24.76,110.2,96.98,0.0767,2.1312,5,0.9659,0.2588,0,1,0,0,0
2026-06-03 06:00:00,TX-DELTA-04,132.86,471.39,60.18,36.96,45.49,17.37,2.087,21.71,10.24,0.22,0.868,1,Rainy,6.46,0,8.53,19.59,108.48,94.16,0.0101,0.4717,6,1.0,0.0,0,0,0,0,1
2026-06-03 07:00:00,TX-DELTA-04,131.94,438.18,54.45,43.99,51.76,19.31,1.848,12.08,32.63,0.55,0.943,0,Clear,2.6,0,7.77,24.68,100.14,94.43,0.0455,2.7012,7,0.9659,-0.2588,0,1,0,0,0
2026-06-03 08:00:00,TX-DELTA-04,126.55,494.57,59.21,44.56,52.26,20.99,2.167,16.05,17.95,1.24,0.937,0,Clear,6.37,0,7.7,23.57,108.41,101.58,0.0773,1.1184,8,0.866,-0.5,0,1,0,0,0
2026-06-03 09:00:00,TX-DELTA-04,132.04,551.92,69.44,48.53,58.23,24.84,2.276,19.33,9.91,0.55,0.957,1,Clear,13.0,0,9.7,23.69,126.22,120.79,0.0285,0.5127,9,0.7071,-0.7071,1,1,0,0,0
2026-06-03 10:00:00,TX-DELTA-04,133.8,588.66,72.71,51.01,62.21,26.66,2.073,48.14,17.85,0.24,0.928,1,Clear,15.53,0,11.2,24.35,136.42,126.6,0.005,0.3708,10,0.5,-0.866,1,1,0,0,0
2026-06-03 11:00:00,TX-DELTA-04,134.09,649.37,80.06,58.51,73.3,29.18,2.572,29.76,24.25,4.74,0.939,1,Rainy,32.06,0,14.79,29.33,150.82,141.62,0.1593,0.8149,11,0.2588,-0.9659,1,0,0,0,1
2026-06-03 12:00:00,TX-DELTA-04,133.4,632.85,79.7,62.58,77.14,33.9,2.968,15.63,10.1,2.01,0.944,1,Rainy,37.42,0,14.56,28.68,146.22,138.03,0.1286,0.6462,12,0.0,-1.0,1,0,0,0,1
2026-06-03 13:00:00,TX-DELTA-04,130.31,618.88,79.29,57.22,71.2,29.88,6.967,10.4,11.05,2.52,0.92,1,Clear,50.71,1,13.98,27.34,139.68,128.51,0.2423,1.0625,13,-0.2588,-0.9659,0,1,0,0,0
2026-06-03 14:00:00,TX-DELTA-04,133.74,1048.21,131.03,53.79,93.62,31.85,2.743,12.15,14.78,0.93,0.921,1,Overcast,62.43,1,39.83,21.94,242.81,223.63,0.0765,1.2165,14,-0.5,-0.866,0,0,0,1,0
2026-06-03 15:00:00,TX-DELTA-04,132.55,491.48,63.09,51.55,61.68,32.3,2.402,30.03,35.26,0.51,0.915,1,Clear,11.45,0,10.13,19.25,112.84,103.25,0.017,1.1742,15,-0.7071,-0.7071,0,1,0,0,0
2026-06-03 16:00:00,TX-DELTA-04,130.45,525.0,64.03,51.76,61.67,31.21,2.345,30.36,12.82,1.22,0.934,1,Clear,11.64,0,9.91,20.55,118.62,110.79,0.0402,0.4223,16,-0.866,-0.5,0,1,0,0,0
2026-06-03 17:00:00,TX-DELTA-04,133.5,489.78,62.36,49.66,59.35,29.57,2.506,40.45,33.72,0.67,0.914,1,Clear,10.24,0,9.69,20.09,113.25,103.51,0.0166,0.8336,17,-0.9659,-0.2588,0,1,0,0,0
2026-06-03 18:00:00,TX-DELTA-04,131.43,439.08,54.52,51.57,58.63,28.13,2.425,16.97,23.45,0.75,0.96,0,Overcast,5.18,0,7.06,23.44,99.95,95.95,0.0442,1.3818,18,-1.0,-0.0,1,0,0,1,0
2026-06-03 19:00:00,TX-DELTA-04,131.32,474.1,60.22,43.01,51.44,23.71,2.303,20.69,13.51,0.81,0.856,1,Clear,7.78,0,8.43,19.3,107.84,92.31,0.0391,0.653,19,-0.9659,0.2588,1,1,0,0,0
2026-06-03 20:00:00,TX-DELTA-04,133.58,498.17,62.14,40.96,50.26,22.62,2.315,18.78,13.53,1.09,0.919,1,Clear,8.97,0,9.3,18.34,115.26,105.92,0.058,0.7204,20,-0.866,0.5,1,1,0,0,0
2026-06-03 21:00:00,TX-DELTA-04,134.27,476.23,59.84,43.57,53.18,18.67,2.347,20.82,18.44,0.34,0.907,0,Clear,7.82,0,9.61,24.9,110.75,100.45,0.0163,0.8857,21,-0.7071,0.7071,1,1,0,0,0
2026-06-03 22:00:00,TX-DELTA-04,129.92,587.13,73.27,40.32,51.73,17.89,2.928,17.47,17.98,0.42,0.899,1,Clear,19.14,0,11.41,22.43,132.12,118.78,0.024,1.0292,22,-0.5,0.866,0,1,0,0,0
2026-06-03 23:00:00,TX-DELTA-04,133.73,612.66,77.45,43.1,56.2,14.5,2.741,42.45,14.11,0.61,0.943,1,Clear,20.46,0,13.1,28.6,141.91,133.82,0.0144,0.3324,23,-0.2588,0.9659,0,1,0,0,0
2026-06-04 00:00:00,TX-DELTA-04,131.43,612.49,75.48,36.02,49.08,11.8,2.293,14.11,40.32,3.39,0.93,1,Clear,16.62,0,13.06,24.22,139.43,129.67,0.2403,2.8575,0,0.0,1.0,0,1,0,0,0
2026-06-04 01:00:00,TX-DELTA-04,134.72,599.86,76.16,39.57,52.43,18.6,2.88,16.64,8.01,1.5,0.913,1,Heatwave,20.54,0,12.86,20.97,139.97,127.79,0.0901,0.4814,1,0.2588,0.9659,0,0,1,0,0
2026-06-04 02:00:00,TX-DELTA-04,134.56,654.33,80.74,40.87,56.09,12.47,2.714,27.34,14.4,0.56,0.946,1,Overcast,22.21,0,15.22,28.4,152.5,144.26,0.0205,0.5267,2,0.5,0.866,0,0,0,1,0
2026-06-04 03:00:00,TX-DELTA-04,132.14,573.25,70.68,34.96,47.52,10.48,2.402,10.77,16.62,0.73,0.901,1,Clear,14.48,0,12.56,24.48,131.2,118.21,0.0678,1.5432,3,0.7071,0.7071,0,1,0,0,0
2026-06-04 04:00:00,TX-DELTA-04,132.67,482.95,61.92,31.79,41.82,12.24,2.605,10.16,33.42,0.67,0.949,1,Clear,10.58,0,10.03,19.55,110.98,105.32,0.0659,3.2894,4,0.866,0.5,0,1,0,0,0
2026-06-04 05:00:00,TX-DELTA-04,130.79,471.82,57.46,37.91,46.0,14.41,2.163,15.97,34.7,0.57,0.895,0,Clear,5.33,0,8.09,23.5,106.88,95.66,0.0357,2.1728,5,0.9659,0.2588,0,1,0,0,0
2026-06-04 06:00:00,TX-DELTA-04,134.26,518.97,65.18,35.59,45.67,16.39,2.253,13.84,23.23,0.74,0.928,1,Clear,10.37,0,10.08,19.2,120.68,111.99,0.0535,1.6785,6,1.0,0.0,0,1,0,0,0
2026-06-04 07:00:00,TX-DELTA-04,134.31,445.38,55.13,43.4,50.97,19.68,1.794,102.47,14.77,1.24,0.901,0,Clear,2.99,0,7.57,23.72,103.61,93.35,0.0121,0.1441,7,0.9659,-0.2588,0,1,0,0,0
2026-06-04 08:00:00,TX-DELTA-04,133.17,465.25,58.5,45.09,53.16,22.09,2.279,11.22,8.25,0.57,0.966,0,Clear,6.63,0,8.07,23.0,107.31,103.66,0.0508,0.7353,8,0.866,-0.5,0,1,0,0,0
2026-06-04 09:00:00,TX-DELTA-04,132.88,570.69,70.6,48.51,61.07,22.73,2.349,13.09,12.11,0.36,0.924,1,Overcast,15.01,0,12.56,25.78,131.35,121.37,0.0275,0.9251,9,0.7071,-0.7071,1,0,0,1,0
2026-06-04 10:00:00,TX-DELTA-04,128.13,649.63,80.94,54.15,68.44,25.81,2.453,13.87,11.36,1.98,0.881,1,Clear,27.8,0,14.29,28.34,144.17,127.01,0.1428,0.819,10,0.5,-0.866,1,1,0,0,0
2026-06-04 11:00:00,TX-DELTA-04,130.35,632.78,78.77,53.44,66.31,29.39,2.777,21.48,21.85,0.68,0.915,1,Rainy,26.7,0,12.87,24.05,142.86,130.72,0.0317,1.0172,11,0.2588,-0.9659,1,0,0,0,1
2026-06-04 12:00:00,TX-DELTA-04,134.09,622.63,79.89,61.98,76.18,31.22,2.627,38.67,32.29,1.1,0.908,1,Overcast,34.67,0,14.2,30.76,144.61,131.31,0.0284,0.835,12,0.0,-1.0,1,0,0,1,0
2026-06-04 13:00:00,TX-DELTA-04,132.54,601.79,72.87,56.72,69.71,31.26,2.55,11.51,16.39,0.69,0.906,1,Rainy,24.73,0,12.99,25.46,138.15,125.16,0.0599,1.424,13,-0.2588,-0.9659,0,0,0,0,1
2026-06-04 14:00:00,TX-DELTA-04,134.4,578.01,73.08,54.05,65.3,31.27,2.684,23.77,21.86,0.7,0.937,1,Overcast,21.99,0,11.25,22.78,134.55,126.07,0.0294,0.9196,14,-0.5,-0.866,0,0,0,1,0
2026-06-04 15:00:00,TX-DELTA-04,130.86,528.53,68.95,53.2,63.67,31.59,2.37,19.42,8.04,0.61,0.923,1,Clear,16.34,0,10.47,21.61,119.79,110.57,0.0314,0.414,15,-0.7071,-0.7071,0,1,0,0,0
2026-06-04 16:00:00,TX-DELTA-04,131.92,425.91,55.49,53.38,60.62,30.89,2.276,10.82,25.52,1.08,0.87,0,Clear,5.37,0,7.24,22.49,97.32,84.67,0.0998,2.3586,16,-0.866,-0.5,0,1,0,0,0
2026-06-04 17:00:00,TX-DELTA-04,131.99,424.79,56.2,49.51,56.78,25.62,2.505,18.0,13.62,0.82,0.978,0,Rainy,6.65,0,7.27,23.89,97.11,94.97,0.0456,0.7567,17,-0.9659,-0.2588,0,0,0,0,1
2026-06-04 18:00:00,TX-DELTA-04,132.54,450.76,56.21,56.28,64.02,35.74,2.133,21.06,20.56,0.5,0.928,0,Heatwave,4.42,0,7.74,20.54,103.48,96.03,0.0237,0.9763,18,-1.0,-0.0,1,0,1,0,0
2026-06-04 19:00:00,TX-DELTA-04,130.36,457.38,59.01,48.52,56.64,24.22,2.521,41.78,39.4,0.22,0.895,0,Overcast,8.38,0,8.12,24.3,103.27,92.43,0.0053,0.943,19,-0.9659,0.2588,1,0,0,1,0
2026-06-04 20:00:00,TX-DELTA-04,128.95,506.34,63.02,39.78,48.08,19.12,2.49,10.27,17.65,0.89,0.897,1,Clear,10.54,0,8.3,20.66,113.09,101.44,0.0867,1.7186,20,-0.866,0.5,1,1,0,0,0
2026-06-04 21:00:00,TX-DELTA-04,132.04,557.38,70.95,43.32,56.34,19.71,2.563,30.74,10.72,1.79,0.898,1,Rainy,15.6,0,13.02,23.61,127.47,114.47,0.0582,0.3487,21,-0.7071,0.7071,1,0,0,0,1
2026-06-04 22:00:00,TX-DELTA-04,129.8,570.5,70.61,42.39,54.14,16.97,2.428,20.14,10.62,4.57,0.938,1,Clear,14.59,0,11.75,25.42,128.26,120.31,0.2269,0.5273,22,-0.5,0.866,0,1,0,0,0
2026-06-04 23:00:00,TX-DELTA-04,133.71,635.15,80.05,39.98,54.29,12.61,2.786,19.45,21.39,0.44,0.845,1,Rainy,22.25,0,14.31,27.37,147.1,124.3,0.0226,1.0997,23,-0.2588,0.9659,0,0,0,0,1
2026-06-05 00:00:00,TX-DELTA-04,132.49,639.51,82.08,40.89,54.67,14.48,2.605,42.91,64.16,0.87,0.921,1,Rainy,22.35,0,13.78,26.41,146.75,135.16,0.0203,1.4952,0,0.0,1.0,0,0,0,0,1
2026-06-05 01:00:00,TX-DELTA-04,129.89,622.32,78.52,37.89,52.61,12.21,2.482,10.12,30.18,2.68,0.922,1,Overcast,19.53,0,14.72,25.68,140.01,129.09,0.2648,2.9822,1,0.2588,0.9659,0,0,0,1,0
2026-06-05 02:00:00,TX-DELTA-04,135.06,639.45,79.17,39.37,53.18,11.0,2.492,18.54,11.62,0.35,0.965,1,Clear,19.97,0,13.81,28.37,149.59,144.35,0.0189,0.6268,2,0.5,0.866,0,1,0,0,0
2026-06-05 03:00:00,TX-DELTA-04,130.84,545.08,67.46,37.19,49.19,11.46,2.463,12.53,8.18,1.14,0.94,1,Clear,12.96,0,12.0,25.73,123.53,116.12,0.091,0.6528,3,0.7071,0.7071,0,1,0,0,0
2026-06-05 04:00:00,TX-DELTA-04,133.05,521.66,64.94,32.39,40.78,12.3,2.23,28.39,32.5,1.43,0.888,1,Clear,10.09,0,8.39,20.09,120.22,106.76,0.0504,1.1448,4,0.866,0.5,0,1,0,0,0
2026-06-05 05:00:00,TX-DELTA-04,130.29,491.37,62.24,31.78,42.93,13.84,2.429,10.98,18.8,2.64,0.883,1,Rainy,9.71,0,11.15,17.94,110.89,97.92,0.2404,1.7122,5,0.9659,0.2588,0,0,0,0,1
2026-06-05 06:00:00,TX-DELTA-04,133.22,471.61,58.14,38.85,46.91,16.03,2.47,12.75,9.16,0.89,0.945,0,Rainy,7.57,0,8.06,22.82,108.82,102.83,0.0698,0.7184,6,1.0,0.0,0,0,0,0,1
2026-06-05 07:00:00,TX-DELTA-04,130.83,371.44,47.07,38.61,45.35,21.06,2.053,23.89,19.17,0.31,0.835,0,Overcast,0.32,0,6.74,17.55,84.17,70.28,0.013,0.8024,7,0.9659,-0.2588,0,0,0,1,0
2026-06-05 08:00:00,TX-DELTA-04,137.27,525.0,65.2,41.49,52.0,21.73,2.299,14.79,19.73,1.15,0.938,1,Rainy,10.66,0,10.51,19.76,124.82,117.08,0.0778,1.334,8,0.866,-0.5,0,0,0,0,1
2026-06-05 09:00:00,TX-DELTA-04,132.77,548.32,68.08,47.01,57.96,25.88,2.623,38.43,12.76,0.53,0.916,1,Clear,14.29,0,10.95,21.13,126.09,115.5,0.0138,0.332,9,0.7071,-0.7071,1,1,0,0,0
2026-06-05 10:00:00,TX-DELTA-04,132.15,619.48,76.68,52.49,66.77,26.2,2.577,41.44,8.58,0.49,0.911,1,Clear,24.66,0,14.28,26.29,141.79,129.17,0.0118,0.207,10,0.5,-0.866,1,1,0,0,0
2026-06-05 11:00:00,TX-DELTA-04,133.96,633.09,80.67,55.59,69.09,28.11,2.804,18.03,8.4,0.32,0.971,1,Clear,30.29,0,13.5,27.48,146.89,142.63,0.0177,0.4659,11,0.2588,-0.9659,1,1,0,0,0
2026-06-05 12:00:00,TX-DELTA-04,132.12,657.99,81.79,57.41,71.05,30.98,2.432,26.77,17.08,0.59,0.897,1,Clear,30.34,0,13.64,26.43,150.57,135.06,0.022,0.638,12,0.0,-1.0,1,1,0,0,0
2026-06-05 13:00:00,TX-DELTA-04,131.53,621.95,77.45,59.84,71.93,31.29,2.683,43.76,8.56,0.38,0.897,1,Overcast,30.06,0,12.09,28.55,141.69,127.1,0.0087,0.1956,13,-0.2588,-0.9659,0,0,0,1,0
2026-06-05 14:00:00,TX-DELTA-04,131.36,593.54,73.17,54.07,66.86,31.64,2.815,18.31,24.35,2.9,0.922,1,Clear,24.12,0,12.79,22.43,135.04,124.51,0.1584,1.3299,14,-0.5,-0.866,0,1,0,0,0
2026-06-05 15:00:00,TX-DELTA-04,134.94,543.4,70.0,56.3,67.7,31.97,2.617,15.21,20.25,0.63,0.945,1,Clear,21.79,0,11.4,24.33,127.01,120.02,0.0414,1.3314,15,-0.7071,-0.7071,0,1,0,0,0
2026-06-05 16:00:00,TX-DELTA-04,133.48,457.97,56.46,54.07,63.62,30.53,2.134,17.99,22.31,0.77,0.882,0,Overcast,7.59,0,9.55,23.54,105.88,93.39,0.0428,1.2401,16,-0.866,-0.5,0,0,0,1,0
2026-06-05 17:00:00,TX-DELTA-04,131.0,470.89,53.26,52.66,59.49,29.13,2.473,24.98,18.32,0.64,0.951,0,Rainy,4.74,0,6.83,23.53,106.84,101.6,0.0256,0.7334,17,-0.9659,-0.2588,0,0,0,0,1
2026-06-05 18:00:00,TX-DELTA-04,133.29,415.62,53.76,50.83,59.13,26.84,2.153,36.65,16.3,1.17,0.934,0,Overcast,3.11,0,8.3,23.99,95.95,89.62,0.0319,0.4447,18,-1.0,-0.0,1,0,0,1,0
2026-06-05 19:00:00,TX-DELTA-04,131.67,382.66,48.64,44.49,50.99,24.05,2.18,23.99,10.47,1.15,0.926,0,Clear,1.08,0,6.5,20.44,87.27,80.81,0.0479,0.4364,19,-0.9659,0.2588,1,1,0,0,0
2026-06-05 20:00:00,TX-DELTA-04,131.39,523.25,65.63,41.6,52.53,20.52,2.257,15.82,27.6,0.35,0.916,1,Overcast,10.65,0,10.93,21.08,119.08,109.08,0.0221,1.7446,20,-0.866,0.5,1,0,0,1,0
2026-06-05 21:00:00,TX-DELTA-04,133.54,593.32,74.19,43.79,55.66,20.75,2.414,19.21,19.41,0.43,0.939,1,Overcast,16.59,0,11.87,23.04,137.23,128.86,0.0224,1.0104,21,-0.7071,0.7071,1,0,0,1,0
2026-06-05 22:00:00,TX-DELTA-04,131.12,614.81,75.3,40.04,52.81,17.18,2.829,205.3,212.57,38.6,0.91,1,Clear,44.73,1,12.77,22.86,139.63,127.06,0.188,1.0354,22,-0.5,0.866,0,1,0,0,0
2026-06-05 23:00:00,TX-DELTA-04,128.65,637.2,77.69,41.34,55.93,15.21,2.527,15.55,17.1,0.32,0.948,1,Overcast,19.32,0,14.59,26.13,141.99,134.61,0.0206,1.0997,23,-0.2588,0.9659,0,0,0,1,0
2026-06-06 00:00:00,TX-DELTA-04,129.69,639.87,80.11,39.85,53.42,12.8,2.798,72.95,36.02,0.8,0.952,1,Rainy,22.36,0,13.57,27.05,143.73,136.83,0.011,0.4938,0,0.0,1.0,0,0,0,0,1
2026-06-06 01:00:00,TX-DELTA-04,130.77,703.86,87.02,38.94,54.48,13.04,2.806,15.56,14.68,0.63,0.923,2,Clear,26.43,0,15.54,25.9,159.42,147.14,0.0405,0.9434,1,0.2588,0.9659,0,1,0,0,0
2026-06-06 02:00:00,TX-DELTA-04,130.61,552.66,68.73,33.43,45.09,12.39,2.348,12.98,13.86,0.42,0.97,1,Rainy,13.01,0,11.66,21.04,125.02,121.27,0.0324,1.0678,2,0.5,0.866,0,0,0,0,1
2026-06-06 03:00:00,TX-DELTA-04,132.64,511.96,63.61,31.43,40.27,10.59,2.274,12.97,21.3,0.62,0.94,1,Clear,9.59,0,8.84,20.84,117.62,110.56,0.0478,1.6423,3,0.7071,0.7071,0,1,0,0,0
2026-06-06 04:00:00,TX-DELTA-04,130.47,485.58,61.59,32.47,40.52,12.09,2.454,39.67,16.57,0.58,0.944,1,Overcast,9.48,0,8.05,20.38,109.73,103.59,0.0146,0.4177,4,0.866,0.5,0,0,0,1,0
2026-06-06 05:00:00,TX-DELTA-04,133.35,461.82,57.35,41.11,48.64,15.83,2.246,13.92,25.44,1.07,0.868,0,Clear,5.76,0,7.53,25.28,106.67,92.59,0.0769,1.8276,5,0.9659,0.2588,0,1,0,0,0
2026-06-06 06:00:00,TX-DELTA-04,131.09,438.99,51.9,36.69,44.44,17.37,2.276,30.14,24.63,0.32,0.9,0,Rainy,2.76,0,7.75,19.32,99.67,89.7,0.0106,0.8172,6,1.0,0.0,0,0,0,0,1
2026-06-06 07:00:00,TX-DELTA-04,129.56,495.45,60.32,42.48,52.45,28.0,2.453,15.42,11.79,0.22,0.941,1,Heatwave,8.74,0,9.97,14.48,111.18,104.62,0.0143,0.7646,7,0.9659,-0.2588,0,0,1,0,0
2026-06-06 08:00:00,TX-DELTA-04,131.96,567.32,70.63,45.37,57.11,21.57,2.055,17.28,9.76,0.55,0.924,1,Overcast,12.36,0,11.74,23.8,129.67,119.82,0.0318,0.5648,8,0.866,-0.5,0,0,0,1,0
2026-06-06 09:00:00,TX-DELTA-04,130.04,513.46,61.92,43.49,51.59,23.59,2.285,21.03,13.28,0.47,0.978,1,Clear,8.66,0,8.1,19.9,115.65,113.11,0.0223,0.6315,9,0.7071,-0.7071,1,1,0,0,0
2026-06-06 10:00:00,TX-DELTA-04,131.47,627.86,75.93,54.9,66.65,27.4,2.627,47.13,38.79,0.33,0.907,1,Clear,24.42,0,11.75,27.5,142.97,129.67,0.007,0.823,10,0.5,-0.866,1,1,0,0,0
2026-06-06 11:00:00,TX-DELTA-04,132.26,631.11,79.8,53.63,66.29,27.63,2.958,13.18,15.22,2.46,0.897,1,Clear,28.38,0,12.66,26.0,144.58,129.69,0.1866,1.1548,11,0.2588,-0.9659,1,1,0,0,0
2026-06-06 12:00:00,TX-DELTA-04,131.47,592.26,75.09,56.27,71.38,29.56,2.241,27.27,8.77,0.71,0.884,1,Rainy,25.56,0,15.11,26.71,134.87,119.23,0.026,0.3216,12,0.0,-1.0,1,0,0,0,1
2026-06-06 13:00:00,TX-DELTA-04,132.74,607.36,77.25,58.27,73.39,30.74,2.699,17.62,8.82,0.41,0.906,1,Rainy,31.25,0,15.12,27.53,139.64,126.51,0.0233,0.5006,13,-0.2588,-0.9659,0,0,0,0,1
2026-06-06 14:00:00,TX-DELTA-04,131.88,601.68,73.25,57.49,70.15,31.9,2.245,11.8,13.38,1.06,0.898,1,Overcast,23.49,0,12.66,25.59,137.44,123.42,0.0898,1.1339,14,-0.5,-0.866,0,0,0,1,0
2026-06-06 15:00:00,TX-DELTA-04,133.79,503.95,63.71,51.84,59.35,32.64,2.118,18.51,15.06,3.79,0.909,1,Overcast,8.71,0,7.51,19.2,116.78,106.15,0.2048,0.8136,15,-0.7071,-0.7071,0,0,0,1,0
2026-06-06 16:00:00,TX-DELTA-04,133.48,535.4,66.46,49.65,60.53,28.05,2.256,16.08,13.87,0.88,0.953,1,Clear,11.57,0,10.88,21.6,123.78,117.96,0.0547,0.8626,16,-0.866,-0.5,0,1,0,0,0
2026-06-06 17:00:00,TX-DELTA-04,128.94,405.41,50.6,50.3,56.56,30.2,2.236,14.55,11.28,1.93,0.939,0,Clear,1.76,0,6.26,20.1,90.54,85.02,0.1326,0.7753,17,-0.9659,-0.2588,0,1,0,0,0
2026-06-06 18:00:00,TX-DELTA-04,132.53,439.13,54.32,49.33,57.35,27.34,2.34,15.25,15.47,1.91,0.862,0,Overcast,4.56,0,8.02,21.99,100.8,86.89,0.1252,1.0144,18,-1.0,-0.0,1,0,0,1,0
2026-06-06 19:00:00,TX-DELTA-04,132.67,491.09,60.22,46.06,56.04,26.51,2.149,15.66,26.58,0.68,0.955,1,Clear,6.86,0,9.98,19.55,112.85,107.77,0.0434,1.6973,19,-0.9659,0.2588,1,1,0,0,0
2026-06-06 20:00:00,TX-DELTA-04,132.35,479.57,60.36,46.19,55.86,29.6,2.352,26.27,15.23,2.04,0.927,1,Heatwave,8.15,0,9.67,16.59,109.94,101.91,0.0777,0.5797,20,-0.866,0.5,1,0,1,0,0
2026-06-06 21:00:00,TX-DELTA-04,131.49,507.08,62.72,40.76,48.52,21.3,2.272,41.06,24.6,1.76,0.921,1,Overcast,9.05,0,7.76,19.46,115.49,106.37,0.0429,0.5991,21,-0.7071,0.7071,1,0,0,1,0
2026-06-06 22:00:00,TX-DELTA-04,133.85,600.69,74.96,41.01,53.95,17.09,2.723,15.11,9.64,0.48,0.933,1,Overcast,18.89,0,12.94,23.92,139.26,129.93,0.0318,0.638,22,-0.5,0.866,0,0,0,1,0
2026-06-06 23:00:00,TX-DELTA-04,134.16,1065.03,133.13,37.82,74.96,13.95,2.544,10.02,18.39,1.55,0.91,1,Rainy,54.55,1,37.14,23.87,247.48,225.21,0.1547,1.8353,23,-0.2588,0.9659,0,0,0,0,1
2026-06-07 00:00:00,TX-DELTA-04,132.12,1014.72,126.84,37.67,84.89,12.38,2.664,11.6,9.71,0.32,0.962,2,Clear,67.91,1,47.22,25.29,232.21,223.39,0.0276,0.8371,0,0.0,1.0,0,1,0,0,0
2026-06-07 01:00:00,TX-DELTA-04,133.05,638.45,81.86,38.73,53.68,12.19,2.556,373.17,156.52,44.86,0.926,1,Rainy,46.92,1,14.95,26.54,147.13,136.24,0.1202,0.4194,1,0.2588,0.9659,0,0,0,0,1
2026-06-07 02:00:00,TX-DELTA-04,131.61,538.32,69.16,35.26,47.55,11.18,2.377,20.87,17.2,1.78,0.91,1,Overcast,13.44,0,12.29,24.08,122.71,111.67,0.0853,0.8241,2,0.5,0.866,0,0,0,1,0
2026-06-07 03:00:00,TX-DELTA-04,131.33,466.36,57.23,34.82,43.64,12.17,2.44,16.79,16.33,2.08,0.967,0,Clear,6.85,0,8.82,22.65,106.08,102.58,0.1239,0.9726,3,0.7071,0.7071,0,1,0,0,0
2026-06-07 04:00:00,TX-DELTA-04,131.93,472.26,58.56,32.27,41.19,12.9,2.439,27.75,13.92,0.22,0.915,0,Rainy,7.63,0,8.92,19.37,107.92,98.75,0.0079,0.5016,4,0.866,0.5,0,0,0,0,1
2026-06-07 05:00:00,TX-DELTA-04,132.48,495.39,60.54,33.39,42.47,15.61,2.331,40.35,9.17,0.53,0.911,1,Clear,8.13,0,9.08,17.78,113.67,103.55,0.0131,0.2273,5,0.9659,0.2588,0,1,0,0,0
2026-06-07 06:00:00,TX-DELTA-04,133.39,447.63,54.08,41.57,49.88,16.78,1.995,35.0,9.79,0.73,0.882,0,Clear,2.38,0,8.31,24.79,103.42,91.22,0.0209,0.2797,6,1.0,0.0,0,1,0,0,0
2026-06-07 07:00:00,TX-DELTA-04,130.97,497.66,63.49,41.8,50.22,19.74,2.634,11.21,14.15,0.92,0.917,1,Rainy,11.67,0,8.42,22.06,112.89,103.52,0.0821,1.2623,7,0.9659,-0.2588,0,0,0,0,1
2026-06-07 08:00:00,TX-DELTA-04,131.63,447.86,57.21,41.72,48.34,21.54,2.297,21.1,16.54,0.5,0.904,0,Clear,5.99,0,6.62,20.18,102.11,92.31,0.0237,0.7839,8,0.866,-0.5,0,1,0,0,0
2026-06-07 09:00:00,TX-DELTA-04,130.58,550.2,66.9,45.13,55.89,25.07,2.433,42.01,12.79,0.62,0.948,1,Overcast,12.46,0,10.76,20.06,124.44,117.97,0.0148,0.3045,9,0.7071,-0.7071,1,0,0,1,0
2026-06-07 10:00:00,TX-DELTA-04,132.18,519.42,63.78,47.04,56.05,28.8,2.356,30.42,9.39,0.62,0.907,1,Clear,10.17,0,9.01,18.24,118.92,107.86,0.0204,0.3087,10,0.5,-0.866,1,1,0,0,0
2026-06-07 11:00:00,TX-DELTA-04,130.79,665.09,82.19,57.38,72.29,28.54,2.808,19.58,15.16,0.53,0.92,1,Clear,33.87,0,14.91,28.84,150.67,138.62,0.0271,0.7743,11,0.2588,-0.9659,1,1,0,0,0
2026-06-07 12:00:00,TX-DELTA-04,134.13,634.89,78.7,58.61,72.14,31.16,2.369,19.55,35.09,0.86,0.924,1,Overcast,29.07,0,13.53,27.45,147.5,136.29,0.044,1.7949,12,0.0,-1.0,1,0,0,1,0
2026-06-07 13:00:00,TX-DELTA-04,133.24,628.84,78.41,58.61,71.7,30.16,2.567,19.51,24.74,0.56,0.929,1,Rainy,29.73,0,13.09,28.45,145.12,134.82,0.0287,1.2681,13,-0.2588,-0.9659,0,0,0,0,1
2026-06-07 14:00:00,TX-DELTA-04,132.37,616.74,78.14,58.6,73.16,32.57,2.823,12.14,16.37,1.41,0.974,1,Rainy,32.32,0,14.56,26.03,141.4,137.72,0.1161,1.3484,14,-0.5,-0.866,0,0,0,0,1
2026-06-07 15:00:00,TX-DELTA-04,133.36,578.07,71.37,54.5,67.29,29.81,2.809,21.17,34.53,0.2,0.915,1,Clear,23.39,0,12.79,24.69,133.53,122.18,0.0094,1.6311,15,-0.7071,-0.7071,0,1,0,0,0
2026-06-07 16:00:00,TX-DELTA-04,131.69,572.86,69.95,52.94,64.24,30.27,2.849,15.39,15.57,0.39,0.891,1,Clear,20.27,0,11.3,22.67,130.67,116.43,0.0253,1.0117,16,-0.866,-0.5,0,1,0,0,0
2026-06-07 17:00:00,TX-DELTA-04,129.74,498.28,61.15,50.18,59.04,29.11,2.034,16.11,13.06,1.34,0.923,1,Clear,6.71,0,8.86,21.07,111.97,103.35,0.0832,0.8107,17,-0.9659,-0.2588,0,1,0,0,0
2026-06-07 18:00:00,TX-DELTA-04,132.26,447.04,57.76,49.4,57.42,26.55,2.262,62.33,38.11,0.58,0.898,0,Clear,6.1,0,8.02,22.85,102.41,91.96,0.0093,0.6114,18,-1.0,-0.0,1,1,0,0,0
2026-06-07 19:00:00,TX-DELTA-04,131.38,459.11,59.54,49.75,58.68,25.01,2.489,26.17,17.94,0.26,0.936,0,Clear,8.5,0,8.93,24.74,104.47,97.78,0.0099,0.6855,19,-0.9659,0.2588,1,1,0,0,0
2026-06-07 20:00:00,TX-DELTA-04,132.53,482.08,60.46,40.17,50.61,22.59,2.418,20.44,33.66,0.23,0.895,1,Clear,8.61,0,10.44,17.58,110.66,99.04,0.0113,1.6468,20,-0.866,0.5,1,1,0,0,0
2026-06-07 21:00:00,TX-DELTA-04,132.74,579.35,71.22,41.65,53.53,19.12,2.176,36.62,9.91,0.83,0.896,1,Rainy,13.43,0,11.88,22.53,133.2,119.35,0.0227,0.2706,21,-0.7071,0.7071,1,0,0,0,1
2026-06-07 22:00:00,TX-DELTA-04,132.51,645.3,81.44,43.45,59.69,16.0,2.853,29.08,17.8,0.4,0.92,1,Overcast,23.46,0,16.24,27.45,148.11,136.26,0.0138,0.6121,22,-0.5,0.866,0,0,0,1,0
2026-06-07 23:00:00,TX-DELTA-04,131.29,589.88,73.86,41.58,55.55,14.02,2.701,10.29,9.33,0.56,0.956,1,Clear,18.13,0,13.97,27.56,134.14,128.24,0.0544,0.9067,23,-0.2588,0.9659,0,1,0,0,0
2026-06-08 00:00:00,TX-DELTA-04,133.07,661.59,81.99,44.18,58.5,14.67,2.557,15.11,52.43,3.76,0.956,1,Overcast,22.0,0,14.32,29.51,152.49,145.78,0.2488,3.4699,0,0.0,1.0,0,0,0,1,0
2026-06-08 01:00:00,TX-DELTA-04,132.47,628.63,78.41,37.8,51.55,12.93,2.627,53.76,16.5,2.29,0.886,1,Overcast,20.34,0,13.75,24.87,144.24,127.8,0.0426,0.3069,1,0.2588,0.9659,0,0,0,1,0
2026-06-08 02:00:00,TX-DELTA-04,132.78,580.05,72.5,40.29,52.23,14.78,2.61,16.97,9.29,2.04,0.888,1,Clear,16.79,0,11.94,25.51,133.4,118.46,0.1202,0.5474,2,0.5,0.866,0,1,0,0,0
2026-06-08 03:00:00,TX-DELTA-04,132.28,535.98,65.4,37.23,46.4,12.81,2.347,36.02,12.52,0.68,0.917,1,Overcast,11.06,0,9.17,24.42,122.8,112.61,0.0189,0.3476,3,0.7071,0.7071,0,0,0,1,0
2026-06-08 04:00:00,TX-DELTA-04,132.97,487.66,60.87,33.01,43.41,15.11,2.222,11.12,10.62,0.49,0.932,1,Overcast,7.67,0,10.4,17.9,112.31,104.67,0.0441,0.955,4,0.866,0.5,0,0,0,1,0
2026-06-08 05:00:00,TX-DELTA-04,129.71,424.33,52.87,39.08,47.92,16.46,1.805,14.47,22.05,0.5,0.93,0,Clear,1.68,0,8.84,22.62,95.33,88.66,0.0346,1.5238,5,0.9659,0.2588,0,1,0,0,0
2026-06-08 06:00:00,TX-DELTA-04,132.96,388.42,49.45,36.19,43.04,17.04,2.098,148.3,32.44,1.34,0.944,0,Overcast,0.59,0,6.85,19.15,89.45,84.44,0.009,0.2187,6,1.0,0.0,0,0,0,1,0
2026-06-08 07:00:00,TX-DELTA-04,129.87,484.34,57.48,44.87,53.34,17.63,2.345,38.08,12.62,0.66,0.964,0,Clear,6.43,0,8.47,27.24,108.95,105.03,0.0173,0.3314,7,0.9659,-0.2588,0,1,0,0,0
2026-06-08 08:00:00,TX-DELTA-04,134.77,447.36,54.56,44.79,51.55,23.64,2.242,14.38,8.52,0.26,0.88,0,Clear,4.11,0,6.76,21.15,104.43,91.9,0.0181,0.5925,8,0.866,-0.5,0,1,0,0,0
2026-06-08 09:00:00,TX-DELTA-04,131.85,493.82,62.58,45.29,54.4,25.49,2.284,86.88,32.48,0.7,0.934,1,Overcast,9.04,0,9.11,19.8,112.77,105.33,0.0081,0.3738,9,0.7071,-0.7071,1,0,0,1,0
2026-06-08 10:00:00,TX-DELTA-04,133.31,571.37,71.5,49.15,62.49,26.34,2.695,10.9,14.51,0.9,0.919,1,Clear,18.79,0,13.34,22.81,131.93,121.24,0.0826,1.3312,10,0.5,-0.866,1,1,0,0,0
2026-06-08 11:00:00,TX-DELTA-04,132.19,681.04,86.67,53.9,71.46,29.4,2.692,14.96,19.79,0.62,0.901,2,Clear,35.1,0,17.56,24.5,155.93,140.49,0.0414,1.3229,11,0.2588,-0.9659,1,1,0,0,0
2026-06-08 12:00:00,TX-DELTA-04,131.34,663.8,81.8,60.36,75.13,31.26,2.616,25.65,22.52,0.35,0.901,1,Overcast,34.85,0,14.77,29.1,151.01,136.06,0.0136,0.878,12,0.0,-1.0,1,0,0,1,0
2026-06-08 13:00:00,TX-DELTA-04,134.42,600.65,73.96,56.02,69.03,31.93,2.571,27.39,21.71,0.4,0.961,1,Overcast,24.93,0,13.01,24.09,139.84,134.39,0.0146,0.7926,13,-0.2588,-0.9659,0,0,0,1,0
2026-06-08 14:00:00,TX-DELTA-04,132.49,571.24,72.62,53.57,66.24,32.19,2.44,23.23,42.71,0.88,0.906,1,Clear,21.04,0,12.67,21.38,131.09,118.77,0.0379,1.8386,14,-0.5,-0.866,0,1,0,0,0
2026-06-08 15:00:00,TX-DELTA-04,129.47,526.27,66.74,58.25,69.78,39.76,2.337,424.09,182.75,26.72,0.927,1,Heatwave,39.94,1,11.53,18.49,118.02,109.4,0.063,0.4309,15,-0.7071,-0.7071,0,0,1,0,0
2026-06-08 16:00:00,TX-DELTA-04,132.29,525.85,67.1,74.77,93.08,31.42,2.344,17.9,15.53,0.35,0.925,0,Overcast,49.6,1,18.31,43.35,120.49,111.45,0.0196,0.8676,16,-0.866,-0.5,0,0,0,1,0
2026-06-08 17:00:00,TX-DELTA-04,133.36,403.21,49.65,52.08,59.79,30.97,1.928,38.57,21.61,0.43,0.893,0,Clear,0.0,0,7.71,21.11,93.14,83.17,0.0111,0.5603,17,-0.9659,-0.2588,0,1,0,0,0
2026-06-08 18:00:00,TX-DELTA-04,132.37,498.74,62.86,47.54,57.88,26.0,2.133,10.16,12.37,0.61,0.939,1,Clear,8.3,0,10.34,21.54,114.35,107.37,0.06,1.2175,18,-1.0,-0.0,1,1,0,0,0
2026-06-08 19:00:00,TX-DELTA-04,131.37,449.45,56.67,47.43,55.31,25.38,2.177,16.69,11.85,0.77,0.923,0,Clear,4.95,0,7.88,22.05,102.27,94.4,0.0461,0.71,19,-0.9659,0.2588,1,1,0,0,0
2026-06-08 20:00:00,TX-DELTA-04,131.6,493.68,60.52,42.4,51.41,22.74,2.933,13.11,20.05,0.91,0.904,1,Clear,11.73,0,9.01,19.66,112.53,101.73,0.0694,1.5294,20,-0.866,0.5,1,1,0,0,0
2026-06-08 21:00:00,TX-DELTA-04,131.07,570.13,72.04,44.62,57.79,22.07,2.564,15.26,37.17,1.29,0.949,1,Clear,16.24,0,13.17,22.55,129.43,122.83,0.0845,2.4358,21,-0.7071,0.7071,1,1,0,0,0
2026-06-08 22:00:00,TX-DELTA-04,132.78,545.63,68.86,36.62,46.34,15.68,2.048,17.95,16.41,1.55,0.893,1,Overcast,11.29,0,9.72,20.94,125.48,112.05,0.0864,0.9142,22,-0.5,0.866,0,0,0,1,0
2026-06-08 23:00:00,TX-DELTA-04,133.57,625.67,78.03,42.5,55.61,15.0,2.505,31.38,13.08,0.32,0.962,1,Clear,19.38,0,13.11,27.5,144.75,139.25,0.0102,0.4168,23,-0.2588,0.9659,0,1,0,0,0
2026-06-09 00:00:00,TX-DELTA-04,132.04,650.31,80.13,42.64,56.22,13.94,2.493,26.28,16.34,1.06,0.914,1,Clear,20.54,0,13.58,28.7,148.73,135.94,0.0403,0.6218,0,0.0,1.0,0,1,0,0,0
2026-06-09 01:00:00,TX-DELTA-04,132.75,593.69,75.66,39.96,54.01,12.4,2.284,36.53,83.01,1.66,0.985,1,Clear,16.67,0,14.05,27.56,136.51,134.46,0.0454,2.2724,1,0.2588,0.9659,0,1,0,0,0
2026-06-09 02:00:00,TX-DELTA-04,130.97,587.6,74.46,36.59,48.67,12.51,2.512,41.19,17.79,0.52,0.934,1,Clear,17.34,0,12.08,24.08,133.3,124.5,0.0126,0.4319,2,0.5,0.866,0,1,0,0,0
2026-06-09 03:00:00,TX-DELTA-04,134.27,525.08,65.3,32.72,44.27,9.93,2.396,11.06,8.98,0.85,0.884,1,Clear,11.3,0,11.55,22.79,122.11,107.95,0.0769,0.8119,3,0.7071,0.7071,0,1,0,0,0
2026-06-09 04:00:00,TX-DELTA-04,131.57,532.86,66.39,39.12,50.8,14.26,2.325,10.07,16.81,0.4,0.97,1,Clear,11.51,0,11.68,24.86,121.43,117.79,0.0397,1.6693,4,0.866,0.5,0,1,0,0,0
2026-06-09 05:00:00,TX-DELTA-04,131.58,466.56,57.98,40.64,50.9,15.33,2.29,11.49,17.03,0.48,0.934,0,Rainy,6.4,0,10.26,25.31,106.33,99.31,0.0418,1.4822,5,0.9659,0.2588,0,0,0,0,1
2026-06-09 06:00:00,TX-DELTA-04,133.1,440.94,55.47,39.09,48.48,17.26,2.241,13.37,15.96,0.95,0.955,0,Overcast,4.63,0,9.39,21.83,101.65,97.08,0.0711,1.1937,6,1.0,0.0,0,0,0,1,0
2026-06-09 07:00:00,TX-DELTA-04,128.88,445.29,53.97,40.38,46.81,18.24,1.995,21.8,27.62,0.5,0.853,0,Clear,2.32,0,6.43,22.14,99.4,84.79,0.0229,1.267,7,0.9659,-0.2588,0,1,0,0,0
2026-06-09 08:00:00,TX-DELTA-04,130.95,512.61,59.63,46.7,56.52,22.23,2.215,29.57,9.32,1.62,0.937,0,Clear,6.91,0,9.82,24.47,116.27,108.94,0.0548,0.3152,8,0.866,-0.5,0,1,0,0,0
2026-06-09 09:00:00,TX-DELTA-04,133.82,518.16,63.77,47.52,57.88,25.0,2.644,14.53,37.22,0.21,0.947,1,Overcast,11.9,0,10.36,22.52,120.1,113.73,0.0145,2.5616,9,0.7071,-0.7071,1,0,0,1,0
2026-06-09 10:00:00,TX-DELTA-04,132.29,582.53,73.51,51.99,62.45,26.53,2.538,14.45,8.25,0.46,0.922,1,Clear,18.99,0,10.46,25.46,133.48,123.07,0.0318,0.5709,10,0.5,-0.866,1,1,0,0,0
2026-06-09 11:00:00,TX-DELTA-04,131.19,613.14,76.46,55.75,70.15,29.37,2.712,29.41,44.41,1.27,0.905,1,Clear,28.17,0,14.4,26.38,139.32,126.08,0.0432,1.51,11,0.2588,-0.9659,1,1,0,0,0
2026-06-09 12:00:00,TX-DELTA-04,132.23,657.89,82.45,58.24,74.31,30.32,2.933,16.82,8.73,1.62,0.936,1,Clear,36.45,0,16.07,27.92,150.68,141.04,0.0963,0.519,12,0.0,-1.0,1,1,0,0,0
2026-06-09 13:00:00,TX-DELTA-04,131.42,702.83,88.26,55.76,71.69,31.13,2.817,23.84,30.82,0.24,0.914,2,Clear,36.96,0,15.93,24.63,159.98,146.22,0.0101,1.2928,13,-0.2588,-0.9659,0,1,0,0,0
2026-06-09 14:00:00,TX-DELTA-04,132.2,589.38,72.31,54.94,67.67,31.59,2.664,20.06,31.6,0.3,0.919,1,Rainy,23.38,0,12.73,23.35,134.95,124.02,0.015,1.5753,14,-0.5,-0.866,0,0,0,0,1
2026-06-09 15:00:00,TX-DELTA-04,134.94,563.27,69.8,57.1,66.99,32.71,2.547,18.7,11.95,0.3,0.86,1,Rainy,20.65,0,9.89,24.39,131.65,113.22,0.016,0.639,15,-0.7071,-0.7071,0,0,0,0,1
2026-06-09 16:00:00,TX-DELTA-04,131.57,456.21,58.58,59.16,67.7,32.33,1.958,39.85,10.3,0.22,0.963,0,Clear,11.42,0,8.54,26.83,103.96,100.11,0.0055,0.2585,16,-0.866,-0.5,0,1,0,0,0
2026-06-09 17:00:00,TX-DELTA-04,128.21,955.33,119.42,53.43,90.07,29.14,2.365,13.05,17.92,0.31,0.895,0,Overcast,48.37,1,36.64,24.29,212.15,189.87,0.0238,1.3732,17,-0.9659,-0.2588,0,0,0,1,0
2026-06-09 18:00:00,TX-DELTA-04,130.78,426.97,53.08,51.1,57.23,27.58,2.341,40.79,17.45,0.64,0.925,0,Overcast,3.84,0,6.13,23.52,96.72,89.47,0.0157,0.4278,18,-1.0,-0.0,1,0,0,1,0
2026-06-09 19:00:00,TX-DELTA-04,133.66,477.12,62.19,43.71,51.65,23.38,2.104,21.12,32.48,0.21,0.924,1,Clear,7.73,0,7.94,20.33,110.46,102.07,0.0099,1.5379,19,-0.9659,0.2588,1,1,0,0,0
2026-06-09 20:00:00,TX-DELTA-04,132.68,460.89,58.37,47.94,57.73,22.04,2.347,23.4,14.63,0.9,0.883,0,Overcast,6.96,0,9.79,25.9,105.92,93.53,0.0385,0.6252,20,-0.866,0.5,1,0,0,1,0
2026-06-09 21:00:00,TX-DELTA-04,132.95,543.94,69.36,41.19,51.48,18.0,2.381,24.35,18.89,0.67,0.918,1,Overcast,13.57,0,10.29,23.19,125.26,114.99,0.0275,0.7758,21,-0.7071,0.7071,1,0,0,1,0
2026-06-09 22:00:00,TX-DELTA-04,132.5,636.45,78.59,45.07,59.71,22.81,2.65,30.81,13.33,0.84,0.901,1,Heatwave,20.58,0,14.64,22.26,146.06,131.6,0.0273,0.4327,22,-0.5,0.866,0,0,1,0,0
2026-06-09 23:00:00,TX-DELTA-04,134.75,618.01,76.86,40.08,53.25,15.4,2.662,13.99,9.32,0.45,0.941,1,Rainy,19.64,0,13.17,24.68,144.24,135.73,0.0322,0.6662,23,-0.2588,0.9659,0,0,0,0,1
2026-06-10 00:00:00,TX-DELTA-04,129.24,591.78,74.2,39.33,51.15,14.29,2.597,29.69,10.35,5.24,0.882,1,Clear,17.69,0,11.82,25.04,132.47,116.84,0.1765,0.3486,0,0.0,1.0,0,1,0,0,0
2026-06-10 01:00:00,TX-DELTA-04,131.1,624.44,76.38,34.92,48.41,10.44,2.396,10.78,31.57,1.35,0.91,1,Clear,17.77,0,13.49,24.48,141.79,129.03,0.1252,2.9286,1,0.2588,0.9659,0,1,0,0,0
2026-06-10 02:00:00,TX-DELTA-04,131.37,577.29,72.27,35.62,48.33,14.07,2.337,51.43,8.11,1.22,0.912,1,Overcast,15.01,0,12.71,21.55,131.36,119.8,0.0237,0.1577,2,0.5,0.866,0,0,0,1,0
2026-06-10 03:00:00,TX-DELTA-04,133.41,534.28,67.65,32.53,44.43,12.55,2.113,10.76,11.72,1.21,0.909,1,Clear,10.98,0,11.9,19.98,123.46,112.23,0.1125,1.0892,3,0.7071,0.7071,0,1,0,0,0
2026-06-10 04:00:00,TX-DELTA-04,131.92,537.48,67.72,34.48,46.76,12.31,2.57,15.23,15.77,4.05,0.91,1,Clear,13.76,0,12.28,22.17,122.81,111.76,0.2659,1.0355,4,0.866,0.5,0,1,0,0,0
2026-06-10 05:00:00,TX-DELTA-04,130.83,457.13,58.48,38.14,46.83,13.57,2.643,19.68,22.11,0.37,0.948,0,Overcast,8.8,0,8.69,24.57,103.59,98.2,0.0188,1.1235,5,0.9659,0.2588,0,0,0,1,0
2026-06-10 06:00:00,TX-DELTA-04,132.87,374.01,48.3,38.47,45.6,18.5,2.191,14.37,17.3,0.8,0.919,0,Clear,1.15,0,7.13,19.97,86.07,79.1,0.0557,1.2039,6,1.0,0.0,0,1,0,0,0
2026-06-10 07:00:00,TX-DELTA-04,132.09,489.26,60.06,38.3,47.15,18.17,2.31,31.84,13.87,0.71,0.908,1,Clear,7.73,0,8.85,20.13,111.94,101.64,0.0223,0.4356,7,0.9659,-0.2588,0,1,0,0,0
2026-06-10 08:00:00,TX-DELTA-04,129.92,552.93,68.25,66.83,85.17,23.11,2.665,25.23,29.13,1.96,0.94,0,Clear,49.63,1,18.34,43.72,124.42,116.95,0.0777,1.1546,8,0.866,-0.5,0,1,0,0,0
2026-06-10 09:00:00,TX-DELTA-04,133.88,558.13,67.31,45.26,55.54,24.43,2.375,15.26,12.66,0.79,0.926,1,Overcast,12.34,0,10.28,20.83,129.42,119.84,0.0518,0.8296,9,0.7071,-0.7071,1,0,0,1,0
2026-06-10 10:00:00,TX-DELTA-04,130.49,539.72,69.23,46.79,55.47,26.05,2.373,36.43,15.51,0.48,0.869,1,Rainy,13.46,0,8.68,20.74,121.98,106.0,0.0132,0.4257,10,0.5,-0.866,1,0,0,0,1
2026-06-10 11:00:00,TX-DELTA-04,132.07,592.32,74.91,57.83,71.15,31.23,2.605,12.25,23.47,0.78,0.874,1,Overcast,27.46,0,13.32,26.6,135.49,118.42,0.0637,1.9159,11,0.2588,-0.9659,1,0,0,1,0
2026-06-10 12:00:00,TX-DELTA-04,132.06,725.76,89.73,56.95,74.03,31.08,2.611,13.02,18.91,1.15,0.92,2,Clear,38.54,0,17.08,25.87,166.01,152.73,0.0883,1.4524,12,0.0,-1.0,1,1,0,0,0
2026-06-10 13:00:00,TX-DELTA-04,133.56,631.13,78.08,59.04,72.98,30.66,2.741,12.36,14.88,1.05,0.99,1,Rainy,31.64,0,13.94,28.38,146.0,144.54,0.085,1.2039,13,-0.2588,-0.9659,0,0,0,0,1
2026-06-10 14:00:00,TX-DELTA-04,131.58,620.33,77.35,57.49,71.48,32.48,2.52,18.85,22.27,1.05,0.923,1,Clear,28.64,0,13.99,25.01,141.38,130.49,0.0557,1.1814,14,-0.5,-0.866,0,1,0,0,0
2026-06-10 15:00:00,TX-DELTA-04,129.72,526.39,65.13,56.87,67.45,33.0,2.404,30.8,15.0,0.33,0.904,1,Clear,17.46,0,10.58,23.87,118.27,106.92,0.0107,0.487,15,-0.7071,-0.7071,0,1,0,0,0
2026-06-10 16:00:00,TX-DELTA-04,131.78,477.22,59.74,57.22,67.15,30.89,2.077,42.56,8.0,1.13,0.919,0,Clear,12.1,0,9.93,26.33,108.93,100.11,0.0266,0.188,16,-0.866,-0.5,0,1,0,0,0
2026-06-10 17:00:00,TX-DELTA-04,132.98,457.31,56.59,53.43,61.72,28.01,2.367,24.53,21.11,0.86,0.9,0,Overcast,7.48,0,8.29,25.42,105.33,94.8,0.0351,0.8606,17,-0.9659,-0.2588,0,0,0,1,0
2026-06-10 18:00:00,TX-DELTA-04,133.74,477.5,58.36,50.95,60.74,27.2,2.35,60.86,15.27,1.43,0.875,0,Overcast,7.6,0,9.79,23.75,110.61,96.78,0.0235,0.2509,18,-1.0,-0.0,1,0,0,1,0
2026-06-10 19:00:00,TX-DELTA-04,133.24,411.34,51.04,45.48,52.1,25.3,1.859,23.36,19.11,0.48,0.901,0,Rainy,0.61,0,6.62,20.18,94.93,85.53,0.0205,0.8181,19,-0.9659,0.2588,1,0,0,0,1
2026-06-10 20:00:00,TX-DELTA-04,133.52,438.49,53.24,40.07,46.29,20.54,2.018,19.19,21.92,1.28,0.881,0,Clear,2.0,0,6.22,19.53,101.41,89.34,0.0667,1.1423,20,-0.866,0.5,1,1,0,0,0
2026-06-10 21:00:00,TX-DELTA-04,131.32,558.97,67.05,65.53,85.66,21.15,2.467,69.25,22.67,0.88,0.942,0,Overcast,47.75,1,20.13,44.38,127.14,119.77,0.0127,0.3274,21,-0.7071,0.7071,1,0,0,1,0
2026-06-10 22:00:00,TX-DELTA-04,132.64,566.19,68.9,46.28,57.89,20.98,2.091,17.05,11.03,1.66,0.899,1,Rainy,11.57,0,11.61,25.3,130.08,116.94,0.0974,0.6469,22,-0.5,0.866,0,0,0,0,1
2026-06-10 23:00:00,TX-DELTA-04,132.96,584.25,73.53,42.51,55.36,18.08,2.535,64.93,9.62,1.38,0.9,1,Clear,16.94,0,12.85,24.43,134.55,121.1,0.0213,0.1482,23,-0.2588,0.9659,0,1,0,0,0
2026-06-11 00:00:00,TX-DELTA-04,133.1,700.65,88.54,36.25,53.65,13.15,2.622,19.21,15.03,0.94,0.895,2,Rainy,26.21,0,17.4,23.1,161.53,144.57,0.0489,0.7824,0,0.0,1.0,0,0,0,0,1
2026-06-11 01:00:00,TX-DELTA-04,131.94,607.82,76.03,36.67,49.43,9.71,2.611,25.47,38.54,0.49,0.917,1,Rainy,18.85,0,12.76,26.96,138.9,127.37,0.0192,1.5132,1,0.2588,0.9659,0,0,0,0,1
2026-06-11 02:00:00,TX-DELTA-04,130.9,592.01,74.27,38.18,49.94,11.69,2.501,16.47,10.12,0.52,0.93,1,Clear,17.17,0,11.76,26.49,134.22,124.82,0.0316,0.6145,2,0.5,0.866,0,1,0,0,0
2026-06-11 03:00:00,TX-DELTA-04,131.88,539.8,67.3,35.08,46.37,13.32,2.485,34.16,11.22,0.85,0.95,1,Clear,13.0,0,11.29,21.76,123.3,117.14,0.0249,0.3285,3,0.7071,0.7071,0,1,0,0,0
2026-06-11 04:00:00,TX-DELTA-04,131.94,486.73,57.77,39.19,48.5,12.78,2.22,46.93,16.21,0.32,0.943,0,Overcast,5.85,0,9.31,26.41,111.23,104.89,0.0068,0.3454,4,0.866,0.5,0,0,0,1,0
2026-06-11 05:00:00,TX-DELTA-04,130.19,504.42,62.79,32.92,40.92,14.68,2.243,12.12,42.79,0.31,0.912,1,Clear,8.92,0,8.0,18.24,113.74,103.73,0.0256,3.5305,5,0.9659,0.2588,0,1,0,0,0
2026-06-11 06:00:00,TX-DELTA-04,133.45,482.98,59.12,41.05,51.09,16.7,1.911,28.26,8.98,0.85,0.89,0,Overcast,5.32,0,10.04,24.35,111.64,99.36,0.0301,0.3178,6,1.0,0.0,0,0,0,1,0
2026-06-11 07:00:00,TX-DELTA-04,133.49,437.8,57.68,42.82,50.17,20.24,2.323,11.86,13.55,0.49,0.892,0,Clear,6.42,0,7.35,22.58,101.22,90.29,0.0413,1.1425,7,0.9659,-0.2588,0,1,0,0,0
2026-06-11 08:00:00,TX-DELTA-04,134.09,517.61,64.58,43.07,51.96,22.16,2.351,49.89,12.78,1.44,0.977,1,Clear,10.61,0,8.89,20.91,120.22,117.45,0.0289,0.2562,8,0.866,-0.5,0,1,0,0,0
2026-06-11 09:00:00,TX-DELTA-04,131.64,569.03,70.64,50.75,60.92,25.16,2.167,13.92,10.91,0.61,0.911,1,Clear,13.81,0,10.17,25.59,129.74,118.19,0.0438,0.7838,9,0.7071,-0.7071,1,1,0,0,0
2026-06-11 10:00:00,TX-DELTA-04,132.02,617.25,77.66,50.47,64.06,27.35,2.721,30.79,12.33,1.41,0.878,1,Clear,23.84,0,13.59,23.12,141.14,123.92,0.0458,0.4005,10,0.5,-0.866,1,1,0,0,0
2026-06-11 11:00:00,TX-DELTA-04,132.96,642.34,78.17,55.16,68.14,30.02,2.186,35.56,8.17,2.03,0.895,1,Clear,24.34,0,12.98,25.14,147.93,132.4,0.0571,0.2298,11,0.2588,-0.9659,1,1,0,0,0
2026-06-11 12:00:00,TX-DELTA-04,131.04,648.61,80.45,60.04,73.8,33.22,2.819,33.84,17.33,1.37,0.906,1,Clear,34.17,0,13.76,26.82,147.21,133.37,0.0405,0.5121,12,0.0,-1.0,1,1,0,0,0
2026-06-11 13:00:00,TX-DELTA-04,135.38,639.55,80.27,61.38,73.96,31.97,2.496,124.57,18.41,0.28,0.873,1,Clear,32.26,0,12.58,29.41,149.96,130.92,0.0022,0.1478,13,-0.2588,-0.9659,0,1,0,0,0
2026-06-11 14:00:00,TX-DELTA-04,132.64,533.84,66.69,53.54,65.0,31.46,2.237,41.63,21.03,0.52,0.96,1,Rainy,15.32,0,11.46,22.08,122.64,117.73,0.0125,0.5052,14,-0.5,-0.866,0,0,0,0,1
2026-06-11 15:00:00,TX-DELTA-04,131.03,594.67,73.05,52.59,64.58,30.61,2.855,15.61,31.25,0.87,0.923,1,Clear,22.4,0,11.99,21.98,134.96,124.57,0.0557,2.0019,15,-0.7071,-0.7071,0,1,0,0,0
2026-06-11 16:00:00,TX-DELTA-04,131.83,501.94,62.77,56.24,68.04,39.32,2.506,15.9,22.5,1.03,0.93,1,Heatwave,12.18,0,11.8,16.92,114.61,106.59,0.0648,1.4151,16,-0.866,-0.5,0,0,1,0,0
2026-06-11 17:00:00,TX-DELTA-04,130.88,413.8,52.02,55.11,62.85,35.44,2.388,19.2,20.48,1.35,0.88,0,Heatwave,3.51,0,7.74,19.67,93.8,82.54,0.0703,1.0667,17,-0.9659,-0.2588,0,0,1,0,0
2026-06-11 18:00:00,TX-DELTA-04,131.1,385.55,47.01,44.52,51.61,25.21,1.849,25.11,9.02,0.3,0.904,0,Overcast,0.0,0,7.09,19.31,87.55,79.15,0.0119,0.3592,18,-1.0,-0.0,1,0,0,1,0
2026-06-11 19:00:00,TX-DELTA-04,132.0,404.21,49.42,42.04,50.53,23.62,1.949,10.63,13.92,1.03,0.899,0,Overcast,0.0,0,8.49,18.42,92.41,83.08,0.0969,1.3095,19,-0.9659,0.2588,1,0,0,1,0
2026-06-11 20:00:00,TX-DELTA-04,131.5,464.36,58.45,50.75,60.21,31.52,2.124,18.99,18.99,0.8,0.943,0,Heatwave,5.67,0,9.46,19.23,105.76,99.73,0.0421,1.0,20,-0.866,0.5,1,0,1,0,0
2026-06-11 21:00:00,TX-DELTA-04,131.4,530.3,66.04,36.67,47.62,18.94,2.349,14.98,12.08,0.41,0.848,1,Clear,11.45,0,10.95,17.73,120.69,102.35,0.0274,0.8064,21,-0.7071,0.7071,1,1,0,0,0
2026-06-11 22:00:00,TX-DELTA-04,131.23,622.52,77.15,43.88,58.82,18.36,2.718,12.1,27.17,0.39,0.883,1,Rainy,20.14,0,14.94,25.52,141.5,124.94,0.0322,2.2455,22,-0.5,0.866,0,0,0,0,1
2026-06-11 23:00:00,TX-DELTA-04,131.45,599.23,75.45,43.82,57.65,22.2,2.714,12.06,11.04,1.27,0.946,1,Heatwave,19.13,0,13.83,21.62,136.43,129.06,0.1053,0.9154,23,-0.2588,0.9659,0,0,1,0,0
2026-06-12 00:00:00,TX-DELTA-04,129.77,661.68,80.05,42.6,56.32,14.46,2.577,18.51,10.9,0.65,0.949,1,Overcast,20.99,0,13.72,28.14,148.72,141.14,0.0351,0.5889,0,0.0,1.0,0,0,0,1,0
2026-06-12 01:00:00,TX-DELTA-04,131.52,685.45,83.05,40.21,54.13,13.64,2.461,27.79,18.63,0.38,0.888,1,Clear,22.04,0,13.92,26.57,156.15,138.66,0.0137,0.6704,1,0.2588,0.9659,0,1,0,0,0
2026-06-12 02:00:00,TX-DELTA-04,129.67,617.66,76.04,40.1,51.62,14.11,2.669,24.35,10.95,1.38,0.913,1,Rainy,19.21,0,11.52,25.99,138.72,126.65,0.0567,0.4497,2,0.5,0.866,0,0,0,0,1
2026-06-12 03:00:00,TX-DELTA-04,134.29,561.65,71.29,34.04,45.45,11.91,2.338,25.62,8.19,0.36,0.926,1,Overcast,14.44,0,11.41,22.13,130.64,120.97,0.0141,0.3197,3,0.7071,0.7071,0,0,0,1,0
2026-06-12 04:00:00,TX-DELTA-04,129.89,491.74,60.92,32.77,44.07,13.11,2.255,35.08,18.36,0.25,0.922,1,Clear,7.9,0,11.3,19.66,110.63,102.0,0.0071,0.5234,4,0.866,0.5,0,1,0,0,0
2026-06-12 05:00:00,TX-DELTA-04,131.04,498.95,61.33,35.34,45.43,16.1,2.549,14.4,22.39,1.94,0.939,1,Overcast,9.9,0,10.09,19.24,113.25,106.34,0.1347,1.5549,5,0.9659,0.2588,0,0,0,1,0
2026-06-12 06:00:00,TX-DELTA-04,131.05,436.71,53.96,37.35,44.09,15.88,2.342,52.44,10.91,4.24,0.944,0,Clear,4.36,0,6.74,21.47,99.13,93.58,0.0809,0.208,6,1.0,0.0,0,1,0,0,0
2026-06-12 07:00:00,TX-DELTA-04,132.72,415.9,53.49,39.85,46.56,18.95,2.313,23.26,10.6,1.2,0.879,0,Overcast,3.91,0,6.71,20.9,95.61,84.04,0.0516,0.4557,7,0.9659,-0.2588,0,0,0,1,0
2026-06-12 08:00:00,TX-DELTA-04,132.22,467.7,59.62,51.91,62.8,29.56,1.783,81.17,17.11,0.88,0.954,0,Heatwave,5.61,0,10.89,22.35,107.11,102.18,0.0108,0.2108,8,0.866,-0.5,0,0,1,0,0
2026-06-12 09:00:00,TX-DELTA-04,134.7,504.45,63.25,52.84,64.16,34.85,2.55,14.93,27.15,0.65,0.915,1,Heatwave,11.03,0,11.32,17.99,117.69,107.69,0.0435,1.8185,9,0.7071,-0.7071,1,0,1,0,0
2026-06-12 10:00:00,TX-DELTA-04,132.11,526.44,64.46,50.02,60.78,28.56,2.349,29.47,8.14,0.3,0.867,1,Rainy,11.18,0,10.76,21.46,120.46,104.44,0.0102,0.2762,10,0.5,-0.866,1,0,0,0,1
2026-06-12 11:00:00,TX-DELTA-04,133.39,610.89,77.2,59.44,71.84,31.94,2.199,13.49,43.49,2.54,0.968,1,Rainy,26.92,0,12.4,27.5,141.14,136.62,0.1883,3.2239,11,0.2588,-0.9659,1,0,0,0,1
2026-06-12 12:00:00,TX-DELTA-04,130.86,674.54,82.9,57.21,74.11,29.26,2.54,11.76,9.33,1.12,0.869,1,Overcast,34.19,0,16.9,27.95,152.89,132.86,0.0952,0.7934,12,0.0,-1.0,1,0,0,1,0
2026-06-12 13:00:00,TX-DELTA-04,133.18,596.59,73.21,54.86,65.26,31.33,2.426,72.01,8.95,0.49,0.899,1,Clear,20.48,0,10.4,23.53,137.62,123.72,0.0068,0.1243,13,-0.2588,-0.9659,0,1,0,0,0
2026-06-12 14:00:00,TX-DELTA-04,133.12,548.43,67.21,56.44,67.13,32.44,2.625,15.33,19.91,1.14,0.86,1,Clear,19.74,0,10.69,24.0,126.45,108.75,0.0744,1.2988,14,-0.5,-0.866,0,1,0,0,0
2026-06-12 15:00:00,TX-DELTA-04,131.17,513.8,65.04,51.38,63.08,31.81,2.369,196.51,168.95,41.78,0.935,1,Clear,38.55,1,11.7,19.57,116.73,109.14,0.2126,0.8598,15,-0.7071,-0.7071,0,1,0,0,0
2026-06-12 16:00:00,TX-DELTA-04,130.99,452.55,56.69,50.88,59.56,31.46,2.356,11.24,10.82,0.5,0.971,0,Clear,6.04,0,8.68,19.42,102.68,99.7,0.0445,0.9626,16,-0.866,-0.5,0,1,0,0,0
2026-06-12 17:00:00,TX-DELTA-04,133.28,476.02,58.09,54.09,63.14,29.08,2.311,12.82,13.11,3.01,0.908,0,Clear,9.2,0,9.05,25.01,109.89,99.78,0.2348,1.0226,17,-0.9659,-0.2588,0,1,0,0,0
2026-06-12 18:00:00,TX-DELTA-04,128.67,481.57,60.39,42.01,51.54,24.58,2.35,12.53,28.77,0.44,0.948,1,Rainy,8.16,0,9.53,17.43,107.32,101.74,0.0351,2.2961,18,-1.0,-0.0,1,0,0,0,1
2026-06-12 19:00:00,TX-DELTA-04,131.85,434.42,55.84,46.66,55.14,22.93,2.261,11.19,39.9,0.6,0.931,0,Clear,4.97,0,8.48,23.73,99.21,92.36,0.0536,3.5657,19,-0.9659,0.2588,1,1,0,0,0
2026-06-12 20:00:00,TX-DELTA-04,133.52,498.09,64.86,43.5,52.91,23.19,2.224,21.94,36.39,2.15,0.885,1,Clear,10.01,0,9.41,20.31,115.19,101.94,0.098,1.6586,20,-0.866,0.5,1,1,0,0,0
2026-06-12 21:00:00,TX-DELTA-04,131.67,504.79,64.1,41.89,49.89,18.43,2.463,28.39,29.02,0.54,0.968,1,Clear,11.0,0,8.0,23.46,115.12,111.44,0.019,1.0222,21,-0.7071,0.7071,1,1,0,0,0
2026-06-12 22:00:00,TX-DELTA-04,131.8,542.04,69.26,38.53,49.92,16.88,2.358,12.79,8.01,1.83,0.942,1,Clear,13.38,0,11.39,21.65,123.74,116.56,0.1431,0.6263,22,-0.5,0.866,0,1,0,0,0
2026-06-12 23:00:00,TX-DELTA-04,128.21,669.12,84.68,51.27,66.26,24.23,2.528,32.12,37.79,1.72,0.911,1,Heatwave,23.62,0,14.99,27.04,148.59,135.37,0.0535,1.1765,23,-0.2588,0.9659,0,0,1,0,0
2026-06-13 00:00:00,TX-DELTA-04,134.03,674.07,83.31,43.41,58.67,14.6,2.646,18.57,15.2,0.61,0.914,1,Clear,23.31,0,15.26,28.81,156.48,143.02,0.0328,0.8185,0,0.0,1.0,0,1,0,0,0
2026-06-13 01:00:00,TX-DELTA-04,133.19,635.65,78.21,34.95,48.11,8.75,2.529,15.24,11.64,1.01,0.899,1,Overcast,19.63,0,13.16,26.2,146.64,131.83,0.0663,0.7638,1,0.2588,0.9659,0,0,0,1,0
2026-06-13 02:00:00,TX-DELTA-04,133.35,636.24,80.1,40.06,54.45,11.28,2.922,27.34,37.54,0.82,0.917,1,Clear,23.09,0,14.39,28.78,146.95,134.75,0.03,1.3731,2,0.5,0.866,0,1,0,0,0
2026-06-13 03:00:00,TX-DELTA-04,130.16,517.56,64.93,33.26,45.58,13.52,2.273,19.55,9.86,0.77,0.918,1,Clear,10.35,0,12.32,19.74,116.68,107.11,0.0394,0.5043,3,0.7071,0.7071,0,1,0,0,0
2026-06-13 04:00:00,TX-DELTA-04,131.04,547.73,67.9,37.53,48.06,14.33,2.548,30.17,26.23,0.61,0.925,1,Overcast,13.73,0,10.53,23.2,124.32,115.0,0.0202,0.8694,4,0.866,0.5,0,0,0,1,0
2026-06-13 05:00:00,TX-DELTA-04,130.95,442.46,54.95,38.85,46.36,15.23,2.292,38.4,10.6,0.63,0.954,0,Overcast,4.64,0,7.51,23.62,100.36,95.74,0.0164,0.276,5,0.9659,0.2588,0,0,0,1,0
2026-06-13 06:00:00,TX-DELTA-04,132.99,491.2,59.91,39.45,47.62,15.07,2.702,12.78,12.74,0.49,0.903,0,Clear,9.99,0,8.17,24.38,113.15,102.17,0.0383,0.9969,6,1.0,0.0,0,1,0,0,0
2026-06-13 07:00:00,TX-DELTA-04,131.78,502.38,62.64,38.29,49.14,19.92,2.542,29.58,20.65,0.28,0.981,1,Overcast,10.62,0,10.85,18.37,114.67,112.49,0.0095,0.6981,7,0.9659,-0.2588,0,0,0,1,0
2026-06-13 08:00:00,TX-DELTA-04,132.8,566.42,69.15,44.5,56.78,22.19,2.591,12.0,20.73,0.48,0.926,1,Clear,14.72,0,12.28,22.31,130.29,120.65,0.04,1.7275,8,0.866,-0.5,0,1,0,0,0
2026-06-13 09:00:00,TX-DELTA-04,132.48,565.19,71.63,46.23,58.94,23.21,2.434,33.23,8.92,0.62,0.941,1,Overcast,15.22,0,12.71,23.02,129.69,122.04,0.0187,0.2684,9,0.7071,-0.7071,1,0,0,1,0
2026-06-13 10:00:00,TX-DELTA-04,132.48,564.3,70.45,53.47,65.91,29.04,2.575,44.37,8.85,0.49,0.917,1,Clear,20.31,0,12.44,24.43,129.49,118.74,0.011,0.1995,10,0.5,-0.866,1,1,0,0,0
2026-06-13 11:00:00,TX-DELTA-04,131.95,606.62,73.18,53.9,67.19,29.05,2.573,12.11,27.16,0.3,0.905,1,Clear,22.96,0,13.29,24.85,138.64,125.47,0.0248,2.2428,11,0.2588,-0.9659,1,1,0,0,0
2026-06-13 12:00:00,TX-DELTA-04,129.95,677.32,82.9,58.69,73.16,28.64,2.468,38.2,13.86,0.81,0.931,1,Clear,32.97,0,14.47,30.05,152.45,141.93,0.0212,0.3628,12,0.0,-1.0,1,1,0,0,0
2026-06-13 13:00:00,TX-DELTA-04,130.95,557.78,70.88,54.42,66.37,31.39,2.462,23.36,26.58,0.24,0.915,1,Rainy,20.26,0,11.95,23.03,126.51,115.76,0.0103,1.1378,13,-0.2588,-0.9659,0,0,0,0,1
2026-06-13 14:00:00,TX-DELTA-04,133.42,581.85,75.64,57.21,71.23,30.58,2.357,31.61,23.7,1.57,0.967,1,Clear,26.46,0,14.02,26.63,134.46,130.02,0.0497,0.7498,14,-0.5,-0.866,0,1,0,0,0
2026-06-13 15:00:00,TX-DELTA-04,133.82,530.65,66.8,52.5,62.54,31.82,2.355,38.05,31.95,1.33,0.931,1,Clear,14.05,0,10.04,20.68,123.0,114.51,0.035,0.8397,15,-0.7071,-0.7071,0,1,0,0,0
2026-06-13 16:00:00,TX-DELTA-04,134.6,464.17,57.87,53.28,61.66,29.96,2.392,51.92,65.07,0.8,0.912,0,Overcast,8.33,0,8.38,23.32,108.21,98.69,0.0154,1.2533,16,-0.866,-0.5,0,0,0,1,0
2026-06-13 17:00:00,TX-DELTA-04,131.5,446.26,54.0,49.33,56.35,28.49,2.247,14.86,11.0,0.58,0.937,0,Overcast,3.81,0,7.02,20.84,101.64,95.24,0.039,0.7402,17,-0.9659,-0.2588,0,0,0,1,0
2026-06-13 18:00:00,TX-DELTA-04,130.95,419.47,53.0,48.43,56.6,26.54,2.291,22.81,9.13,1.97,0.898,0,Clear,3.49,0,8.17,21.89,95.14,85.44,0.0864,0.4003,18,-1.0,-0.0,1,1,0,0,0
2026-06-13 19:00:00,TX-DELTA-04,129.05,473.49,58.63,45.53,54.91,25.57,2.223,30.43,11.31,0.9,0.972,0,Clear,6.38,0,9.38,19.96,105.84,102.88,0.0296,0.3717,19,-0.9659,0.2588,1,1,0,0,0
2026-06-13 20:00:00,TX-DELTA-04,129.85,485.18,60.22,40.44,47.52,22.88,2.398,24.93,8.85,0.33,0.922,1,Clear,8.35,0,7.08,17.56,109.12,100.61,0.0132,0.355,20,-0.866,0.5,1,1,0,0,0
2026-06-13 21:00:00,TX-DELTA-04,134.12,585.88,73.9,43.06,58.23,18.21,2.559,31.45,19.22,0.96,0.974,1,Rainy,17.3,0,15.17,24.85,136.1,132.56,0.0305,0.6111,21,-0.7071,0.7071,1,0,0,0,1
2026-06-13 22:00:00,TX-DELTA-04,131.64,522.76,66.21,39.6,51.9,18.41,2.412,10.29,15.49,2.05,0.955,1,Clear,11.93,0,12.3,21.19,119.19,113.83,0.1992,1.5053,22,-0.5,0.866,0,1,0,0,0
2026-06-13 23:00:00,TX-DELTA-04,129.12,586.57,76.05,44.0,56.53,17.03,2.661,17.56,20.81,1.61,0.885,1,Overcast,19.16,0,12.53,26.97,131.18,116.09,0.0917,1.1851,23,-0.2588,0.9659,0,0,0,1,0
2026-06-14 00:00:00,TX-DELTA-04,132.67,626.16,78.7,37.95,53.2,12.3,2.804,25.49,25.64,0.56,0.922,1,Clear,21.57,0,15.25,25.65,143.89,132.67,0.022,1.0059,0,0.0,1.0,0,1,0,0,0
2026-06-14 01:00:00,TX-DELTA-04,133.23,609.37,75.84,38.69,51.52,12.01,2.499,63.1,17.57,0.36,0.905,1,Clear,18.07,0,12.83,26.68,140.62,127.26,0.0057,0.2784,1,0.2588,0.9659,0,1,0,0,0
2026-06-14 02:00:00,TX-DELTA-04,132.17,579.87,75.59,37.8,51.18,11.67,2.547,24.04,26.23,0.68,0.877,1,Clear,18.21,0,13.38,26.13,132.75,116.42,0.0283,1.0911,2,0.5,0.866,0,1,0,0,0
2026-06-14 03:00:00,TX-DELTA-04,127.0,567.46,69.33,35.47,46.66,13.29,2.529,34.19,23.08,1.45,0.889,1,Overcast,14.45,0,11.19,22.18,124.82,110.96,0.0424,0.6751,3,0.7071,0.7071,0,0,0,1,0
2026-06-14 04:00:00,TX-DELTA-04,133.39,500.47,63.66,36.2,47.24,14.89,2.114,15.44,24.12,0.7,0.937,1,Clear,8.65,0,11.04,21.31,115.63,108.35,0.0453,1.5622,4,0.866,0.5,0,1,0,0,0
2026-06-14 05:00:00,TX-DELTA-04,132.29,434.28,55.16,36.42,43.59,14.5,2.29,14.75,11.17,0.61,0.918,0,Clear,4.75,0,7.17,21.92,99.51,91.35,0.0414,0.7573,5,0.9659,0.2588,0,1,0,0,0
2026-06-14 06:00:00,TX-DELTA-04,132.33,480.63,60.92,37.24,47.49,17.86,2.107,29.69,11.0,2.07,0.942,1,Overcast,7.02,0,10.25,19.38,110.16,103.77,0.0697,0.3705,6,1.0,0.0,0,0,0,1,0
2026-06-14 07:00:00,TX-DELTA-04,129.41,440.95,54.09,41.46,48.89,18.88,2.622,10.07,20.59,0.64,0.85,0,Clear,6.12,0,7.43,22.58,98.84,84.01,0.0636,2.0447,7,0.9659,-0.2588,0,1,0,0,0
2026-06-14 08:00:00,TX-DELTA-04,131.84,474.69,58.46,44.44,53.08,21.17,1.979,16.93,27.55,0.51,0.925,0,Overcast,4.93,0,8.64,23.27,108.4,100.27,0.0301,1.6273,8,0.866,-0.5,0,0,0,1,0
2026-06-14 09:00:00,TX-DELTA-04,130.55,547.34,66.24,52.92,65.16,34.26,2.447,12.95,15.92,2.11,0.936,1,Heatwave,12.15,0,12.24,18.66,123.76,115.84,0.1629,1.2293,9,0.7071,-0.7071,1,0,1,0,0
2026-06-14 10:00:00,TX-DELTA-04,131.49,592.06,73.35,49.21,62.21,26.07,2.373,11.88,11.29,0.37,0.917,1,Rainy,17.7,0,13.0,23.14,134.84,123.65,0.0311,0.9503,10,0.5,-0.866,1,0,0,0,1
2026-06-14 11:00:00,TX-DELTA-04,134.07,630.1,78.4,53.83,68.68,28.23,3.075,14.3,12.85,2.9,0.938,1,Rainy,30.25,0,14.85,25.6,146.32,137.25,0.2028,0.8986,11,0.2588,-0.9659,1,0,0,0,1
2026-06-14 12:00:00,TX-DELTA-04,132.97,646.36,80.85,56.86,71.85,29.46,2.339,37.85,38.41,0.73,0.952,1,Clear,29.91,0,14.99,27.4,148.86,141.71,0.0193,1.0148,12,0.0,-1.0,1,1,0,0,0
2026-06-14 13:00:00,TX-DELTA-04,131.6,591.13,74.51,58.48,73.4,30.63,2.47,10.86,23.15,0.28,0.896,1,Clear,28.28,0,14.92,27.85,134.74,120.73,0.0258,2.1317,13,-0.2588,-0.9659,0,1,0,0,0
2026-06-14 14:00:00,TX-DELTA-04,133.06,625.36,75.69,55.63,67.61,32.25,2.508,27.55,9.67,0.37,0.946,1,Overcast,24.38,0,11.98,23.38,144.12,136.34,0.0134,0.351,14,-0.5,-0.866,0,0,0,1,0
2026-06-14 15:00:00,TX-DELTA-04,134.41,590.09,74.86,58.1,72.17,30.28,2.48,21.75,16.6,0.25,0.922,1,Rainy,27.52,0,14.07,27.82,137.38,126.66,0.0115,0.7632,15,-0.7071,-0.7071,0,0,0,0,1
2026-06-14 16:00:00,TX-DELTA-04,131.36,500.87,63.88,50.51,58.62,31.47,2.568,22.34,14.93,0.47,0.898,1,Rainy,11.51,0,8.11,19.04,113.96,102.34,0.021,0.6683,16,-0.866,-0.5,0,0,0,0,1
2026-06-14 17:00:00,TX-DELTA-04,132.09,493.34,61.98,47.98,57.61,29.42,2.076,11.26,25.47,0.9,0.937,1,Rainy,7.44,0,9.63,18.56,112.87,105.76,0.0799,2.262,17,-0.9659,-0.2588,0,0,0,0,1
2026-06-14 18:00:00,TX-DELTA-04,131.99,446.01,55.36,49.96,58.79,27.97,2.009,37.24,26.4,0.46,0.943,0,Clear,3.18,0,8.83,21.99,101.96,96.15,0.0124,0.7089,18,-1.0,-0.0,1,1,0,0,0
2026-06-14 19:00:00,TX-DELTA-04,133.01,422.57,56.54,46.86,53.49,23.06,2.238,26.32,27.15,0.51,0.96,0,Clear,5.24,0,6.63,23.8,97.35,93.46,0.0194,1.0315,19,-0.9659,0.2588,1,1,0,0,0
2026-06-14 20:00:00,TX-DELTA-04,132.23,489.98,60.21,42.62,51.67,22.81,2.401,22.37,14.45,0.26,0.944,1,Overcast,8.36,0,9.05,19.81,112.22,105.94,0.0116,0.646,20,-0.866,0.5,1,0,0,1,0
2026-06-14 21:00:00,TX-DELTA-04,132.06,536.57,67.89,41.63,52.61,19.56,2.611,31.32,8.8,0.63,0.916,1,Clear,14.1,0,10.98,22.07,122.73,112.42,0.0201,0.281,21,-0.7071,0.7071,1,1,0,0,0
2026-06-14 22:00:00,TX-DELTA-04,132.3,584.62,73.0,41.11,54.07,16.44,3.042,17.82,28.45,0.36,0.924,1,Rainy,19.67,0,12.96,24.67,133.97,123.79,0.0202,1.5965,22,-0.5,0.866,0,0,0,0,1
2026-06-14 23:00:00,TX-DELTA-04,133.37,670.57,83.11,41.43,55.99,13.85,2.846,10.64,10.74,0.38,0.944,1,Overcast,24.39,0,14.56,27.58,154.9,146.23,0.0357,1.0094,23,-0.2588,0.9659,0,0,0,1,0
2026-06-15 00:00:00,TX-DELTA-04,131.54,614.87,78.89,41.82,53.5,14.41,2.709,40.26,12.46,0.27,0.946,1,Overcast,21.11,0,11.68,27.41,140.09,132.53,0.0067,0.3095,0,0.0,1.0,0,0,0,1,0
2026-06-15 01:00:00,TX-DELTA-04,133.06,614.5,76.62,36.97,48.3,12.43,2.413,30.0,20.32,1.34,0.89,1,Rainy,18.0,0,11.33,24.54,141.62,126.04,0.0447,0.6773,1,0.2588,0.9659,0,0,0,0,1
2026-06-15 02:00:00,TX-DELTA-04,133.05,579.39,73.59,37.28,51.27,12.34,2.5,49.93,23.81,1.4,0.96,1,Clear,16.76,0,13.99,24.94,133.52,128.18,0.028,0.4769,2,0.5,0.866,0,1,0,0,0
2026-06-15 03:00:00,TX-DELTA-04,131.81,565.29,71.22,33.65,45.54,9.93,2.221,23.22,11.29,0.91,0.876,1,Clear,13.7,0,11.89,23.72,129.06,113.06,0.0392,0.4862,3,0.7071,0.7071,0,1,0,0,0
2026-06-15 04:00:00,TX-DELTA-04,129.28,460.35,58.51,39.64,49.21,16.36,2.322,26.73,13.41,2.74,0.897,0,Clear,6.9,0,9.57,23.28,103.08,92.46,0.1025,0.5017,4,0.866,0.5,0,1,0,0,0
2026-06-15 05:00:00,TX-DELTA-04,131.95,459.18,56.97,40.5,47.72,15.49,2.143,13.52,20.84,0.77,0.906,0,Clear,4.92,0,7.22,25.01,104.94,95.08,0.057,1.5414,5,0.9659,0.2588,0,1,0,0,0
2026-06-15 06:00:00,TX-DELTA-04,131.63,479.86,59.17,41.4,51.8,16.6,2.071,15.26,11.72,0.88,0.925,0,Clear,5.78,0,10.4,24.8,109.4,101.2,0.0577,0.768,6,1.0,0.0,0,1,0,0,0
2026-06-15 07:00:00,TX-DELTA-04,132.42,428.15,50.76,42.25,48.39,18.7,2.157,20.26,40.05,2.02,0.908,0,Clear,1.38,0,6.14,23.55,98.2,89.17,0.0997,1.9768,7,0.9659,-0.2588,0,1,0,0,0
2026-06-15 08:00:00,TX-DELTA-04,132.01,523.45,66.36,42.37,53.52,20.76,1.979,15.22,11.88,1.83,0.919,1,Clear,9.55,0,11.15,21.61,119.69,110.0,0.1202,0.7806,8,0.866,-0.5,0,1,0,0,0
2026-06-15 09:00:00,TX-DELTA-04,131.2,572.31,69.43,48.16,60.39,24.75,2.434,13.44,15.42,0.69,0.895,1,Rainy,14.26,0,12.23,23.41,130.05,116.39,0.0513,1.1473,9,0.7071,-0.7071,1,0,0,0,1
2026-06-15 10:00:00,TX-DELTA-04,131.69,625.76,78.96,54.71,68.64,26.19,2.725,25.01,17.3,0.33,0.955,1,Clear,28.44,0,13.93,28.52,142.73,136.31,0.0132,0.6917,10,0.5,-0.866,1,1,0,0,0
2026-06-15 11:00:00,TX-DELTA-04,132.05,645.66,80.23,55.5,69.7,28.9,2.418,10.33,15.07,3.77,0.898,1,Overcast,28.22,0,14.2,26.6,147.67,132.61,0.365,1.4589,11,0.2588,-0.9659,1,0,0,1,0
2026-06-15 12:00:00,TX-DELTA-04,132.87,603.72,75.86,54.26,67.8,30.57,3.084,36.6,11.16,0.58,0.915,1,Clear,28.08,0,13.54,23.69,138.94,127.13,0.0158,0.3049,12,0.0,-1.0,1,1,0,0,0
2026-06-15 13:00:00,TX-DELTA-04,133.52,627.42,78.0,57.9,73.13,31.19,2.597,27.8,61.03,0.77,0.873,1,Clear,30.86,0,15.23,26.71,145.1,126.67,0.0277,2.1953,13,-0.2588,-0.9659,0,1,0,0,0
2026-06-15 14:00:00,TX-DELTA-04,130.31,581.02,73.48,57.91,69.54,33.29,2.807,13.34,17.45,3.11,0.899,1,Clear,26.5,0,11.63,24.62,131.14,117.89,0.2331,1.3081,14,-0.5,-0.866,0,1,0,0,0
2026-06-15 15:00:00,TX-DELTA-04,131.75,569.48,70.91,57.31,68.97,32.54,2.521,49.23,47.82,0.33,0.907,1,Clear,22.8,0,11.66,24.77,129.95,117.86,0.0067,0.9714,15,-0.7071,-0.7071,0,1,0,0,0
2026-06-15 16:00:00,TX-DELTA-04,131.99,445.46,55.4,54.16,61.37,30.31,1.994,11.54,20.41,0.36,0.975,0,Rainy,4.29,0,7.21,23.85,101.84,99.29,0.0312,1.7686,16,-0.866,-0.5,0,0,0,0,1
2026-06-15 17:00:00,TX-DELTA-04,130.94,392.24,49.24,52.86,60.13,37.93,2.225,17.15,26.33,1.34,0.885,0,Heatwave,1.35,0,7.27,14.93,88.96,78.73,0.0781,1.5353,17,-0.9659,-0.2588,0,0,1,0,0
2026-06-15 18:00:00,TX-DELTA-04,132.05,495.56,60.29,44.05,52.62,26.5,2.205,13.06,8.78,1.95,0.891,1,Overcast,7.23,0,8.57,17.55,113.34,100.99,0.1493,0.6723,18,-1.0,-0.0,1,0,0,1,0
2026-06-15 19:00:00,TX-DELTA-04,132.02,475.41,58.26,48.35,56.57,24.15,2.216,14.04,11.71,4.34,0.914,0,Clear,6.11,0,8.22,24.2,108.71,99.36,0.3091,0.834,19,-0.9659,0.2588,1,1,0,0,0
2026-06-15 20:00:00,TX-DELTA-04,133.42,500.71,62.94,42.39,53.15,22.98,2.013,16.86,21.41,0.42,0.887,1,Clear,7.63,0,10.76,19.41,115.71,102.63,0.0249,1.2699,20,-0.866,0.5,1,1,0,0,0
2026-06-15 21:00:00,TX-DELTA-04,130.37,493.76,60.75,42.59,51.21,22.06,2.691,12.57,17.14,0.34,0.935,1,Clear,10.42,0,8.62,20.53,111.49,104.24,0.027,1.3636,21,-0.7071,0.7071,1,1,0,0,0
2026-06-15 22:00:00,TX-DELTA-04,131.2,619.51,76.21,41.32,53.06,15.97,2.765,17.32,12.38,0.92,0.965,1,Overcast,19.88,0,11.74,25.35,140.78,135.85,0.0531,0.7148,22,-0.5,0.866,0,0,0,1,0
2026-06-15 23:00:00,TX-DELTA-04,130.44,627.48,79.32,37.08,52.81,13.6,2.636,13.15,43.13,0.54,0.931,1,Overcast,20.92,0,15.73,23.48,141.77,131.99,0.0411,3.2798,23,-0.2588,0.9659,0,0,0,1,0
2026-06-16 00:00:00,TX-DELTA-04,132.76,681.77,84.81,43.08,59.92,12.77,2.877,68.26,14.77,0.26,0.935,1,Clear,25.57,0,16.84,30.31,156.77,146.58,0.0038,0.2164,0,0.0,1.0,0,1,0,0,0
2026-06-16 01:00:00,TX-DELTA-04,133.66,562.28,71.71,38.98,51.3,13.18,2.559,15.83,12.26,0.49,0.911,1,Rainy,16.02,0,12.32,25.8,130.17,118.58,0.031,0.7745,1,0.2588,0.9659,0,0,0,0,1
2026-06-16 02:00:00,TX-DELTA-04,131.85,523.96,66.91,37.05,48.28,13.12,2.293,15.33,9.74,0.64,0.946,1,Clear,11.62,0,11.23,23.93,119.66,113.2,0.0417,0.6354,2,0.5,0.866,0,1,0,0,0
2026-06-16 03:00:00,TX-DELTA-04,131.59,542.31,66.02,37.61,49.37,13.55,2.211,27.26,19.58,0.97,0.935,1,Clear,10.61,0,11.76,24.06,123.6,115.57,0.0356,0.7183,3,0.7071,0.7071,0,1,0,0,0
2026-06-16 04:00:00,TX-DELTA-04,132.39,505.82,64.44,33.17,45.13,12.95,2.207,15.53,10.82,0.59,0.955,1,Overcast,9.67,0,11.96,20.22,115.99,110.77,0.038,0.6967,4,0.866,0.5,0,0,0,1,0
2026-06-16 05:00:00,TX-DELTA-04,132.66,456.43,56.81,38.28,48.5,15.18,2.757,22.84,24.41,3.04,0.896,0,Clear,8.51,0,10.22,23.1,104.88,93.97,0.1331,1.0687,5,0.9659,0.2588,0,1,0,0,0
2026-06-16 06:00:00,TX-DELTA-04,132.27,401.23,51.77,37.59,45.71,15.54,2.315,10.32,14.05,1.97,0.875,0,Clear,2.92,0,8.12,22.05,91.92,80.43,0.1909,1.3614,6,1.0,0.0,0,1,0,0,0
2026-06-16 07:00:00,TX-DELTA-04,131.62,422.56,53.44,40.59,46.2,18.4,2.466,14.97,11.86,1.48,0.919,0,Clear,4.8,0,5.61,22.19,96.33,88.53,0.0989,0.7923,7,0.9659,-0.2588,0,1,0,0,0
2026-06-16 08:00:00,TX-DELTA-04,133.04,550.04,67.51,46.77,57.73,22.38,2.024,20.46,19.31,0.36,0.916,1,Clear,10.36,0,10.96,24.39,126.75,116.1,0.0176,0.9438,8,0.866,-0.5,0,1,0,0,0
2026-06-16 09:00:00,TX-DELTA-04,129.89,556.81,70.0,47.79,58.25,22.96,2.593,78.46,17.16,0.47,0.919,1,Clear,15.22,0,10.46,24.83,125.27,115.12,0.006,0.2187,9,0.7071,-0.7071,1,1,0,0,0
2026-06-16 10:00:00,TX-DELTA-04,132.02,620.34,77.46,51.45,63.92,26.33,2.705,16.61,11.67,0.96,0.958,1,Clear,23.52,0,12.47,25.12,141.85,135.89,0.0578,0.7026,10,0.5,-0.866,1,1,0,0,0
2026-06-16 11:00:00,TX-DELTA-04,129.09,572.49,72.98,51.13,63.12,28.57,2.903,10.86,38.09,3.34,0.939,1,Overcast,21.43,0,11.99,22.56,128.0,120.19,0.3076,3.5074,11,0.2588,-0.9659,1,0,0,1,0
2026-06-16 12:00:00,TX-DELTA-04,131.87,614.82,77.86,55.17,68.24,28.35,2.494,32.19,11.53,0.37,0.949,1,Clear,26.08,0,13.07,26.82,140.43,133.27,0.0115,0.3582,12,0.0,-1.0,1,1,0,0,0
2026-06-16 13:00:00,TX-DELTA-04,133.31,632.82,82.08,58.63,73.65,32.02,2.594,11.21,8.72,0.73,0.913,1,Clear,33.65,0,15.02,26.61,146.12,133.41,0.0651,0.7779,13,-0.2588,-0.9659,0,1,0,0,0
2026-06-16 14:00:00,TX-DELTA-04,130.16,603.91,76.06,55.9,68.33,29.29,2.469,15.59,16.53,0.25,0.835,1,Rainy,24.96,0,12.43,26.61,136.15,113.69,0.016,1.0603,14,-0.5,-0.866,0,0,0,0,1
2026-06-16 15:00:00,TX-DELTA-04,131.43,543.94,67.78,54.35,66.6,30.8,2.588,11.38,23.57,0.32,0.946,1,Rainy,19.4,0,12.25,23.55,123.82,117.13,0.0281,2.0712,15,-0.7071,-0.7071,0,0,0,0,1
2026-06-16 16:00:00,TX-DELTA-04,131.93,481.3,61.26,71.99,90.18,31.28,2.134,12.69,30.5,0.31,0.925,0,Overcast,42.53,1,18.19,40.71,109.98,101.73,0.0244,2.4035,16,-0.866,-0.5,0,0,0,1,0
2026-06-16 17:00:00,TX-DELTA-04,132.35,410.97,50.96,48.18,55.8,26.37,2.078,24.39,19.1,2.15,0.894,0,Overcast,1.03,0,7.62,21.81,94.21,84.22,0.0882,0.7831,17,-0.9659,-0.2588,0,0,0,1,0
2026-06-16 18:00:00,TX-DELTA-04,130.3,404.72,49.13,46.73,53.11,25.53,1.835,13.68,35.45,0.49,0.869,0,Clear,0.0,0,6.38,21.2,91.34,79.37,0.0358,2.5914,18,-1.0,-0.0,1,1,0,0,0
2026-06-16 19:00:00,TX-DELTA-04,131.71,420.01,51.56,45.94,53.29,23.64,2.755,14.77,8.9,0.73,0.905,0,Clear,5.44,0,7.35,22.3,95.82,86.72,0.0494,0.6026,19,-0.9659,0.2588,1,1,0,0,0
2026-06-16 20:00:00,TX-DELTA-04,130.88,500.54,62.5,41.59,52.14,21.8,2.52,11.42,39.8,0.71,0.889,1,Clear,10.41,0,10.55,19.79,113.47,100.87,0.0622,3.4851,20,-0.866,0.5,1,1,0,0,0
2026-06-16 21:00:00,TX-DELTA-04,132.45,513.99,66.79,44.02,53.81,20.56,2.553,12.54,11.14,0.74,0.929,1,Clear,13.11,0,9.79,23.46,117.91,109.54,0.059,0.8884,21,-0.7071,0.7071,1,1,0,0,0
2026-06-16 22:00:00,TX-DELTA-04,132.68,596.05,74.89,44.74,57.15,18.61,2.886,37.14,27.84,2.77,0.901,1,Clear,19.84,0,12.41,26.13,136.98,123.42,0.0746,0.7496,22,-0.5,0.866,0,1,0,0,0
2026-06-16 23:00:00,TX-DELTA-04,132.79,612.49,76.62,41.35,54.15,14.83,2.677,11.21,29.77,3.18,0.909,1,Rainy,19.59,0,12.8,26.52,140.87,128.05,0.2837,2.6557,23,-0.2588,0.9659,0,0,0,0,1
2026-06-17 00:00:00,TX-DELTA-04,131.2,621.99,76.35,38.89,52.18,14.52,2.955,12.35,30.33,1.03,0.933,1,Rainy,21.1,0,13.29,24.37,141.34,131.87,0.0834,2.4559,0,0.0,1.0,0,0,0,0,1
2026-06-17 01:00:00,TX-DELTA-04,133.4,652.74,80.26,40.07,53.67,12.49,2.59,15.36,8.85,2.22,0.915,1,Clear,21.19,0,13.6,27.58,150.82,138.0,0.1445,0.5762,1,0.2588,0.9659,0,1,0,0,0
2026-06-17 02:00:00,TX-DELTA-04,131.08,611.32,75.21,35.24,49.16,10.43,2.584,17.99,13.06,0.76,0.943,1,Clear,18.21,0,13.92,24.81,138.79,130.88,0.0422,0.726,2,0.5,0.866,0,1,0,0,0
2026-06-17 03:00:00,TX-DELTA-04,130.78,528.83,65.33,34.25,44.67,13.08,2.207,21.07,23.52,0.44,0.924,1,Clear,10.18,0,10.42,21.17,119.79,110.69,0.0209,1.1163,3,0.7071,0.7071,0,1,0,0,0
2026-06-17 04:00:00,TX-DELTA-04,130.32,444.3,56.24,37.09,44.39,12.2,2.085,20.53,21.28,2.03,0.913,0,Clear,4.15,0,7.3,24.89,100.29,91.56,0.0989,1.0365,4,0.866,0.5,0,1,0,0,0
2026-06-17 05:00:00,TX-DELTA-04,132.31,493.33,59.87,39.18,47.9,14.64,2.009,10.37,10.15,2.46,0.953,0,Rainy,5.81,0,8.72,24.54,113.06,107.75,0.2372,0.9788,5,0.9659,0.2588,0,0,0,0,1
2026-06-17 06:00:00,TX-DELTA-04,131.77,438.49,54.8,37.36,44.37,18.52,2.392,17.91,17.96,0.57,0.882,0,Rainy,5.15,0,7.01,18.84,100.08,88.27,0.0318,1.0028,6,1.0,0.0,0,0,0,0,1
2026-06-17 07:00:00,TX-DELTA-04,133.19,418.49,54.48,42.06,49.91,19.61,2.004,11.8,10.04,3.42,0.857,0,Overcast,2.64,0,7.85,22.45,96.54,82.73,0.2898,0.8508,7,0.9659,-0.2588,0,0,0,1,0
2026-06-17 08:00:00,TX-DELTA-04,130.71,462.91,59.62,48.11,56.44,22.79,2.429,36.54,22.5,3.87,0.949,0,Clear,8.18,0,8.33,25.32,104.8,99.46,0.1059,0.6158,8,0.866,-0.5,0,1,0,0,0
2026-06-17 09:00:00,TX-DELTA-04,130.7,991.14,123.89,49.59,90.71,25.11,2.55,28.05,11.88,2.44,0.917,1,Overcast,59.41,1,41.12,24.48,224.37,205.75,0.087,0.4235,9,0.7071,-0.7071,1,0,0,1,0
2026-06-17 10:00:00,TX-DELTA-04,133.44,600.42,76.0,53.16,66.96,28.44,2.555,12.96,21.49,0.89,0.977,1,Clear,24.3,0,13.8,24.72,138.77,135.58,0.0687,1.6582,10,0.5,-0.866,1,1,0,0,0
2026-06-17 11:00:00,TX-DELTA-04,130.55,648.0,79.95,81.49,104.23,28.51,2.784,36.73,10.85,1.02,0.947,0,Clear,69.03,1,22.74,52.98,146.53,138.76,0.0278,0.2954,11,0.2588,-0.9659,1,1,0,0,0
2026-06-17 12:00:00,TX-DELTA-04,132.61,606.9,76.15,54.49,67.34,31.4,2.807,36.46,23.44,2.23,0.935,1,Clear,26.21,0,12.85,23.09,139.4,130.34,0.0612,0.6429,12,0.0,-1.0,1,1,0,0,0
2026-06-17 13:00:00,TX-DELTA-04,129.51,612.1,76.95,60.16,74.2,33.36,2.657,22.61,8.31,0.4,0.897,1,Overcast,31.49,0,14.04,26.8,137.3,123.16,0.0177,0.3675,13,-0.2588,-0.9659,0,0,0,1,0
2026-06-17 14:00:00,TX-DELTA-04,131.45,580.4,73.72,55.36,67.4,33.03,2.6,34.34,19.3,3.37,0.973,1,Overcast,23.61,0,12.04,22.33,132.14,128.57,0.0981,0.562,14,-0.5,-0.866,0,0,0,1,0
2026-06-17 15:00:00,TX-DELTA-04,132.34,512.0,64.77,52.35,62.4,32.38,2.148,13.07,10.56,0.28,0.957,1,Clear,11.51,0,10.05,19.97,117.36,112.31,0.0214,0.808,15,-0.7071,-0.7071,0,1,0,0,0
